Unit	F	f_feminin	score_feminin	f_manuel	score_manuel	f_masculin	score_masculin
，	4472	1702	-12.1426	1351	75.4905	1419	-17.7211
。	1843	594	-21.599	647	57.9512	602	-5.3623
“	982	317	-11.5746	375	42.3263	290	-7.2394
”	982	317	-11.5746	375	42.3263	290	-7.2394
：	928	307	-9.4966	336	32.5836	285	-5.2043
了	548	303	8.5462	0	-52.326	245	3.517
！	445	159	-2.9513	148	11.2983	138	-2.6447
道	419	242	9.2502	0	-39.9177	177	1.5908
？	314	107	-3.0918	127	16.9735	80	-5.4409
的	309	181	7.7148	0	-29.3814	128	1.062
你	304	190	11.392	0	-28.9034	114	-0.2817
那	263	169	11.6665	0	-24.9874	94	-0.5259
唐僧	247	152	8.5793	5	-16.6061	90	-0.41
我	242	155	10.6014	0	-22.9837	87	-0.4792
是	234	131	4.4331	1	-20.4541	102	1.4881
八戒	226	120	2.8996	8	-12.0997	98	1.3893
悟空	225	141	8.7606	12	-9.1635	72	-1.313
师父	195	103	2.483	20	-3.4998	72	-0.3343
这	189	136	15.2965	0	-17.9335	53	-2.4205
便	180	128	13.797	0	-17.0769	52	-2.034
在	166	96	4.1259	0	-15.7448	70	0.9085
去	140	77	2.5856	0	-13.2727	63	1.3807
得	118	80	7.3877	0	-11.1827	38	-0.8687
也	117	63	1.9569	0	-11.0878	54	1.4652
妖精	115	82	9.191	0	-10.8979	33	-1.5278
见	111	50	0.4456	0	-10.5181	61	3.8603
、	110	21	-6.9702	54	11.4885	35	-0.8968
说	108	39	-1.043	2	-7.6625	67	6.6931
行者	104	16	-8.7851	4	-5.5669	84	18.733
闻言	103	78	10.9103	0	-9.7587	25	-2.5273
女王	90	65	7.7814	1	-7.1638	24	-1.702
来	90	52	2.5006	0	-8.5251	38	0.6838
；	89	10	-10.1449	60	21.9214	19	-3.0982
她	89	85	25.8624	0	-8.4302	4	-12.6678
不	88	57	4.5405	0	-8.3353	31	-0.4293
与	85	46	1.6136	0	-8.0507	39	1.1528
却	83	49	2.6525	0	-7.861	34	0.5316
着	83	40	0.7124	0	-7.861	43	2.2579
女子	82	50	3.1317	0	-7.7662	32	0.3666
心中	80	52	4.2568	0	-7.5765	28	-0.4362
有	78	29	-0.7403	0	-7.3868	49	5.2924
他	76	9	-8.3975	0	-7.1972	67	19.2154
又	74	43	2.2222	0	-7.0075	31	0.5956
沙僧	73	37	0.9561	1	-5.6383	35	1.3561
老猪	73	48	4.1635	0	-6.9127	25	-0.4858
好	68	29	-0.2728	12	-0.3829	27	0.3994
罢	62	34	1.4097	0	-5.87	28	0.8749
忙	61	46	6.6002	0	-5.7752	15	-1.6404
御弟	59	33	1.5241	0	-5.5856	26	0.7395
哥哥	58	18	-1.3633	8	-0.7613	32	2.3323
俺	58	30	0.9555	0	-5.4909	28	1.2137
被	53	24	0.3826	0	-5.0171	29	2.0959
都	52	20	-0.5122	0	-4.9223	32	3.4258
将	52	34	3.048	0	-4.9223	18	-0.4084
只见	51	29	1.5065	1	-3.6994	21	0.4649
一个	51	26	0.8152	0	-4.8276	25	1.2092
个	50	31	2.297	0	-4.7328	19	0.2795
妇人	50	28	1.3702	0	-4.7328	22	0.6769
等	49	40	7.5092	0	-4.6381	9	-2.5096
上	48	22	0.4048	0	-4.5434	26	1.8593
大	47	35	4.9488	0	-4.4486	12	-1.236
还	45	27	1.8082	0	-4.2592	18	0.3767
听	44	23	0.869	0	-4.1645	21	0.9673
一声	44	23	0.869	0	-4.1645	21	0.9673
师徒	44	24	1.0957	0	-4.1645	20	0.7564
要	44	23	0.869	0	-4.1645	21	0.9673
女	43	28	2.562	0	-4.0698	15	-0.3706
若	43	33	5.1782	0	-4.0698	10	-1.4588
陛下	42	27	2.3723	2	-2.1802	13	-0.6236
…	42	10	-2.0939	2	-2.1802	30	5.0743
师姐	42	42	15.4477	0	-3.975	0	-8.5859
走	41	17	-0.3087	0	-3.8803	24	2.2993
人	40	28	3.3123	0	-3.7856	12	-0.6826
且	40	21	0.8437	0	-3.7856	19	0.8943
打	39	26	2.6282	0	-3.6909	13	-0.4454
长老	38	5	-4.0842	4	-0.959	29	5.895
叫	38	16	-0.277	1	-2.5851	21	1.7083
可	38	18	0.4615	0	-3.5962	20	1.3856
贫僧	37	16	0.2623	0	-3.5015	21	1.8716
把	37	13	-0.6658	0	-3.5015	24	3.1702
老孙	37	19	0.7183	0	-3.5015	18	0.9565
呆子	36	14	-0.4228	5	-0.5739	17	0.8198
吃	36	18	0.6133	0	-3.4068	18	1.0656
’	35	3	-5.0272	24	9.386	8	-1.3064
我们	35	11	-0.9445	0	-3.3121	24	3.7204
笑	34	17	0.5974	0	-3.2174	17	1.0283
请	33	16	0.4993	0	-3.1228	17	1.1491
待	33	20	1.5122	0	-3.1228	13	0.3214
看	32	21	2.0962	0	-3.0281	11	-0.3639
只是	31	18	1.1905	0	-2.9334	13	0.4335
见状	31	30	9.7721	0	-2.9334	1	-5.0426
她们	31	22	2.8302	0	-2.9334	9	-0.6646
菩萨	30	17	1.0409	1	-1.9193	12	0.3399
徒弟	30	10	-0.7183	1	-1.9193	19	2.4376
对	30	18	1.3509	0	-2.8387	12	0.3399
就	30	11	-0.5102	0	-2.8387	19	2.4376
这般	30	26	6.0443	0	-2.8387	4	-2.4647
庄院	30	23	3.7469	0	-2.8387	7	-1.1243
到	29	15	0.6589	0	-2.7441	14	0.803
‘	28	3	-3.6073	17	5.6889	8	-0.6596
金箍棒	28	11	-0.3709	0	-2.6494	17	1.9709
取经	28	11	-0.3709	0	-2.6494	17	1.9709
七个	28	13	0.3734	0	-2.6494	15	1.2126
快	27	12	0.2928	0	-2.5547	15	1.3659
一	26	19	2.7448	0	-2.4601	7	-0.7416
和尚	26	16	1.3639	0	-2.4601	10	0.2722
和	26	16	1.3639	0	-2.4601	10	0.2722
咱们	26	24	6.7717	0	-2.4601	2	-3.1859
你们	26	15	1.0306	0	-2.4601	11	0.425
们	25	11	0.2735	0	-2.3654	14	1.3344
女儿	25	18	2.5064	0	-2.3654	7	-0.6555
既	25	15	1.1912	0	-2.3654	10	0.3248
已	25	12	0.4265	0	-2.3654	13	0.9999
四人	25	17	1.999	0	-2.3654	8	-0.4386
不知	24	15	1.3748	0	-2.2707	9	-0.2298
生	24	19	3.4865	0	-2.2707	5	-1.1822
昴	24	11	0.3343	0	-2.2707	13	1.1421
里	23	12	0.6113	0	-2.1761	11	0.6807
虽	23	15	1.5852	0	-2.1761	8	-0.3142
不敢	23	10	0.2536	0	-2.1761	13	1.3033
忽	23	13	0.8726	0	-2.1761	10	0.4578
什么	23	17	2.5875	0	-2.1761	6	-0.7438
婆婆	22	9	-0.2888	2	-0.7793	11	0.7929
正	22	13	1.0253	0	-2.0814	9	0.347
有些	22	13	1.0253	0	-2.0814	9	0.347
再	22	10	0.3137	0	-2.0814	12	1.1066
原来	22	8	-0.4604	0	-2.0814	14	1.9364
但	22	10	0.3137	0	-2.0814	12	1.1066
上前	22	12	0.7281	0	-2.0814	10	0.5411
出	22	12	0.7281	0	-2.0814	10	0.5411
吧	22	12	0.7281	0	-2.0814	10	0.5411
三个	22	10	0.3137	0	-2.0814	12	1.1066
日星	22	11	0.4927	0	-2.0814	11	0.7929
半合	22	0	-5.3582	0	-2.0814	22	9.3714
行者道	21	0	-5.1145	21	14.8887	0	-4.2912
欲	21	18	4.1701	0	-1.9868	3	-1.7134
西天	21	10	0.3861	0	-1.9868	11	0.922
钉耙	21	11	0.5947	0	-1.9868	10	0.638
寡人	21	11	0.5947	0	-1.9868	10	0.638
正是	20	8	-0.3102	5	0.454	7	-0.2949
喝道	20	12	1.0255	1	-1.1235	7	-0.2949
三人	20	9	0.2921	0	-1.8922	11	1.0709
想	20	12	1.0255	0	-1.8922	8	0.3072
哪里	20	8	-0.3102	0	-1.8922	12	1.4634
才	20	9	0.2921	0	-1.8922	11	1.0709
乃	20	13	1.4098	0	-1.8922	7	-0.2949
向	20	16	3.0894	0	-1.8922	4	-1.104
乃是	20	15	2.4315	0	-1.8922	5	-0.7491
洞	20	11	0.7154	0	-1.8922	9	0.4979
如意	20	14	1.8755	0	-1.8922	6	-0.4846
蝎子	20	11	0.7154	0	-1.8922	9	0.4979
变	19	7	-0.414	2	-0.5999	10	0.8819
今日	19	6	-0.6505	0	-1.7975	13	2.2078
让	19	13	1.6521	0	-1.7975	6	-0.4085
便是	19	13	1.6521	0	-1.7975	6	-0.4085
官	19	11	0.8585	0	-1.7975	8	0.3738
倒	18	7	-0.3351	0	-1.7029	11	1.4427
只	18	5	-0.8407	0	-1.7029	13	2.5261
不是	18	8	0.2694	0	-1.7029	10	1.0351
啊	18	3	-1.7318	0	-1.7029	15	4.0394
些	18	13	1.9377	0	-1.7029	5	-0.5593
喝	18	12	1.4369	0	-1.7029	6	-0.338
本相	18	12	1.4369	0	-1.7029	6	-0.338
圣僧	18	11	1.0284	0	-1.7029	7	0.267
出家人	17	13	2.2777	0	-1.6082	4	-0.7591
吓	17	9	0.56	0	-1.6082	8	0.5486
西行	17	10	0.8535	0	-1.6082	7	0.3303
二	17	15	3.8257	0	-1.6082	2	-1.693
八戒说	16	0	-3.8964	16	11.3416	0	-3.2691
厉害	16	8	0.4309	4	0.415	4	-0.6536
地	16	8	0.4309	0	-1.5136	8	0.6624
出来	16	8	0.4309	0	-1.5136	8	0.6624
中	16	12	2.019	0	-1.5136	4	-0.6536
忽见	16	9	0.6908	0	-1.5136	7	0.4074
美貌	16	15	4.5326	0	-1.5136	1	-2.2432
定	16	10	1.0349	0	-1.5136	6	-0.2156
白骨精	16	2	-1.9882	0	-1.5136	14	4.2567
大怒	16	8	0.4309	0	-1.5136	8	0.6624
前	16	11	1.4735	0	-1.5136	5	-0.3914
如今	16	9	0.6908	0	-1.5136	7	0.4074
眼中	16	8	0.4309	0	-1.5136	8	0.6624
而	16	5	-0.6058	0	-1.5136	11	1.9499
行者说	15	0	-3.6528	15	10.6323	0	-3.0648
从	15	9	0.8506	0	-1.419	6	0.2857
给	15	6	-0.2855	0	-1.419	9	1.1874
住	15	9	0.8506	0	-1.419	6	0.2857
随	15	12	2.4057	0	-1.419	3	-0.8985
望	15	10	1.2548	0	-1.419	5	-0.3169
之	15	6	-0.2855	0	-1.419	9	1.1874
下	15	6	-0.2855	0	-1.419	9	1.1874
女儿国	15	9	0.8506	0	-1.419	6	0.2857
只得	15	10	1.2548	0	-1.419	5	-0.3169
女童	15	14	4.1917	0	-1.419	1	-2.0641
不多时	14	6	-0.2154	2	-0.3332	6	0.3596
筋斗云	14	6	-0.2154	0	-1.3244	8	0.9634
白骨	14	11	2.1286	0	-1.3244	3	-0.7768
大喜	14	11	2.1286	0	-1.3244	3	-0.7768
甚	14	11	2.1286	0	-1.3244	3	-0.7768
顿时	14	13	3.8525	0	-1.3244	1	-1.8867
性命	14	8	0.6792	0	-1.3244	6	0.3596
暗道	14	13	3.8525	0	-1.3244	1	-1.8867
做	14	3	-1.071	0	-1.3244	11	2.6695
不如	14	9	1.0467	0	-1.3244	5	-0.2494
看看	14	7	0.4078	0	-1.3244	7	0.6156
往	14	7	0.4078	0	-1.3244	7	0.6156
琵琶	14	7	0.4078	0	-1.3244	7	0.6156
妖怪	14	1	-2.3473	0	-1.3244	13	4.576
唐僧说	13	0	-3.1656	13	9.2139	0	-2.656
放心	13	7	0.5226	0	-1.2298	6	0.4516
合掌	13	10	1.8581	0	-1.2298	3	-0.6604
泼	13	5	-0.3115	0	-1.2298	8	1.163
人家	13	6	0.2908	0	-1.2298	7	0.7556
一旁	13	10	1.8581	0	-1.2298	3	-0.6604
唐僧见	13	10	1.8581	0	-1.2298	3	-0.6604
老	13	3	-0.9187	0	-1.2298	10	2.3422
施主	13	1	-2.1331	0	-1.2298	12	4.1809
为	13	4	-0.5579	0	-1.2298	9	1.6863
且慢	13	11	2.5833	0	-1.2298	2	-1.0882
这里	13	7	0.5226	0	-1.2298	6	0.4516
泉水	13	7	0.5226	0	-1.2298	6	0.4516
来到	13	9	1.2898	0	-1.2298	4	-0.3724
钩	13	8	0.8507	0	-1.2298	5	0.2397
转身	13	5	-0.3115	0	-1.2298	8	1.163
一阵	13	8	0.8507	0	-1.2298	5	0.2397
岂	13	7	0.5226	0	-1.2298	6	0.4516
宫中	13	13	4.778	0	-1.2298	0	-2.656
精	13	7	0.5226	0	-1.2298	6	0.4516
问	13	2	-1.426	0	-1.2298	11	3.1572
出去	13	10	1.8581	0	-1.2298	3	-0.6604
丝线	13	13	4.778	0	-1.2298	0	-2.656
八戒道	12	0	-2.922	12	8.5048	0	-2.4517
常言道	12	0	-2.922	9	4.2869	3	-0.55
如何	12	7	0.6686	1	-0.5418	4	-0.2927
大圣	12	1	-1.9209	0	-1.1351	11	3.7881
间	12	8	1.0665	0	-1.1351	4	-0.2927
云头	12	7	0.6686	0	-1.1351	5	0.3095
连忙	12	6	0.3828	0	-1.1351	6	0.5664
回来	12	7	0.6686	0	-1.1351	5	0.3095
地上	12	8	1.0665	0	-1.1351	4	-0.2927
现出	12	7	0.6686	0	-1.1351	5	0.3095
肚子	12	7	0.6686	0	-1.1351	5	0.3095
小	12	7	0.6686	0	-1.1351	5	0.3095
两个	12	2	-1.2467	0	-1.1351	10	2.8
救	12	6	0.3828	0	-1.1351	6	0.5664
此处	12	11	3.1805	0	-1.1351	1	-1.5373
追	12	6	0.3828	0	-1.1351	6	0.5664
多谢	12	7	0.6686	0	-1.1351	5	0.3095
事	12	5	-0.2323	0	-1.1351	7	0.9281
能	12	6	0.3828	0	-1.1351	6	0.5664
生得	12	7	0.6686	0	-1.1351	5	0.3095
水中	12	10	2.2834	0	-1.1351	2	-0.946
那怪	12	0	-2.922	0	-1.1351	12	5.1103
留下	11	4	-0.344	0	-1.0405	7	1.1428
猴	11	6	0.5026	0	-1.0405	5	0.3989
知道	11	5	0.2619	0	-1.0405	6	0.7106
使	11	4	-0.344	0	-1.0405	7	1.1428
模样	11	10	2.8484	0	-1.0405	1	-1.366
敢	11	4	-0.344	0	-1.0405	7	1.1428
回	11	6	0.5026	0	-1.0405	5	0.3989
进	11	6	0.5026	0	-1.0405	5	0.3989
女国	11	11	4.0428	0	-1.0405	0	-2.2473
自己	11	7	0.8557	0	-1.0405	4	-0.2212
进去	11	6	0.5026	0	-1.0405	5	0.3989
不见	11	4	-0.344	0	-1.0405	7	1.1428
此	11	6	0.5026	0	-1.0405	5	0.3989
一只	11	4	-0.344	0	-1.0405	7	1.1428
星官	11	3	-0.635	0	-1.0405	8	1.7132
谁	11	7	0.8557	0	-1.0405	4	-0.2212
三位	11	4	-0.344	0	-1.0405	7	1.1428
悟空说	10	0	-2.4349	10	7.0868	0	-2.043
悟空道	10	0	-2.4349	10	7.0868	0	-2.043
没事	10	2	-0.9039	2	0.2139	6	0.8936
孙悟空	10	4	-0.2528	1	-0.4101	5	0.514
疼	10	0	-2.4349	3	0.5097	7	1.4147
化作	10	6	0.6597	0	-0.9459	4	0.2566
好生	10	8	1.7017	0	-0.9459	2	-0.6766
竟敢	10	8	1.7017	0	-0.9459	2	-0.6766
孽畜	10	4	-0.2528	0	-0.9459	6	0.8936
此时	10	9	2.5194	0	-0.9459	1	-1.1974
如何是好	10	9	2.5194	0	-0.9459	1	-1.1974
他们	10	4	-0.2528	0	-0.9459	6	0.8936
言	10	8	1.7017	0	-0.9459	2	-0.6766
大唐	10	5	0.3553	0	-0.9459	5	0.514
会	10	10	3.6751	0	-0.9459	0	-2.043
须	10	8	1.7017	0	-0.9459	2	-0.6766
真仙	10	7	1.0987	0	-0.9459	3	-0.3505
不肯	10	2	-0.9039	0	-0.9459	8	2.1042
王闻言	10	10	3.6751	0	-0.9459	0	-2.043
答应	10	7	1.0987	0	-0.9459	3	-0.3505
带	10	8	1.7017	0	-0.9459	2	-0.6766
还是	10	4	-0.2528	0	-0.9459	6	0.8936
面前	10	5	0.3553	0	-0.9459	5	0.514
成亲	10	8	1.7017	0	-0.9459	2	-0.6766
一下	10	6	0.6597	0	-0.9459	4	0.2566
举起	10	5	0.3553	0	-0.9459	5	0.514
孙大圣	10	5	0.3553	0	-0.9459	5	0.514
哎呀	10	10	3.6751	0	-0.9459	0	-2.043
悟	10	5	0.3553	0	-0.9459	5	0.514
喜	10	6	0.6597	0	-0.9459	4	0.2566
不可	9	6	0.8685	2	0.2591	1	-1.032
洗澡	9	5	0.4813	1	-0.3475	3	-0.2634
也罢	9	5	0.4813	2	0.2591	2	-0.5509
摇身一变	9	4	0.2297	1	-0.3475	4	0.3422
娘	9	2	-0.7423	7	3.5666	0	-1.8386
几个	9	5	0.4813	0	-0.8513	4	0.3422
怕	9	9	3.3075	0	-0.8513	0	-1.8386
却说	9	7	1.4224	0	-0.8513	2	-0.5509
抬头	9	4	0.2297	0	-0.8513	5	0.6636
怎么	9	3	-0.3864	0	-0.8513	6	1.1296
分明	9	8	2.1942	0	-0.8513	1	-1.032
继续	9	5	0.4813	0	-0.8513	4	0.3422
不好	9	6	0.8685	0	-0.8513	3	-0.2634
更	9	4	0.2297	0	-0.8513	5	0.6636
饶	9	6	0.8685	0	-0.8513	3	-0.2634
老婆婆	9	8	2.1942	0	-0.8513	1	-1.032
水	9	5	0.4813	0	-0.8513	4	0.3422
只觉	9	6	0.8685	0	-0.8513	3	-0.2634
一座	9	2	-0.7423	0	-0.8513	7	1.7682
解阳山	9	5	0.4813	0	-0.8513	4	0.3422
洞里	9	4	0.2297	0	-0.8513	5	0.6636
观音菩萨	9	3	-0.3864	0	-0.8513	6	1.1296
想到	9	9	3.3075	0	-0.8513	0	-1.8386
那些	9	5	0.4813	0	-0.8513	4	0.3422
脱身	9	7	1.4224	0	-0.8513	2	-0.5509
挑着	9	6	0.8685	0	-0.8513	3	-0.2634
担子	9	5	0.4813	0	-0.8513	4	0.3422
猪八戒	9	6	0.8685	0	-0.8513	3	-0.2634
一顿	9	5	0.4813	0	-0.8513	4	0.3422
斋饭	9	2	-0.7423	0	-0.8513	7	1.7682
坐	9	2	-0.7423	0	-0.8513	7	1.7682
不必	9	3	-0.3864	0	-0.8513	6	1.1296
径往	9	8	2.1942	0	-0.8513	1	-1.032
败下阵来	9	7	1.4224	0	-0.8513	2	-0.5509
死	9	6	0.8685	0	-0.8513	3	-0.2634
富贵	9	9	3.3075	0	-0.8513	0	-1.8386
那星官	9	2	-0.7423	0	-0.8513	7	1.7682
等候	9	7	1.4224	0	-0.8513	2	-0.5509
女妖精	9	9	3.3075	0	-0.8513	0	-1.8386
小妖	9	0	-2.1914	0	-0.8513	9	3.8324
师兄	8	0	-1.9479	1	-0.2873	7	2.2503
大哥	8	0	-1.9479	2	0.3152	6	1.4425
猴哥	8	0	-1.9479	4	1.2808	4	0.4571
真真	8	5	0.6538	1	-0.2873	2	-0.4327
收	8	6	1.1528	0	-0.7567	2	-0.4327
嘴	8	2	-0.5891	0	-0.7567	6	1.4425
俊俏	8	8	2.94	0	-0.7567	0	-1.6343
掣出	8	6	1.1528	0	-0.7567	2	-0.4327
骗	8	6	1.1528	0	-0.7567	2	-0.4327
头痛	8	8	2.94	0	-0.7567	0	-1.6343
真是	8	3	-0.2791	0	-0.7567	5	0.8612
几分	8	3	-0.2791	0	-0.7567	5	0.8612
一棒	8	2	-0.5891	0	-0.7567	6	1.4425
回去	8	4	0.3242	0	-0.7567	4	0.4571
一路	8	5	0.6538	0	-0.7567	3	-0.1865
如此	8	7	1.8737	0	-0.7567	1	-0.8704
捂着	8	1	-1.1018	0	-0.7567	7	2.2503
哼哼唧唧	8	5	0.6538	0	-0.7567	3	-0.1865
一番	8	5	0.6538	0	-0.7567	3	-0.1865
门前	8	4	0.3242	0	-0.7567	4	0.4571
罢了	8	5	0.6538	0	-0.7567	3	-0.1865
无	8	3	-0.2791	0	-0.7567	5	0.8612
孩子	8	2	-0.5891	0	-0.7567	6	1.4425
落胎	8	5	0.6538	0	-0.7567	3	-0.1865
这些	8	2	-0.5891	0	-0.7567	6	1.4425
下来	8	4	0.3242	0	-0.7567	4	0.4571
一处	8	2	-0.5891	0	-0.7567	6	1.4425
回到	8	3	-0.2791	0	-0.7567	5	0.8612
放	8	6	1.1528	0	-0.7567	2	-0.4327
起身	8	5	0.6538	0	-0.7567	3	-0.1865
无奈	8	7	1.8737	0	-0.7567	1	-0.8704
飞	8	3	-0.2791	0	-0.7567	5	0.8612
还要	8	6	1.1528	0	-0.7567	2	-0.4327
众	8	2	-0.5891	0	-0.7567	6	1.4425
倒换	8	5	0.6538	0	-0.7567	3	-0.1865
甚么	8	1	-1.1018	0	-0.7567	7	2.2503
路	8	1	-1.1018	0	-0.7567	7	2.2503
蛰	8	8	2.94	0	-0.7567	0	-1.6343
现了	8	5	0.6538	0	-0.7567	3	-0.1865
休	8	2	-0.5891	0	-0.7567	6	1.4425
正在	8	2	-0.5891	0	-0.7567	6	1.4425
金光	8	2	-0.5891	0	-0.7567	6	1.4425
星	8	1	-1.1018	0	-0.7567	7	2.2503
官道	8	1	-1.1018	0	-0.7567	7	2.2503
马	8	3	-0.2791	0	-0.7567	5	0.8612
高耸	8	1	-1.1018	0	-0.7567	7	2.2503
抓耳挠腮	8	6	1.1528	0	-0.7567	2	-0.4327
娘子	8	8	2.94	0	-0.7567	0	-1.6343
那真仙	8	0	-1.9479	0	-0.7567	8	3.4065
哥	8	0	-1.9479	0	-0.7567	8	3.4065
莫念	7	2	-0.4458	5	2.3745	0	-1.43
二哥	7	0	-1.7043	3	0.8518	4	0.6137
爷爷	7	4	0.4584	1	-0.2302	2	-0.3234
兄弟	7	0	-1.7043	3	0.8518	4	0.6137
爱爱	7	4	0.4584	1	-0.2302	2	-0.3234
纵起	7	3	-0.1857	0	-0.6621	4	0.6137
钵盂	7	3	-0.1857	0	-0.6621	4	0.6137
受	7	4	0.4584	0	-0.6621	3	0.2797
变作个	7	2	-0.4458	0	-0.6621	5	1.1297
姐姐	7	6	1.5589	0	-0.6621	1	-0.7136
莫不是	7	3	-0.1857	0	-0.6621	4	0.6137
特	7	6	1.5589	0	-0.6621	1	-0.7136
大惊	7	4	0.4584	0	-0.6621	3	0.2797
尾巴	7	6	1.5589	0	-0.6621	1	-0.7136
杀	7	4	0.4584	0	-0.6621	3	0.2797
仍	7	1	-0.9075	0	-0.6621	6	1.8781
点头	7	7	2.5724	0	-0.6621	0	-1.43
前方	7	4	0.4584	0	-0.6621	3	0.2797
多	7	4	0.4584	0	-0.6621	3	0.2797
哎哟	7	4	0.4584	0	-0.6621	3	0.2797
师妹	7	7	2.5724	0	-0.6621	0	-1.43
孙去	7	2	-0.4458	0	-0.6621	5	1.1297
村舍	7	3	-0.1857	0	-0.6621	4	0.6137
合十	7	3	-0.1857	0	-0.6621	4	0.6137
东土	7	4	0.4584	0	-0.6621	3	0.2797
时	7	1	-0.9075	0	-0.6621	6	1.8781
进来	7	3	-0.1857	0	-0.6621	4	0.6137
三日	7	6	1.5589	0	-0.6621	1	-0.7136
之后	7	4	0.4584	0	-0.6621	3	0.2797
跑	7	3	-0.1857	0	-0.6621	4	0.6137
随后	7	5	0.8956	0	-0.6621	2	-0.3234
阿弥陀佛	7	5	0.8956	0	-0.6621	2	-0.3234
哼	7	1	-0.9075	0	-0.6621	6	1.8781
则	7	5	0.8956	0	-0.6621	2	-0.3234
推辞	7	4	0.4584	0	-0.6621	3	0.2797
果然	7	4	0.4584	0	-0.6621	3	0.2797
娇嗔	7	7	2.5724	0	-0.6621	0	-1.43
行李	7	1	-0.9075	0	-0.6621	6	1.8781
一个个	7	2	-0.4458	0	-0.6621	5	1.1297
三藏	7	2	-0.4458	0	-0.6621	5	1.1297
观看	7	5	0.8956	0	-0.6621	2	-0.3234
回头	7	3	-0.1857	0	-0.6621	4	0.6137
啐	7	7	2.5724	0	-0.6621	0	-1.43
驿丞	7	1	-0.9075	0	-0.6621	6	1.8781
自	7	2	-0.4458	0	-0.6621	5	1.1297
起	7	1	-0.9075	0	-0.6621	6	1.8781
谢	7	3	-0.1857	0	-0.6621	4	0.6137
一片	7	3	-0.1857	0	-0.6621	4	0.6137
上马	7	6	1.5589	0	-0.6621	1	-0.7136
十分	7	4	0.4584	0	-0.6621	3	0.2797
破	7	1	-0.9075	0	-0.6621	6	1.8781
那女	7	7	2.5724	0	-0.6621	0	-1.43
石门	7	4	0.4584	0	-0.6621	3	0.2797
亭子	7	1	-0.9075	0	-0.6621	6	1.8781
用	7	2	-0.4458	0	-0.6621	5	1.1297
门外	7	3	-0.1857	0	-0.6621	4	0.6137
头	7	2	-0.4458	0	-0.6621	5	1.1297
濯	7	4	0.4584	0	-0.6621	3	0.2797
垢	7	4	0.4584	0	-0.6621	3	0.2797
只有	7	2	-0.4458	0	-0.6621	5	1.1297
跳出	7	0	-1.7043	0	-0.6621	7	2.9806
光明	7	0	-1.7043	0	-0.6621	7	2.9806
贪恋	7	0	-1.7043	0	-0.6621	7	2.9806
戒律	7	0	-1.7043	0	-0.6621	7	2.9806
善哉	6	0	-1.4608	6	4.2514	0	-1.2257
唐僧道	6	0	-1.4608	6	4.2514	0	-1.2257
猴头	6	4	0.654	2	0.4762	0	-1.2257
沙僧说	6	0	-1.4608	6	4.2514	0	-1.2257
行者问	6	0	-1.4608	6	4.2514	0	-1.2257
不一会儿	6	0	-1.4608	5	2.8418	1	-0.5625
三藏道	6	0	-1.4608	6	4.2514	0	-1.2257
太师	6	5	1.2513	1	-0.1766	0	-1.2257
这样	6	3	0.2875	1	-0.1766	2	-0.225
大惊失色	6	3	0.2875	1	-0.1766	2	-0.225
作	6	4	0.654	0	-0.5675	2	-0.225
早已	6	4	0.654	0	-0.5675	2	-0.225
云端	6	4	0.654	0	-0.5675	2	-0.225
肉	6	6	2.2049	0	-0.5675	0	-1.2257
身边	6	5	1.2513	0	-0.5675	1	-0.5625
那个	6	3	0.2875	0	-0.5675	3	0.3932
手段	6	4	0.654	0	-0.5675	2	-0.225
看时	6	4	0.654	0	-0.5675	2	-0.225
半空中	6	3	0.2875	0	-0.5675	3	0.3932
一次	6	3	0.2875	0	-0.5675	3	0.3932
弟子	6	2	-0.315	0	-0.5675	4	0.8336
西	6	5	1.2513	0	-0.5675	1	-0.5625
还有	6	4	0.654	0	-0.5675	2	-0.225
马上	6	4	0.654	0	-0.5675	2	-0.225
怎	6	5	1.2513	0	-0.5675	1	-0.5625
疼痛	6	2	-0.315	0	-0.5675	4	0.8336
一身	6	4	0.654	0	-0.5675	2	-0.225
西粱	6	6	2.2049	0	-0.5675	0	-1.2257
男子	6	4	0.654	0	-0.5675	2	-0.225
一心	6	4	0.654	0	-0.5675	2	-0.225
向佛	6	4	0.654	0	-0.5675	2	-0.225
道人	6	2	-0.315	0	-0.5675	4	0.8336
送	6	3	0.2875	0	-0.5675	3	0.3932
一道	6	1	-0.7196	0	-0.5675	5	1.5135
找	6	3	0.2875	0	-0.5675	3	0.3932
手持	6	2	-0.315	0	-0.5675	4	0.8336
对手	6	3	0.2875	0	-0.5675	3	0.3932
洞前	6	4	0.654	0	-0.5675	2	-0.225
过	6	3	0.2875	0	-0.5675	3	0.3932
为师	6	1	-0.7196	0	-0.5675	5	1.5135
红尘	6	2	-0.315	0	-0.5675	4	0.8336
命人	6	4	0.654	0	-0.5675	2	-0.225
宫	6	3	0.2875	0	-0.5675	3	0.3932
弄	6	5	1.2513	0	-0.5675	1	-0.5625
起来	6	3	0.2875	0	-0.5675	3	0.3932
酒菜	6	6	2.2049	0	-0.5675	0	-1.2257
莫要	6	4	0.654	0	-0.5675	2	-0.225
安排	6	4	0.654	0	-0.5675	2	-0.225
寻找	6	4	0.654	0	-0.5675	2	-0.225
寻	6	4	0.654	0	-0.5675	2	-0.225
暗喜	6	3	0.2875	0	-0.5675	3	0.3932
歇息	6	4	0.654	0	-0.5675	2	-0.225
国	6	3	0.2875	0	-0.5675	3	0.3932
腰身	6	6	2.2049	0	-0.5675	0	-1.2257
富态	6	5	1.2513	0	-0.5675	1	-0.5625
的话	6	6	2.2049	0	-0.5675	0	-1.2257
招赘	6	5	1.2513	0	-0.5675	1	-0.5625
真切	6	5	1.2513	0	-0.5675	1	-0.5625
关文	6	6	2.2049	0	-0.5675	0	-1.2257
郎君	6	6	2.2049	0	-0.5675	0	-1.2257
嘟囔	6	2	-0.315	0	-0.5675	4	0.8336
动弹不得	6	4	0.654	0	-0.5675	2	-0.225
相迎	6	4	0.654	0	-0.5675	2	-0.225
大公鸡	6	3	0.2875	0	-0.5675	3	0.3932
脱险	6	3	0.2875	0	-0.5675	3	0.3932
岂可	6	4	0.654	0	-0.5675	2	-0.225
禅心	6	3	0.2875	0	-0.5675	3	0.3932
虚实	6	4	0.654	0	-0.5675	2	-0.225
站	6	3	0.2875	0	-0.5675	3	0.3932
怪	6	5	1.2513	0	-0.5675	1	-0.5625
暗骂	6	5	1.2513	0	-0.5675	1	-0.5625
毒	6	5	1.2513	0	-0.5675	1	-0.5625
嘴里	6	2	-0.315	0	-0.5675	4	0.8336
遭	6	6	2.2049	0	-0.5675	0	-1.2257
化斋	6	1	-0.7196	0	-0.5675	5	1.5135
传来	6	3	0.2875	0	-0.5675	3	0.3932
那里	6	1	-0.7196	0	-0.5675	5	1.5135
说说话	6	6	2.2049	0	-0.5675	0	-1.2257
看着	6	2	-0.315	0	-0.5675	4	0.8336
小心	6	1	-0.7196	0	-0.5675	5	1.5135
今年	6	6	2.2049	0	-0.5675	0	-1.2257
没	6	0	-1.4608	0	-0.5675	6	2.5547
瞬间	6	0	-1.4608	0	-0.5675	6	2.5547
急忙	6	0	-1.4608	0	-0.5675	6	2.5547
扎	6	0	-1.4608	0	-0.5675	6	2.5547
石桥	6	0	-1.4608	0	-0.5675	6	2.5547
女菩萨	5	0	-1.2173	5	3.5427	0	-1.0214
1	5	0	-1.2173	5	3.5427	0	-1.0214
/	5	0	-1.2173	5	3.5427	0	-1.0214
第三十章	5	1	-0.5398	2	0.5953	2	0.2084
真个	5	3	0.4332	0	-0.4729	2	0.2084
看见	5	1	-0.5398	0	-0.4729	4	1.1591
造化	5	3	0.4332	0	-0.4729	2	0.2084
一块	5	2	-0.1999	0	-0.4729	3	0.5598
眼珠	5	4	0.9535	0	-0.4729	1	-0.419
一转	5	4	0.9535	0	-0.4729	1	-0.419
儿	5	3	0.4332	0	-0.4729	2	0.2084
想必	5	4	0.9535	0	-0.4729	1	-0.419
正要	5	3	0.4332	0	-0.4729	2	0.2084
火眼金睛	5	3	0.4332	0	-0.4729	2	0.2084
哩	5	2	-0.1999	0	-0.4729	3	0.5598
一看	5	4	0.9535	0	-0.4729	1	-0.419
收拾	5	2	-0.1999	0	-0.4729	3	0.5598
行	5	4	0.9535	0	-0.4729	1	-0.419
手	5	2	-0.1999	0	-0.4729	3	0.5598
下马	5	4	0.9535	0	-0.4729	1	-0.419
四个	5	2	-0.1999	0	-0.4729	3	0.5598
只怕	5	4	0.9535	0	-0.4729	1	-0.419
方才	5	4	0.9535	0	-0.4729	1	-0.419
如	5	1	-0.5398	0	-0.4729	4	1.1591
紧	5	2	-0.1999	0	-0.4729	3	0.5598
险些	5	4	0.9535	0	-0.4729	1	-0.419
双手	5	4	0.9535	0	-0.4729	1	-0.419
跟	5	1	-0.5398	0	-0.4729	4	1.1591
沙	5	3	0.4332	0	-0.4729	2	0.2084
因为	5	2	-0.1999	0	-0.4729	3	0.5598
热汤	5	2	-0.1999	0	-0.4729	3	0.5598
皆	5	5	1.8373	0	-0.4729	0	-1.0214
眼睛	5	3	0.4332	0	-0.4729	2	0.2084
破儿	5	3	0.4332	0	-0.4729	2	0.2084
一眼	5	3	0.4332	0	-0.4729	2	0.2084
胎气	5	3	0.4332	0	-0.4729	2	0.2084
急	5	1	-0.5398	0	-0.4729	4	1.1591
离	5	1	-0.5398	0	-0.4729	4	1.1591
一股	5	4	0.9535	0	-0.4729	1	-0.419
按下	5	3	0.4332	0	-0.4729	2	0.2084
那道人	5	1	-0.5398	0	-0.4729	4	1.1591
客气	5	4	0.9535	0	-0.4729	1	-0.419
两人	5	5	1.8373	0	-0.4729	0	-1.0214
紧闭	5	2	-0.1999	0	-0.4729	3	0.5598
葫芦	5	5	1.8373	0	-0.4729	0	-1.0214
上来	5	3	0.4332	0	-0.4729	2	0.2084
再也	5	4	0.9535	0	-0.4729	1	-0.419
呢	5	3	0.4332	0	-0.4729	2	0.2084
不美哉	5	5	1.8373	0	-0.4729	0	-1.0214
便命	5	5	1.8373	0	-0.4729	0	-1.0214
不愿	5	5	1.8373	0	-0.4729	0	-1.0214
酒过三巡	5	4	0.9535	0	-0.4729	1	-0.419
自幼	5	3	0.4332	0	-0.4729	2	0.2084
打听	5	3	0.4332	0	-0.4729	2	0.2084
黑胖	5	5	1.8373	0	-0.4729	0	-1.0214
大耳	5	5	1.8373	0	-0.4729	0	-1.0214
哪	5	3	0.4332	0	-0.4729	2	0.2084
憨厚	5	3	0.4332	0	-0.4729	2	0.2084
一把	5	3	0.4332	0	-0.4729	2	0.2084
丑陋	5	2	-0.1999	0	-0.4729	3	0.5598
拜	5	2	-0.1999	0	-0.4729	3	0.5598
至	5	1	-0.5398	0	-0.4729	4	1.1591
殿	5	1	-0.5398	0	-0.4729	4	1.1591
浑身	5	3	0.4332	0	-0.4729	2	0.2084
酥软	5	3	0.4332	0	-0.4729	2	0.2084
似	5	2	-0.1999	0	-0.4729	3	0.5598
高徒	5	5	1.8373	0	-0.4729	0	-1.0214
可是	5	4	0.9535	0	-0.4729	1	-0.419
面色	5	5	1.8373	0	-0.4729	0	-1.0214
一变	5	5	1.8373	0	-0.4729	0	-1.0214
接	5	1	-0.5398	0	-0.4729	4	1.1591
吩咐	5	3	0.4332	0	-0.4729	2	0.2084
不过	5	4	0.9535	0	-0.4729	1	-0.419
摄	5	3	0.4332	0	-0.4729	2	0.2084
跳	5	4	0.9535	0	-0.4729	1	-0.419
赶来	5	4	0.9535	0	-0.4729	1	-0.419
大叫	5	5	1.8373	0	-0.4729	0	-1.0214
钉	5	1	-0.5398	0	-0.4729	4	1.1591
钯	5	1	-0.5398	0	-0.4729	4	1.1591
大小	5	2	-0.1999	0	-0.4729	3	0.5598
含泪	5	4	0.9535	0	-0.4729	1	-0.419
忘	5	4	0.9535	0	-0.4729	1	-0.419
跳上	5	1	-0.5398	0	-0.4729	4	1.1591
石屏	5	1	-0.5398	0	-0.4729	4	1.1591
花	5	1	-0.5398	0	-0.4729	4	1.1591
女怪	5	5	1.8373	0	-0.4729	0	-1.0214
转念	5	4	0.9535	0	-0.4729	1	-0.419
一想	5	4	0.9535	0	-0.4729	1	-0.419
筑	5	4	0.9535	0	-0.4729	1	-0.419
忒	5	2	-0.1999	0	-0.4729	3	0.5598
头上	5	1	-0.5398	0	-0.4729	4	1.1591
就是	5	3	0.4332	0	-0.4729	2	0.2084
洞中	5	1	-0.5398	0	-0.4729	4	1.1591
一叉	5	3	0.4332	0	-0.4729	2	0.2084
虚晃	5	1	-0.5398	0	-0.4729	4	1.1591
说话	5	3	0.4332	0	-0.4729	2	0.2084
约	5	2	-0.1999	0	-0.4729	3	0.5598
妖邪	5	2	-0.1999	0	-0.4729	3	0.5598
路旁	5	2	-0.1999	0	-0.4729	3	0.5598
究竟	5	5	1.8373	0	-0.4729	0	-1.0214
里面	5	2	-0.1999	0	-0.4729	3	0.5598
踢	5	1	-0.5398	0	-0.4729	4	1.1591
便觉	5	3	0.4332	0	-0.4729	2	0.2084
泉	5	3	0.4332	0	-0.4729	2	0.2084
看个	5	4	0.9535	0	-0.4729	1	-0.419
心思	5	3	0.4332	0	-0.4729	2	0.2084
报应	5	5	1.8373	0	-0.4729	0	-1.0214
一宿	5	3	0.4332	0	-0.4729	2	0.2084
挂	5	1	-0.5398	0	-0.4729	4	1.1591
门	5	1	-0.5398	0	-0.4729	4	1.1591
名唤	5	4	0.9535	0	-0.4729	1	-0.419
怜怜	5	3	0.4332	0	-0.4729	2	0.2084
且莫	5	1	-0.5398	0	-0.4729	4	1.1591
这位	5	3	0.4332	0	-0.4729	2	0.2084
我家	5	3	0.4332	0	-0.4729	2	0.2084
上路	5	0	-1.2173	0	-0.4729	5	2.1289
腹痛	5	0	-1.2173	0	-0.4729	5	2.1289
多少	5	0	-1.2173	0	-0.4729	5	2.1289
拿	5	0	-1.2173	0	-0.4729	5	2.1289
吊	5	0	-1.2173	0	-0.4729	5	2.1289
半合浊	5	0	-1.2173	0	-0.4729	5	2.1289
头疼	4	0	-0.9738	2	0.7589	2	0.3174
古人云	4	0	-0.9738	3	1.5923	1	-0.2853
别扭	4	0	-0.9738	2	0.7589	2	0.3174
沙和尚	4	1	-0.371	1	0.2354	2	0.3174
沙和尚说	4	0	-0.9738	4	2.8341	0	-0.8171
3	4	0	-0.9738	4	2.8341	0	-0.8171
女王道	4	0	-0.9738	4	2.8341	0	-0.8171
第三十一章	4	1	-0.371	2	0.7589	1	-0.2853
奶奶	4	2	0.2408	1	0.2354	1	-0.2853
这时	4	0	-0.9738	2	0.7589	2	0.3174
恕罪	4	0	-0.9738	2	0.7589	2	0.3174
有累	4	0	-0.9738	2	0.7589	2	0.3174
唐僧问	4	0	-0.9738	4	2.8341	0	-0.8171
天色已晚	4	1	-0.371	1	0.2354	2	0.3174
身上	4	2	0.2408	0	-0.3783	2	0.3174
之上	4	2	0.2408	0	-0.3783	2	0.3174
一具	4	4	1.4698	0	-0.3783	0	-0.8171
天地	4	4	1.4698	0	-0.3783	0	-0.8171
走出	4	4	1.4698	0	-0.3783	0	-0.8171
放下	4	2	0.2408	0	-0.3783	2	0.3174
香	4	2	0.2408	0	-0.3783	2	0.3174
早	4	2	0.2408	0	-0.3783	2	0.3174
逃	4	4	1.4698	0	-0.3783	0	-0.8171
战战兢兢	4	2	0.2408	0	-0.3783	2	0.3174
慈悲	4	2	0.2408	0	-0.3783	2	0.3174
猴子	4	3	0.6689	0	-0.3783	1	-0.2853
动	4	1	-0.371	0	-0.3783	3	0.8187
有人	4	4	1.4698	0	-0.3783	0	-0.8171
老妇人	4	3	0.6689	0	-0.3783	1	-0.2853
冷笑	4	1	-0.371	0	-0.3783	3	0.8187
快活	4	1	-0.371	0	-0.3783	3	0.8187
暗中	4	3	0.6689	0	-0.3783	1	-0.2853
唤	4	2	0.2408	0	-0.3783	2	0.3174
半空	4	3	0.6689	0	-0.3783	1	-0.2853
腹中	4	3	0.6689	0	-0.3783	1	-0.2853
之物	4	3	0.6689	0	-0.3783	1	-0.2853
一动	4	3	0.6689	0	-0.3783	1	-0.2853
不住	4	1	-0.371	0	-0.3783	3	0.8187
口气	4	2	0.2408	0	-0.3783	2	0.3174
为何	4	3	0.6689	0	-0.3783	1	-0.2853
落下	4	2	0.2408	0	-0.3783	2	0.3174
远去	4	3	0.6689	0	-0.3783	1	-0.2853
身子	4	4	1.4698	0	-0.3783	0	-0.8171
更是	4	1	-0.371	0	-0.3783	3	0.8187
慌忙	4	4	1.4698	0	-0.3783	0	-0.8171
觉得	4	2	0.2408	0	-0.3783	2	0.3174
特来	4	2	0.2408	0	-0.3783	2	0.3174
讨些	4	1	-0.371	0	-0.3783	3	0.8187
治治	4	1	-0.371	0	-0.3783	3	0.8187
怀胎	4	2	0.2408	0	-0.3783	2	0.3174
一听	4	2	0.2408	0	-0.3783	2	0.3174
子	4	4	1.4698	0	-0.3783	0	-0.8171
母河	4	2	0.2408	0	-0.3783	2	0.3174
取	4	3	0.6689	0	-0.3783	1	-0.2853
护住	4	1	-0.371	0	-0.3783	3	0.8187
算了	4	1	-0.371	0	-0.3783	3	0.8187
红孩儿	4	3	0.6689	0	-0.3783	1	-0.2853
撒野	4	3	0.6689	0	-0.3783	1	-0.2853
这话	4	2	0.2408	0	-0.3783	2	0.3174
卖	4	1	-0.371	0	-0.3783	3	0.8187
取出	4	2	0.2408	0	-0.3783	2	0.3174
疼得	4	1	-0.371	0	-0.3783	3	0.8187
渐渐	4	1	-0.371	0	-0.3783	3	0.8187
路过	4	1	-0.371	0	-0.3783	3	0.8187
可愿	4	2	0.2408	0	-0.3783	2	0.3174
入宫	4	3	0.6689	0	-0.3783	1	-0.2853
脸色	4	2	0.2408	0	-0.3783	2	0.3174
无礼	4	4	1.4698	0	-0.3783	0	-0.8171
本王	4	4	1.4698	0	-0.3783	0	-0.8171
没有	4	1	-0.371	0	-0.3783	3	0.8187
强留	4	3	0.6689	0	-0.3783	1	-0.2853
惹	4	1	-0.371	0	-0.3783	3	0.8187
神通广大	4	4	1.4698	0	-0.3783	0	-0.8171
再作	4	3	0.6689	0	-0.3783	1	-0.2853
依	4	4	1.4698	0	-0.3783	0	-0.8171
席间	4	4	1.4698	0	-0.3783	0	-0.8171
一边	4	4	1.4698	0	-0.3783	0	-0.8171
我见	4	4	1.4698	0	-0.3783	0	-0.8171
欢喜	4	1	-0.371	0	-0.3783	3	0.8187
王	4	3	0.6689	0	-0.3783	1	-0.2853
当	4	1	-0.371	0	-0.3783	3	0.8187
溜出	4	3	0.6689	0	-0.3783	1	-0.2853
宫去	4	4	1.4698	0	-0.3783	0	-0.8171
追赶	4	3	0.6689	0	-0.3783	1	-0.2853
跟着	4	1	-0.371	0	-0.3783	3	0.8187
唐三藏	4	2	0.2408	0	-0.3783	2	0.3174
袈裟	4	3	0.6689	0	-0.3783	1	-0.2853
前面	4	2	0.2408	0	-0.3783	2	0.3174
嘻嘻	4	4	1.4698	0	-0.3783	0	-0.8171
扭过	4	4	1.4698	0	-0.3783	0	-0.8171
两只	4	3	0.6689	0	-0.3783	1	-0.2853
凡人	4	4	1.4698	0	-0.3783	0	-0.8171
鬓边	4	3	0.6689	0	-0.3783	1	-0.2853
女人	4	2	0.2408	0	-0.3783	2	0.3174
正好	4	3	0.6689	0	-0.3783	1	-0.2853
闷声	4	4	1.4698	0	-0.3783	0	-0.8171
谁知	4	2	0.2408	0	-0.3783	2	0.3174
嫌	4	2	0.2408	0	-0.3783	2	0.3174
纷纷	4	1	-0.371	0	-0.3783	3	0.8187
城门	4	4	1.4698	0	-0.3783	0	-0.8171
别	4	1	-0.371	0	-0.3783	3	0.8187
声音	4	3	0.6689	0	-0.3783	1	-0.2853
西梁女	4	1	-0.371	0	-0.3783	3	0.8187
意下如何	4	2	0.2408	0	-0.3783	2	0.3174
战兢兢	4	1	-0.371	0	-0.3783	3	0.8187
旁听	4	4	1.4698	0	-0.3783	0	-0.8171
凑	4	3	0.6689	0	-0.3783	1	-0.2853
再作道理	4	4	1.4698	0	-0.3783	0	-0.8171
仔细观看	4	1	-0.371	0	-0.3783	3	0.8187
那唐僧	4	4	1.4698	0	-0.3783	0	-0.8171
拜佛	4	2	0.2408	0	-0.3783	2	0.3174
先	4	3	0.6689	0	-0.3783	1	-0.2853
竟	4	3	0.6689	0	-0.3783	1	-0.2853
天	4	1	-0.371	0	-0.3783	3	0.8187
做个	4	4	1.4698	0	-0.3783	0	-0.8171
真经	4	1	-0.371	0	-0.3783	3	0.8187
西北	4	2	0.2408	0	-0.3783	2	0.3174
赶到	4	2	0.2408	0	-0.3783	2	0.3174
刺	4	1	-0.371	0	-0.3783	3	0.8187
战经	4	3	0.6689	0	-0.3783	1	-0.2853
数合	4	3	0.6689	0	-0.3783	1	-0.2853
计	4	4	1.4698	0	-0.3783	0	-0.8171
忽地	4	4	1.4698	0	-0.3783	0	-0.8171
一翘	4	4	1.4698	0	-0.3783	0	-0.8171
难忍	4	4	1.4698	0	-0.3783	0	-0.8171
降妖	4	1	-0.371	0	-0.3783	3	0.8187
受苦	4	1	-0.371	0	-0.3783	3	0.8187
降伏	4	3	0.6689	0	-0.3783	1	-0.2853
贪图	4	4	1.4698	0	-0.3783	0	-0.8171
停妻再娶	4	4	1.4698	0	-0.3783	0	-0.8171
成全	4	3	0.6689	0	-0.3783	1	-0.2853
旋风	4	2	0.2408	0	-0.3783	2	0.3174
驾云	4	1	-0.371	0	-0.3783	3	0.8187
后面	4	1	-0.371	0	-0.3783	3	0.8187
毒敌山	4	1	-0.371	0	-0.3783	3	0.8187
一盘	4	3	0.6689	0	-0.3783	1	-0.2853
欺负	4	2	0.2408	0	-0.3783	2	0.3174
伤	4	3	0.6689	0	-0.3783	1	-0.2853
须得先	4	4	1.4698	0	-0.3783	0	-0.8171
嘤	4	4	1.4698	0	-0.3783	0	-0.8171
救出	4	3	0.6689	0	-0.3783	1	-0.2853
美人	4	3	0.6689	0	-0.3783	1	-0.2853
懂	4	4	1.4698	0	-0.3783	0	-0.8171
钢叉	4	1	-0.371	0	-0.3783	3	0.8187
疼死	4	3	0.6689	0	-0.3783	1	-0.2853
好事	4	2	0.2408	0	-0.3783	2	0.3174
也好	4	2	0.2408	0	-0.3783	2	0.3174
门楼	4	1	-0.371	0	-0.3783	3	0.8187
穿	4	1	-0.371	0	-0.3783	3	0.8187
飞入	4	2	0.2408	0	-0.3783	2	0.3174
后院	4	4	1.4698	0	-0.3783	0	-0.8171
跳入	4	2	0.2408	0	-0.3783	2	0.3174
一齐	4	2	0.2408	0	-0.3783	2	0.3174
鲇鱼	4	1	-0.371	0	-0.3783	3	0.8187
不能	4	1	-0.371	0	-0.3783	3	0.8187
喘息	4	2	0.2408	0	-0.3783	2	0.3174
慢	4	1	-0.371	0	-0.3783	3	0.8187
安歇	4	1	-0.371	0	-0.3783	3	0.8187
辛苦	4	1	-0.371	0	-0.3783	3	0.8187
年	4	1	-0.371	0	-0.3783	3	0.8187
体态	4	3	0.6689	0	-0.3783	1	-0.2853
闪过	4	2	0.2408	0	-0.3783	2	0.3174
一丝	4	2	0.2408	0	-0.3783	2	0.3174
圈套	4	3	0.6689	0	-0.3783	1	-0.2853
母亲	4	2	0.2408	0	-0.3783	2	0.3174
胡言乱语	4	4	1.4698	0	-0.3783	0	-0.8171
话	4	1	-0.371	0	-0.3783	3	0.8187
记住	4	2	0.2408	0	-0.3783	2	0.3174
婚配	4	3	0.6689	0	-0.3783	1	-0.2853
阴风	4	3	0.6689	0	-0.3783	1	-0.2853
身后	4	2	0.2408	0	-0.3783	2	0.3174
逐	4	0	-0.9738	0	-0.3783	4	1.7031
师	4	0	-0.9738	0	-0.3783	4	1.7031
过来	4	0	-0.9738	0	-0.3783	4	1.7031
近	4	0	-0.9738	0	-0.3783	4	1.7031
白马	4	0	-0.9738	0	-0.3783	4	1.7031
捧	4	0	-0.9738	0	-0.3783	4	1.7031
昨夜	4	0	-0.9738	0	-0.3783	4	1.7031
外	4	0	-0.9738	0	-0.3783	4	1.7031
早日	4	0	-0.9738	0	-0.3783	4	1.7031
使出	4	0	-0.9738	0	-0.3783	4	1.7031
一起	4	0	-0.9738	0	-0.3783	4	1.7031
屁股	4	0	-0.9738	0	-0.3783	4	1.7031
沙僧见	4	0	-0.9738	0	-0.3783	4	1.7031
女妖	4	0	-0.9738	0	-0.3783	4	1.7031
天门	4	0	-0.9738	0	-0.3783	4	1.7031
脚	4	0	-0.9738	0	-0.3783	4	1.7031
半合清	4	0	-0.9738	0	-0.3783	4	1.7031
半合涩	4	0	-0.9738	0	-0.3783	4	1.7031
各自	4	0	-0.9738	0	-0.3783	4	1.7031
丝篷	4	0	-0.9738	0	-0.3783	4	1.7031
这可如何是好	3	0	-0.7304	3	2.1255	0	-0.6128
第二十九章	3	0	-0.7304	2	1.0005	1	-0.1654
行者笑道	3	0	-0.7304	3	2.1255	0	-0.6128
师弟	3	0	-0.7304	1	0.319	2	0.4994
照照	3	2	0.4041	1	0.319	0	-0.6128
三藏问	3	0	-0.7304	3	2.1255	0	-0.6128
三藏说	3	0	-0.7304	3	2.1255	0	-0.6128
了不得	3	0	-0.7304	3	2.1255	0	-0.6128
拜道	3	0	-0.7304	2	1.0005	1	-0.1654
星官说	3	0	-0.7304	3	2.1255	0	-0.6128
第三十八章	3	0	-0.7304	2	1.0005	1	-0.1654
哪里话	3	0	-0.7304	1	0.319	2	0.4994
多好	3	0	-0.7304	2	1.0005	1	-0.1654
扑	3	1	-0.2178	1	0.319	1	-0.1654
头晕眼花	3	0	-0.7304	1	0.319	2	0.4994
以后	3	2	0.4041	1	0.319	0	-0.6128
第十六章	3	0	-0.7304	2	1.0005	1	-0.1654
猪八戒说	3	0	-0.7304	3	2.1255	0	-0.6128
那妇人说	3	0	-0.7304	3	2.1255	0	-0.6128
．	3	0	-0.7304	3	2.1255	0	-0.6128
不行	3	1	-0.2178	1	0.319	1	-0.1654
女婿	3	2	0.4041	1	0.319	0	-0.6128
须臾	3	1	-0.2178	0	-0.2837	2	0.4994
南山	3	2	0.4041	0	-0.2837	1	-0.1654
山坳	3	2	0.4041	0	-0.2837	1	-0.1654
吹	3	1	-0.2178	0	-0.2837	2	0.4994
正欲	3	2	0.4041	0	-0.2837	1	-0.1654
夫人	3	3	1.1024	0	-0.2837	0	-0.6128
手里	3	2	0.4041	0	-0.2837	1	-0.1654
雷公	3	2	0.4041	0	-0.2837	1	-0.1654
利害	3	2	0.4041	0	-0.2837	1	-0.1654
一计	3	2	0.4041	0	-0.2837	1	-0.1654
花容月貌	3	2	0.4041	0	-0.2837	1	-0.1654
左手	3	1	-0.2178	0	-0.2837	2	0.4994
山后	3	3	1.1024	0	-0.2837	0	-0.6128
肌似	3	2	0.4041	0	-0.2837	1	-0.1654
羊脂	3	2	0.4041	0	-0.2837	1	-0.1654
脸衬	3	2	0.4041	0	-0.2837	1	-0.1654
桃花	3	2	0.4041	0	-0.2837	1	-0.1654
瓣	3	2	0.4041	0	-0.2837	1	-0.1654
鬟	3	2	0.4041	0	-0.2837	1	-0.1654
堆	3	2	0.4041	0	-0.2837	1	-0.1654
金凤丝	3	2	0.4041	0	-0.2837	1	-0.1654
呆	3	2	0.4041	0	-0.2837	1	-0.1654
走来	3	3	1.1024	0	-0.2837	0	-0.6128
因见	3	2	0.4041	0	-0.2837	1	-0.1654
几位	3	2	0.4041	0	-0.2837	1	-0.1654
远来	3	2	0.4041	0	-0.2837	1	-0.1654
嫌弃	3	3	1.1024	0	-0.2837	0	-0.6128
米饭	3	3	1.1024	0	-0.2837	0	-0.6128
筋	3	2	0.4041	0	-0.2837	1	-0.1654
劝	3	3	1.1024	0	-0.2837	0	-0.6128
答话	3	2	0.4041	0	-0.2837	1	-0.1654
铁棒	3	1	-0.2178	0	-0.2837	2	0.4994
使个	3	2	0.4041	0	-0.2837	1	-0.1654
尸首	3	3	1.1024	0	-0.2837	0	-0.6128
指着	3	3	1.1024	0	-0.2837	0	-0.6128
骂	3	2	0.4041	0	-0.2837	1	-0.1654
凶顽	3	3	1.1024	0	-0.2837	0	-0.6128
欲裂	3	3	1.1024	0	-0.2837	0	-0.6128
罐子	3	3	1.1024	0	-0.2837	0	-0.6128
念咒	3	3	1.1024	0	-0.2837	0	-0.6128
长	3	2	0.4041	0	-0.2837	1	-0.1654
虽然	3	2	0.4041	0	-0.2837	1	-0.1654
勒马	3	3	1.1024	0	-0.2837	0	-0.6128
逃走	3	2	0.4041	0	-0.2837	1	-0.1654
连	3	2	0.4041	0	-0.2837	1	-0.1654
休要	3	2	0.4041	0	-0.2837	1	-0.1654
胡言	3	1	-0.2178	0	-0.2837	2	0.4994
跪下	3	2	0.4041	0	-0.2837	1	-0.1654
赶	3	2	0.4041	0	-0.2837	1	-0.1654
变作	3	2	0.4041	0	-0.2837	1	-0.1654
许多	3	3	1.1024	0	-0.2837	0	-0.6128
日后	3	3	1.1024	0	-0.2837	0	-0.6128
性子	3	3	1.1024	0	-0.2837	0	-0.6128
偏要	3	3	1.1024	0	-0.2837	0	-0.6128
不要	3	3	1.1024	0	-0.2837	0	-0.6128
心意	3	3	1.1024	0	-0.2837	0	-0.6128
保重	3	2	0.4041	0	-0.2837	1	-0.1654
花果山	3	1	-0.2178	0	-0.2837	2	0.4994
纵身	3	1	-0.2178	0	-0.2837	2	0.4994
或	3	2	0.4041	0	-0.2837	1	-0.1654
开门	3	1	-0.2178	0	-0.2837	2	0.4994
一位	3	1	-0.2178	0	-0.2837	2	0.4994
唐朝	3	1	-0.2178	0	-0.2837	2	0.4994
冷水	3	1	-0.2178	0	-0.2837	2	0.4994
寻些	3	1	-0.2178	0	-0.2837	2	0.4994
缩	3	1	-0.2178	0	-0.2837	2	0.4994
相	3	3	1.1024	0	-0.2837	0	-0.6128
奇怪	3	1	-0.2178	0	-0.2837	2	0.4994
并	3	2	0.4041	0	-0.2837	1	-0.1654
那位	3	2	0.4041	0	-0.2837	1	-0.1654
胖	3	3	1.1024	0	-0.2837	0	-0.6128
很	3	1	-0.2178	0	-0.2837	2	0.4994
双影	3	2	0.4041	0	-0.2837	1	-0.1654
落胎泉	3	2	0.4041	0	-0.2837	1	-0.1654
一口	3	2	0.4041	0	-0.2837	1	-0.1654
才能	3	1	-0.2178	0	-0.2837	2	0.4994
解了	3	2	0.4041	0	-0.2837	1	-0.1654
一碗	3	1	-0.2178	0	-0.2837	2	0.4994
送礼	3	1	-0.2178	0	-0.2837	2	0.4994
飞去	3	2	0.4041	0	-0.2837	1	-0.1654
山	3	2	0.4041	0	-0.2837	1	-0.1654
道长	3	3	1.1024	0	-0.2837	0	-0.6128
前来	3	2	0.4041	0	-0.2837	1	-0.1654
休怪	3	3	1.1024	0	-0.2837	0	-0.6128
斗	3	1	-0.2178	0	-0.2837	2	0.4994
回合	3	1	-0.2178	0	-0.2837	2	0.4994
难	3	3	1.1024	0	-0.2837	0	-0.6128
终究	3	3	1.1024	0	-0.2837	0	-0.6128
以为	3	1	-0.2178	0	-0.2837	2	0.4994
筋斗	3	1	-0.2178	0	-0.2837	2	0.4994
洞门	3	2	0.4041	0	-0.2837	1	-0.1654
轻轻	3	1	-0.2178	0	-0.2837	2	0.4994
离去	3	3	1.1024	0	-0.2837	0	-0.6128
收下	3	3	1.1024	0	-0.2837	0	-0.6128
这西粱	3	3	1.1024	0	-0.2837	0	-0.6128
麻烦	3	3	1.1024	0	-0.2837	0	-0.6128
停下	3	1	-0.2178	0	-0.2837	2	0.4994
暗笑	3	1	-0.2178	0	-0.2837	2	0.4994
冷	3	1	-0.2178	0	-0.2837	2	0.4994
侍卫	3	3	1.1024	0	-0.2837	0	-0.6128
暗怒	3	3	1.1024	0	-0.2837	0	-0.6128
无可奈何	3	3	1.1024	0	-0.2837	0	-0.6128
宫殿	3	2	0.4041	0	-0.2837	1	-0.1654
摆	3	2	0.4041	0	-0.2837	1	-0.1654
暗自	3	2	0.4041	0	-0.2837	1	-0.1654
情况	3	3	1.1024	0	-0.2837	0	-0.6128
夫妻	3	3	1.1024	0	-0.2837	0	-0.6128
后	3	1	-0.2178	0	-0.2837	2	0.4994
出家	3	1	-0.2178	0	-0.2837	2	0.4994
陪	3	2	0.4041	0	-0.2837	1	-0.1654
微微	3	3	1.1024	0	-0.2837	0	-0.6128
机会	3	2	0.4041	0	-0.2837	1	-0.1654
相助	3	2	0.4041	0	-0.2837	1	-0.1654
有何	3	2	0.4041	0	-0.2837	1	-0.1654
一场	3	2	0.4041	0	-0.2837	1	-0.1654
好人	3	2	0.4041	0	-0.2837	1	-0.1654
不忍	3	3	1.1024	0	-0.2837	0	-0.6128
住处	3	3	1.1024	0	-0.2837	0	-0.6128
依旧	3	1	-0.2178	0	-0.2837	2	0.4994
四人出	3	3	1.1024	0	-0.2837	0	-0.6128
显得	3	1	-0.2178	0	-0.2837	2	0.4994
锦	3	3	1.1024	0	-0.2837	0	-0.6128
襕	3	3	1.1024	0	-0.2837	0	-0.6128
光头	3	3	1.1024	0	-0.2837	0	-0.6128
掩	3	2	0.4041	0	-0.2837	1	-0.1654
女儿身	3	3	1.1024	0	-0.2837	0	-0.6128
穿着	3	3	1.1024	0	-0.2837	0	-0.6128
裙	3	1	-0.2178	0	-0.2837	2	0.4994
短粗	3	3	1.1024	0	-0.2837	0	-0.6128
扇风	3	3	1.1024	0	-0.2837	0	-0.6128
学	3	3	1.1024	0	-0.2837	0	-0.6128
插	3	3	1.1024	0	-0.2837	0	-0.6128
一朵	3	3	1.1024	0	-0.2837	0	-0.6128
摘来	3	3	1.1024	0	-0.2837	0	-0.6128
野花	3	3	1.1024	0	-0.2837	0	-0.6128
唇	3	2	0.4041	0	-0.2837	1	-0.1654
个个	3	2	0.4041	0	-0.2837	1	-0.1654
慌得	3	1	-0.2178	0	-0.2837	2	0.4994
驾	3	2	0.4041	0	-0.2837	1	-0.1654
放行	3	2	0.4041	0	-0.2837	1	-0.1654
取笑	3	1	-0.2178	0	-0.2837	2	0.4994
驿馆	3	1	-0.2178	0	-0.2837	2	0.4994
还礼	3	2	0.4041	0	-0.2837	1	-0.1654
奉	3	1	-0.2178	0	-0.2837	2	0.4994
一国	3	2	0.4041	0	-0.2837	1	-0.1654
之富	3	2	0.4041	0	-0.2837	1	-0.1654
低头不语	3	1	-0.2178	0	-0.2837	2	0.4994
耳边	3	2	0.4041	0	-0.2837	1	-0.1654
不依	3	3	1.1024	0	-0.2837	0	-0.6128
似有	3	1	-0.2178	0	-0.2837	2	0.4994
呀	3	1	-0.2178	0	-0.2837	2	0.4994
问道	3	1	-0.2178	0	-0.2837	2	0.4994
方可	3	3	1.1024	0	-0.2837	0	-0.6128
蓬元帅	3	1	-0.2178	0	-0.2837	2	0.4994
丑货	3	3	1.1024	0	-0.2837	0	-0.6128
丑	3	1	-0.2178	0	-0.2837	2	0.4994
高老庄	3	2	0.4041	0	-0.2837	1	-0.1654
受用	3	1	-0.2178	0	-0.2837	2	0.4994
怎敢	3	1	-0.2178	0	-0.2837	2	0.4994
恐	3	1	-0.2178	0	-0.2837	2	0.4994
两全其美	3	2	0.4041	0	-0.2837	1	-0.1654
递	3	2	0.4041	0	-0.2837	1	-0.1654
此去	3	2	0.4041	0	-0.2837	1	-0.1654
喝声	3	1	-0.2178	0	-0.2837	2	0.4994
沙僧闻	3	3	1.1024	0	-0.2837	0	-0.6128
驾起	3	1	-0.2178	0	-0.2837	2	0.4994
何人	3	3	1.1024	0	-0.2837	0	-0.6128
虚晃一枪	3	3	1.1024	0	-0.2837	0	-0.6128
官来	3	1	-0.2178	0	-0.2837	2	0.4994
降	3	1	-0.2178	0	-0.2837	2	0.4994
精便	3	2	0.4041	0	-0.2837	1	-0.1654
幸得	3	1	-0.2178	0	-0.2837	2	0.4994
关心	3	2	0.4041	0	-0.2837	1	-0.1654
官取	3	2	0.4041	0	-0.2837	1	-0.1654
三人谢	3	2	0.4041	0	-0.2837	1	-0.1654
背影	3	2	0.4041	0	-0.2837	1	-0.1654
未	3	2	0.4041	0	-0.2837	1	-0.1654
方向	3	1	-0.2178	0	-0.2837	2	0.4994
姐妹	3	2	0.4041	0	-0.2837	1	-0.1654
按落	3	1	-0.2178	0	-0.2837	2	0.4994
两扇	3	1	-0.2178	0	-0.2837	2	0.4994
变成	3	2	0.4041	0	-0.2837	1	-0.1654
蜜蜂	3	1	-0.2178	0	-0.2837	2	0.4994
左右	3	1	-0.2178	0	-0.2837	2	0.4994
侧耳细听	3	2	0.4041	0	-0.2837	1	-0.1654
荤	3	1	-0.2178	0	-0.2837	2	0.4994
馍馍	3	3	1.1024	0	-0.2837	0	-0.6128
端	3	2	0.4041	0	-0.2837	1	-0.1654
眉如	3	2	0.4041	0	-0.2837	1	-0.1654
远山	3	2	0.4041	0	-0.2837	1	-0.1654
知趣	3	3	1.1024	0	-0.2837	0	-0.6128
不识抬举	3	3	1.1024	0	-0.2837	0	-0.6128
却是	3	2	0.4041	0	-0.2837	1	-0.1654
后园	3	3	1.1024	0	-0.2837	0	-0.6128
牢里	3	3	1.1024	0	-0.2837	0	-0.6128
探探	3	3	1.1024	0	-0.2837	0	-0.6128
耙	3	3	1.1024	0	-0.2837	0	-0.6128
鲁莽	3	3	1.1024	0	-0.2837	0	-0.6128
指	3	2	0.4041	0	-0.2837	1	-0.1654
洞外	3	1	-0.2178	0	-0.2837	2	0.4994
粉碎	3	1	-0.2178	0	-0.2837	2	0.4994
泼妇	3	3	1.1024	0	-0.2837	0	-0.6128
一柄	3	1	-0.2178	0	-0.2837	2	0.4994
三股	3	1	-0.2178	0	-0.2837	2	0.4994
一团	3	1	-0.2178	0	-0.2837	2	0.4994
立于	3	1	-0.2178	0	-0.2837	2	0.4994
双	3	1	-0.2178	0	-0.2837	2	0.4994
冠子	3	1	-0.2178	0	-0.2837	2	0.4994
昂起	3	1	-0.2178	0	-0.2837	2	0.4994
头来	3	1	-0.2178	0	-0.2837	2	0.4994
六七尺	3	1	-0.2178	0	-0.2837	2	0.4994
高	3	1	-0.2178	0	-0.2837	2	0.4994
曾	3	2	0.4041	0	-0.2837	1	-0.1654
计较	3	2	0.4041	0	-0.2837	1	-0.1654
尽	3	2	0.4041	0	-0.2837	1	-0.1654
烧毁	3	2	0.4041	0	-0.2837	1	-0.1654
悟净	3	2	0.4041	0	-0.2837	1	-0.1654
怎会	3	2	0.4041	0	-0.2837	1	-0.1654
良善	3	3	1.1024	0	-0.2837	0	-0.6128
脱	3	2	0.4041	0	-0.2837	1	-0.1654
一件	3	1	-0.2178	0	-0.2837	2	0.4994
红衣	3	3	1.1024	0	-0.2837	0	-0.6128
赤条条	3	2	0.4041	0	-0.2837	1	-0.1654
蜘蛛精	3	1	-0.2178	0	-0.2837	2	0.4994
满脑子	3	3	1.1024	0	-0.2837	0	-0.6128
歪	3	3	1.1024	0	-0.2837	0	-0.6128
开	3	3	1.1024	0	-0.2837	0	-0.6128
叮	3	1	-0.2178	0	-0.2837	2	0.4994
按	3	2	0.4041	0	-0.2837	1	-0.1654
捆	3	2	0.4041	0	-0.2837	1	-0.1654
挣扎	3	3	1.1024	0	-0.2837	0	-0.6128
一条	3	1	-0.2178	0	-0.2837	2	0.4994
盘丝洞	3	1	-0.2178	0	-0.2837	2	0.4994
唐僧勒	3	1	-0.2178	0	-0.2837	2	0.4994
一笑	3	2	0.4041	0	-0.2837	1	-0.1654
挠	3	2	0.4041	0	-0.2837	1	-0.1654
快些	3	1	-0.2178	0	-0.2837	2	0.4994
娇贵	3	3	1.1024	0	-0.2837	0	-0.6128
借宿	3	3	1.1024	0	-0.2837	0	-0.6128
吱呀	3	2	0.4041	0	-0.2837	1	-0.1654
丰腴	3	3	1.1024	0	-0.2837	0	-0.6128
乃东	3	2	0.4041	0	-0.2837	1	-0.1654
求经	3	1	-0.2178	0	-0.2837	2	0.4994
厅堂	3	3	1.1024	0	-0.2837	0	-0.6128
雅致	3	2	0.4041	0	-0.2837	1	-0.1654
试探	3	2	0.4041	0	-0.2837	1	-0.1654
缩脖子	3	1	-0.2178	0	-0.2837	2	0.4994
中意	3	3	1.1024	0	-0.2837	0	-0.6128
床上	3	3	1.1024	0	-0.2837	0	-0.6128
铺	3	2	0.4041	0	-0.2837	1	-0.1654
姑爷	3	3	1.1024	0	-0.2837	0	-0.6128
标致	3	1	-0.2178	0	-0.2837	2	0.4994
名字	3	1	-0.2178	0	-0.2837	2	0.4994
小玉	3	3	1.1024	0	-0.2837	0	-0.6128
吗	3	1	-0.2178	0	-0.2837	2	0.4994
停	3	1	-0.2178	0	-0.2837	2	0.4994
保护	3	1	-0.2178	0	-0.2837	2	0.4994
路途	3	1	-0.2178	0	-0.2837	2	0.4994
动心	3	1	-0.2178	0	-0.2837	2	0.4994
少	3	0	-0.7304	0	-0.2837	3	1.2773
西方	3	0	-0.7304	0	-0.2837	3	1.2773
一言不发	3	0	-0.7304	0	-0.2837	3	1.2773
差点	3	0	-0.7304	0	-0.2837	3	1.2773
慌了手脚	3	0	-0.7304	0	-0.2837	3	1.2773
就要	3	0	-0.7304	0	-0.2837	3	1.2773
张	3	0	-0.7304	0	-0.2837	3	1.2773
朝	3	0	-0.7304	0	-0.2837	3	1.2773
双剑	3	0	-0.7304	0	-0.2837	3	1.2773
齐天大圣	3	0	-0.7304	0	-0.2837	3	1.2773
想要	3	0	-0.7304	0	-0.2837	3	1.2773
动静	3	0	-0.7304	0	-0.2837	3	1.2773
刚才	3	0	-0.7304	0	-0.2837	3	1.2773
半个	3	0	-0.7304	0	-0.2837	3	1.2773
忽然	3	0	-0.7304	0	-0.2837	3	1.2773
药	3	0	-0.7304	0	-0.2837	3	1.2773
因	3	0	-0.7304	0	-0.2837	3	1.2773
半	3	0	-0.7304	0	-0.2837	3	1.2773
慌	3	0	-0.7304	0	-0.2837	3	1.2773
扯	3	0	-0.7304	0	-0.2837	3	1.2773
礼物	3	0	-0.7304	0	-0.2837	3	1.2773
泼道	3	0	-0.7304	0	-0.2837	3	1.2773
战在	3	0	-0.7304	0	-0.2837	3	1.2773
酒席	3	0	-0.7304	0	-0.2837	3	1.2773
出门	3	0	-0.7304	0	-0.2837	3	1.2773
引	3	0	-0.7304	0	-0.2837	3	1.2773
误	3	0	-0.7304	0	-0.2837	3	1.2773
抓	3	0	-0.7304	0	-0.2837	3	1.2773
王宫	3	0	-0.7304	0	-0.2837	3	1.2773
殿内	3	0	-0.7304	0	-0.2837	3	1.2773
行礼	3	0	-0.7304	0	-0.2837	3	1.2773
亲自	3	0	-0.7304	0	-0.2837	3	1.2773
通关	3	0	-0.7304	0	-0.2837	3	1.2773
文牒	3	0	-0.7304	0	-0.2837	3	1.2773
拉住	3	0	-0.7304	0	-0.2837	3	1.2773
取得	3	0	-0.7304	0	-0.2837	3	1.2773
紧紧	3	0	-0.7304	0	-0.2837	3	1.2773
掳	3	0	-0.7304	0	-0.2837	3	1.2773
跌倒	3	0	-0.7304	0	-0.2837	3	1.2773
口里	3	0	-0.7304	0	-0.2837	3	1.2773
钩子	3	0	-0.7304	0	-0.2837	3	1.2773
马毒	3	0	-0.7304	0	-0.2837	3	1.2773
嘴唇	3	0	-0.7304	0	-0.2837	3	1.2773
马匹	3	0	-0.7304	0	-0.2837	3	1.2773
天明	3	0	-0.7304	0	-0.2837	3	1.2773
提	3	0	-0.7304	0	-0.2837	3	1.2773
如来	3	0	-0.7304	0	-0.2837	3	1.2773
指示	3	0	-0.7304	0	-0.2837	3	1.2773
遂	3	0	-0.7304	0	-0.2837	3	1.2773
西梁国	3	0	-0.7304	0	-0.2837	3	1.2773
至此	3	0	-0.7304	0	-0.2837	3	1.2773
山坡	3	0	-0.7304	0	-0.2837	3	1.2773
摸	3	0	-0.7304	0	-0.2837	3	1.2773
茅屋	3	0	-0.7304	0	-0.2837	3	1.2773
躧	3	0	-0.7304	0	-0.2837	3	1.2773
斋	3	0	-0.7304	0	-0.2837	3	1.2773
拽	3	0	-0.7304	0	-0.2837	3	1.2773
齐	3	0	-0.7304	0	-0.2837	3	1.2773
面筋	3	0	-0.7304	0	-0.2837	3	1.2773
疑惑	3	0	-0.7304	0	-0.2837	3	1.2773
径至	3	0	-0.7304	0	-0.2837	3	1.2773
半合香	3	0	-0.7304	0	-0.2837	3	1.2773
臭	3	0	-0.7304	0	-0.2837	3	1.2773
半合甜	3	0	-0.7304	0	-0.2837	3	1.2773
半合苦	3	0	-0.7304	0	-0.2837	3	1.2773
咸	3	0	-0.7304	0	-0.2837	3	1.2773
半合淡	3	0	-0.7304	0	-0.2837	3	1.2773
半合酸	3	0	-0.7304	0	-0.2837	3	1.2773
半合辣	3	0	-0.7304	0	-0.2837	3	1.2773
滑	3	0	-0.7304	0	-0.2837	3	1.2773
丝绳	3	0	-0.7304	0	-0.2837	3	1.2773
爬	3	0	-0.7304	0	-0.2837	3	1.2773
蜍	3	0	-0.7304	0	-0.2837	3	1.2773
班	3	0	-0.7304	0	-0.2837	3	1.2773
虫子	3	0	-0.7304	0	-0.2837	3	1.2773
牵着	3	0	-0.7304	0	-0.2837	3	1.2773
粉壁	3	0	-0.7304	0	-0.2837	3	1.2773
生辉	3	0	-0.7304	0	-0.2837	3	1.2773
年方	3	0	-0.7304	0	-0.2837	3	1.2773
美色	3	0	-0.7304	0	-0.2837	3	1.2773
一喝	3	0	-0.7304	0	-0.2837	3	1.2773
做声	3	0	-0.7304	0	-0.2837	3	1.2773
次日天明	2	0	-0.4869	2	1.4169	0	-0.4085
一日	2	1	0.1713	1	0.4521	0	-0.4085
对唐僧说	2	0	-0.4869	2	1.4169	0	-0.4085
你往哪里去	2	0	-0.4869	2	1.4169	0	-0.4085
你这猴头	2	0	-0.4869	2	1.4169	0	-0.4085
癞蛤蟆	2	1	0.1713	1	0.4521	0	-0.4085
你走罢	2	0	-0.4869	2	1.4169	0	-0.4085
咬牙切齿	2	0	-0.4869	1	0.4521	1	0.2149
还有什么话可说	2	0	-0.4869	2	1.4169	0	-0.4085
再不敢了	2	0	-0.4869	2	1.4169	0	-0.4085
猪八戒忙说	2	0	-0.4869	2	1.4169	0	-0.4085
苦啊	2	0	-0.4869	2	1.4169	0	-0.4085
我是个好和尚	2	0	-0.4869	2	1.4169	0	-0.4085
身怀有孕师徒受苦	2	0	-0.4869	2	1.4169	0	-0.4085
行者又问	2	0	-0.4869	2	1.4169	0	-0.4085
话音未落	2	0	-0.4869	1	0.4521	1	0.2149
疼得紧	2	0	-0.4869	2	1.4169	0	-0.4085
那婆子道	2	0	-0.4869	2	1.4169	0	-0.4085
好了	2	0	-0.4869	2	1.4169	0	-0.4085
师父放心	2	0	-0.4869	2	1.4169	0	-0.4085
水来了	2	0	-0.4869	2	1.4169	0	-0.4085
师父啊	2	0	-0.4869	2	1.4169	0	-0.4085
女儿国里唐僧脱身	2	0	-0.4869	2	1.4169	0	-0.4085
正说着	2	0	-0.4869	2	1.4169	0	-0.4085
人种来了	2	0	-0.4869	2	1.4169	0	-0.4085
沙悟净	2	1	0.1713	1	0.4521	0	-0.4085
倒换关文	2	0	-0.4869	2	1.4169	0	-0.4085
女王问	2	0	-0.4869	2	1.4169	0	-0.4085
自古道	2	0	-0.4869	2	1.4169	0	-0.4085
之计	2	0	-0.4869	2	1.4169	0	-0.4085
蒸饼	2	1	0.1713	1	0.4521	0	-0.4085
糖糕	2	1	0.1713	1	0.4521	0	-0.4085
唐御弟	2	1	0.1713	1	0.4521	0	-0.4085
琵琶洞前星官除妖	2	0	-0.4869	2	1.4169	0	-0.4085
行者忙问	2	0	-0.4869	2	1.4169	0	-0.4085
不要走	2	0	-0.4869	2	1.4169	0	-0.4085
呼	2	0	-0.4869	2	1.4169	0	-0.4085
好疼	2	0	-0.4869	2	1.4169	0	-0.4085
八戒笑道	2	0	-0.4869	2	1.4169	0	-0.4085
没破	2	0	-0.4869	2	1.4169	0	-0.4085
字	2	1	0.1713	1	0.4521	0	-0.4085
星官问	2	0	-0.4869	2	1.4169	0	-0.4085
星官道	2	0	-0.4869	2	1.4169	0	-0.4085
妙啊	2	0	-0.4869	2	1.4169	0	-0.4085
贤徒	2	0	-0.4869	1	0.4521	1	0.2149
濯垢泉猪八戒忘形	2	0	-0.4869	2	1.4169	0	-0.4085
一日为师	2	0	-0.4869	1	0.4521	1	0.2149
徒弟啊	2	0	-0.4869	2	1.4169	0	-0.4085
石凳	2	0	-0.4869	1	0.4521	1	0.2149
土地神道	2	0	-0.4869	2	1.4169	0	-0.4085
可怜	2	1	0.1713	1	0.4521	0	-0.4085
天气炎热	2	0	-0.4869	1	0.4521	1	0.2149
俗话说得好	2	0	-0.4869	1	0.4521	1	0.2149
美人面前八戒动心	2	0	-0.4869	2	1.4169	0	-0.4085
一天	2	0	-0.4869	1	0.4521	1	0.2149
飕	2	0	-0.4869	1	0.4521	1	0.2149
请来	2	1	0.1713	1	0.4521	0	-0.4085
从长计议	2	0	-0.4869	2	1.4169	0	-0.4085
那妇人问	2	0	-0.4869	2	1.4169	0	-0.4085
那妇人道	2	0	-0.4869	2	1.4169	0	-0.4085
?	2	0	-0.4869	2	1.4169	0	-0.4085
没处放马	2	0	-0.4869	2	1.4169	0	-0.4085
来来往往	2	1	0.1713	1	0.4521	0	-0.4085
娘啊	2	0	-0.4869	2	1.4169	0	-0.4085
好女婿呀	2	0	-0.4869	2	1.4169	0	-0.4085
睡	2	1	0.1713	0	-0.1892	1	0.2149
摘桃	2	2	0.7349	0	-0.1892	0	-0.4085
回身	2	2	0.7349	0	-0.1892	0	-0.4085
妖魔	2	2	0.7349	0	-0.1892	0	-0.4085
唤作	2	1	0.1713	0	-0.1892	1	0.2149
本是	2	1	0.1713	0	-0.1892	1	0.2149
修成	2	2	0.7349	0	-0.1892	0	-0.4085
撞	2	1	0.1713	0	-0.1892	1	0.2149
硬抢	2	2	0.7349	0	-0.1892	0	-0.4085
讨	2	2	0.7349	0	-0.1892	0	-0.4085
不得	2	1	0.1713	0	-0.1892	1	0.2149
年轻	2	1	0.1713	0	-0.1892	1	0.2149
提着	2	2	0.7349	0	-0.1892	0	-0.4085
饥渴	2	2	0.7349	0	-0.1892	0	-0.4085
抱怨	2	1	0.1713	0	-0.1892	1	0.2149
妖娆	2	1	0.1713	0	-0.1892	1	0.2149
态	2	2	0.7349	0	-0.1892	0	-0.4085
纤纤	2	1	0.1713	0	-0.1892	1	0.2149
一见	2	2	0.7349	0	-0.1892	0	-0.4085
忍不住	2	1	0.1713	0	-0.1892	1	0.2149
那边	2	1	0.1713	0	-0.1892	1	0.2149
送饭	2	2	0.7349	0	-0.1892	0	-0.4085
有礼	2	2	0.7349	0	-0.1892	0	-0.4085
近前	2	2	0.7349	0	-0.1892	0	-0.4085
家	2	1	0.1713	0	-0.1892	1	0.2149
炒面	2	2	0.7349	0	-0.1892	0	-0.4085
充饥	2	1	0.1713	0	-0.1892	1	0.2149
那大	2	2	0.7349	0	-0.1892	0	-0.4085
东西	2	2	0.7349	0	-0.1892	0	-0.4085
认得	2	1	0.1713	0	-0.1892	1	0.2149
当头	2	1	0.1713	0	-0.1892	1	0.2149
伸手	2	1	0.1713	0	-0.1892	1	0.2149
真身	2	2	0.7349	0	-0.1892	0	-0.4085
假	2	1	0.1713	0	-0.1892	1	0.2149
全无	2	1	0.1713	0	-0.1892	1	0.2149
之心	2	2	0.7349	0	-0.1892	0	-0.4085
明明	2	1	0.1713	0	-0.1892	1	0.2149
打杀	2	2	0.7349	0	-0.1892	0	-0.4085
棒子	2	2	0.7349	0	-0.1892	0	-0.4085
凡心	2	1	0.1713	0	-0.1892	1	0.2149
行凶	2	2	0.7349	0	-0.1892	0	-0.4085
口中	2	2	0.7349	0	-0.1892	0	-0.4085
便念起	2	2	0.7349	0	-0.1892	0	-0.4085
紧箍咒	2	2	0.7349	0	-0.1892	0	-0.4085
跪	2	2	0.7349	0	-0.1892	0	-0.4085
馋	2	2	0.7349	0	-0.1892	0	-0.4085
虫	2	2	0.7349	0	-0.1892	0	-0.4085
趁	2	1	0.1713	0	-0.1892	1	0.2149
悄悄	2	1	0.1713	0	-0.1892	1	0.2149
拖	2	1	0.1713	0	-0.1892	1	0.2149
丢	2	2	0.7349	0	-0.1892	0	-0.4085
说得对	2	2	0.7349	0	-0.1892	0	-0.4085
杀生	2	2	0.7349	0	-0.1892	0	-0.4085
害命	2	2	0.7349	0	-0.1892	0	-0.4085
要害	2	2	0.7349	0	-0.1892	0	-0.4085
心肠	2	2	0.7349	0	-0.1892	0	-0.4085
前行	2	1	0.1713	0	-0.1892	1	0.2149
惊道	2	2	0.7349	0	-0.1892	0	-0.4085
打死	2	1	0.1713	0	-0.1892	1	0.2149
举棒	2	2	0.7349	0	-0.1892	0	-0.4085
浑身发抖	2	1	0.1713	0	-0.1892	1	0.2149
哪有	2	1	0.1713	0	-0.1892	1	0.2149
道理	2	2	0.7349	0	-0.1892	0	-0.4085
迟	2	2	0.7349	0	-0.1892	0	-0.4085
心	2	1	0.1713	0	-0.1892	1	0.2149
软	2	2	0.7349	0	-0.1892	0	-0.4085
老公公	2	2	0.7349	0	-0.1892	0	-0.4085
第三次	2	2	0.7349	0	-0.1892	0	-0.4085
变化	2	1	0.1713	0	-0.1892	1	0.2149
大胆	2	1	0.1713	0	-0.1892	1	0.2149
戏弄	2	1	0.1713	0	-0.1892	1	0.2149
土地	2	1	0.1713	0	-0.1892	1	0.2149
山神	2	1	0.1713	0	-0.1892	1	0.2149
三番两次	2	1	0.1713	0	-0.1892	1	0.2149
现出原形	2	1	0.1713	0	-0.1892	1	0.2149
打中	2	1	0.1713	0	-0.1892	1	0.2149
一堆	2	1	0.1713	0	-0.1892	1	0.2149
跌	2	1	0.1713	0	-0.1892	1	0.2149
若非	2	2	0.7349	0	-0.1892	0	-0.4085
明白	2	2	0.7349	0	-0.1892	0	-0.4085
那般	2	2	0.7349	0	-0.1892	0	-0.4085
叹	2	2	0.7349	0	-0.1892	0	-0.4085
以	2	2	0.7349	0	-0.1892	0	-0.4085
急道	2	2	0.7349	0	-0.1892	0	-0.4085
两次	2	2	0.7349	0	-0.1892	0	-0.4085
性起	2	1	0.1713	0	-0.1892	1	0.2149
原形	2	1	0.1713	0	-0.1892	1	0.2149
佛门	2	1	0.1713	0	-0.1892	1	0.2149
已决	2	2	0.7349	0	-0.1892	0	-0.4085
赶路	2	1	0.1713	0	-0.1892	1	0.2149
点	2	2	0.7349	0	-0.1892	0	-0.4085
缰绳	2	2	0.7349	0	-0.1892	0	-0.4085
隆起	2	2	0.7349	0	-0.1892	0	-0.4085
揣	2	1	0.1713	0	-0.1892	1	0.2149
扶住	2	2	0.7349	0	-0.1892	0	-0.4085
护	2	1	0.1713	0	-0.1892	1	0.2149
草药	2	2	0.7349	0	-0.1892	0	-0.4085
敲	2	1	0.1713	0	-0.1892	1	0.2149
过河	2	1	0.1713	0	-0.1892	1	0.2149
上下	2	1	0.1713	0	-0.1892	1	0.2149
腮	2	2	0.7349	0	-0.1892	0	-0.4085
打扮	2	2	0.7349	0	-0.1892	0	-0.4085
不由	2	2	0.7349	0	-0.1892	0	-0.4085
细细	2	2	0.7349	0	-0.1892	0	-0.4085
子母	2	2	0.7349	0	-0.1892	0	-0.4085
河里	2	1	0.1713	0	-0.1892	1	0.2149
亦	2	1	0.1713	0	-0.1892	1	0.2149
怀孕	2	2	0.7349	0	-0.1892	0	-0.4085
迎	2	2	0.7349	0	-0.1892	0	-0.4085
阳台	2	1	0.1713	0	-0.1892	1	0.2149
边	2	1	0.1713	0	-0.1892	1	0.2149
若照	2	1	0.1713	0	-0.1892	1	0.2149
生出	2	2	0.7349	0	-0.1892	0	-0.4085
怎可	2	2	0.7349	0	-0.1892	0	-0.4085
正南	2	1	0.1713	0	-0.1892	1	0.2149
山中	2	1	0.1713	0	-0.1892	1	0.2149
那泉里	2	1	0.1713	0	-0.1892	1	0.2149
出水	2	1	0.1713	0	-0.1892	1	0.2149
改作	2	1	0.1713	0	-0.1892	1	0.2149
聚仙庵	2	1	0.1713	0	-0.1892	1	0.2149
有想求	2	1	0.1713	0	-0.1892	1	0.2149
水者	2	1	0.1713	0	-0.1892	1	0.2149
必须	2	1	0.1713	0	-0.1892	1	0.2149
厚礼	2	1	0.1713	0	-0.1892	1	0.2149
穷僧	2	1	0.1713	0	-0.1892	1	0.2149
有钱	2	1	0.1713	0	-0.1892	1	0.2149
有多远	2	1	0.1713	0	-0.1892	1	0.2149
三十里	2	1	0.1713	0	-0.1892	1	0.2149
取些	2	1	0.1713	0	-0.1892	1	0.2149
水来	2	1	0.1713	0	-0.1892	1	0.2149
再说	2	2	0.7349	0	-0.1892	0	-0.4085
朝着	2	2	0.7349	0	-0.1892	0	-0.4085
透	2	2	0.7349	0	-0.1892	0	-0.4085
诡异	2	2	0.7349	0	-0.1892	0	-0.4085
盘坐在	2	1	0.1713	0	-0.1892	1	0.2149
绿茵	2	1	0.1713	0	-0.1892	1	0.2149
牛魔王	2	1	0.1713	0	-0.1892	1	0.2149
听闻	2	2	0.7349	0	-0.1892	0	-0.4085
睁开	2	1	0.1713	0	-0.1892	1	0.2149
你害	2	1	0.1713	0	-0.1892	1	0.2149
送上门	2	1	0.1713	0	-0.1892	1	0.2149
不恼	2	2	0.7349	0	-0.1892	0	-0.4085
否则	2	2	0.7349	0	-0.1892	0	-0.4085
抽出	2	1	0.1713	0	-0.1892	1	0.2149
数十	2	1	0.1713	0	-0.1892	1	0.2149
分	2	1	0.1713	0	-0.1892	1	0.2149
脚步	2	1	0.1713	0	-0.1892	1	0.2149
清泉	2	1	0.1713	0	-0.1892	1	0.2149
满满	2	1	0.1713	0	-0.1892	1	0.2149
尽管	2	2	0.7349	0	-0.1892	0	-0.4085
招待	2	2	0.7349	0	-0.1892	0	-0.4085
像	2	1	0.1713	0	-0.1892	1	0.2149
顾不得	2	2	0.7349	0	-0.1892	0	-0.4085
下去	2	2	0.7349	0	-0.1892	0	-0.4085
消失	2	1	0.1713	0	-0.1892	1	0.2149
一口气	2	1	0.1713	0	-0.1892	1	0.2149
算是	2	2	0.7349	0	-0.1892	0	-0.4085
正说	2	2	0.7349	0	-0.1892	0	-0.4085
人马	2	2	0.7349	0	-0.1892	0	-0.4085
招	2	1	0.1713	0	-0.1892	1	0.2149
为夫	2	2	0.7349	0	-0.1892	0	-0.4085
迎接	2	2	0.7349	0	-0.1892	0	-0.4085
一惊	2	2	0.7349	0	-0.1892	0	-0.4085
无意	2	2	0.7349	0	-0.1892	0	-0.4085
一沉	2	2	0.7349	0	-0.1892	0	-0.4085
围住	2	1	0.1713	0	-0.1892	1	0.2149
强行	2	2	0.7349	0	-0.1892	0	-0.4085
深知	2	1	0.1713	0	-0.1892	1	0.2149
未必	2	2	0.7349	0	-0.1892	0	-0.4085
打算	2	1	0.1713	0	-0.1892	1	0.2149
虽心	2	2	0.7349	0	-0.1892	0	-0.4085
金碧辉煌	2	1	0.1713	0	-0.1892	1	0.2149
宴席	2	2	0.7349	0	-0.1892	0	-0.4085
款待	2	1	0.1713	0	-0.1892	1	0.2149
百般	2	2	0.7349	0	-0.1892	0	-0.4085
殷勤	2	2	0.7349	0	-0.1892	0	-0.4085
尴尬	2	2	0.7349	0	-0.1892	0	-0.4085
观察	2	2	0.7349	0	-0.1892	0	-0.4085
四周	2	2	0.7349	0	-0.1892	0	-0.4085
菜过	2	2	0.7349	0	-0.1892	0	-0.4085
五味	2	2	0.7349	0	-0.1892	0	-0.4085
时机成熟	2	2	0.7349	0	-0.1892	0	-0.4085
仪表堂堂	2	2	0.7349	0	-0.1892	0	-0.4085
结为	2	2	0.7349	0	-0.1892	0	-0.4085
王位	2	2	0.7349	0	-0.1892	0	-0.4085
坚决	2	2	0.7349	0	-0.1892	0	-0.4085
勉强	2	2	0.7349	0	-0.1892	0	-0.4085
条件	2	2	0.7349	0	-0.1892	0	-0.4085
游玩	2	2	0.7349	0	-0.1892	0	-0.4085
时间	2	1	0.1713	0	-0.1892	1	0.2149
每日	2	2	0.7349	0	-0.1892	0	-0.4085
赏花	2	2	0.7349	0	-0.1892	0	-0.4085
饮酒	2	2	0.7349	0	-0.1892	0	-0.4085
烦恼	2	1	0.1713	0	-0.1892	1	0.2149
花园	2	2	0.7349	0	-0.1892	0	-0.4085
好看	2	1	0.1713	0	-0.1892	1	0.2149
侍女	2	2	0.7349	0	-0.1892	0	-0.4085
说来	2	2	0.7349	0	-0.1892	0	-0.4085
被困	2	2	0.7349	0	-0.1892	0	-0.4085
快快	2	2	0.7349	0	-0.1892	0	-0.4085
举行	2	2	0.7349	0	-0.1892	0	-0.4085
盛大	2	2	0.7349	0	-0.1892	0	-0.4085
宴会	2	2	0.7349	0	-0.1892	0	-0.4085
偷偷	2	2	0.7349	0	-0.1892	0	-0.4085
一臂之力	2	1	0.1713	0	-0.1892	1	0.2149
眼色	2	1	0.1713	0	-0.1892	1	0.2149
会意	2	1	0.1713	0	-0.1892	1	0.2149
醉	2	2	0.7349	0	-0.1892	0	-0.4085
留在	2	1	0.1713	0	-0.1892	1	0.2149
会合	2	1	0.1713	0	-0.1892	1	0.2149
向西行	2	2	0.7349	0	-0.1892	0	-0.4085
溜走	2	2	0.7349	0	-0.1892	0	-0.4085
踪影	2	1	0.1713	0	-0.1892	1	0.2149
回宫	2	1	0.1713	0	-0.1892	1	0.2149
复命	2	1	0.1713	0	-0.1892	1	0.2149
几日	2	2	0.7349	0	-0.1892	0	-0.4085
便出	2	1	0.1713	0	-0.1892	1	0.2149
望去	2	1	0.1713	0	-0.1892	1	0.2149
西进	2	1	0.1713	0	-0.1892	1	0.2149
唐僧骑	2	1	0.1713	0	-0.1892	1	0.2149
清丽	2	2	0.7349	0	-0.1892	0	-0.4085
身侧	2	1	0.1713	0	-0.1892	1	0.2149
一副	2	2	0.7349	0	-0.1892	0	-0.4085
嘴脸	2	2	0.7349	0	-0.1892	0	-0.4085
全是	2	1	0.1713	0	-0.1892	1	0.2149
俊	2	2	0.7349	0	-0.1892	0	-0.4085
一脸	2	1	0.1713	0	-0.1892	1	0.2149
莫	2	1	0.1713	0	-0.1892	1	0.2149
街市	2	1	0.1713	0	-0.1892	1	0.2149
（	2	1	0.1713	0	-0.1892	1	0.2149
）	2	1	0.1713	0	-0.1892	1	0.2149
目瞪口呆	2	1	0.1713	0	-0.1892	1	0.2149
喊道	2	1	0.1713	0	-0.1892	1	0.2149
人种	2	2	0.7349	0	-0.1892	0	-0.4085
喊	2	1	0.1713	0	-0.1892	1	0.2149
面如冠玉	2	2	0.7349	0	-0.1892	0	-0.4085
涂	2	2	0.7349	0	-0.1892	0	-0.4085
朱	2	2	0.7349	0	-0.1892	0	-0.4085
不由得	2	2	0.7349	0	-0.1892	0	-0.4085
低眉	2	2	0.7349	0	-0.1892	0	-0.4085
敛目	2	2	0.7349	0	-0.1892	0	-0.4085
罪过	2	2	0.7349	0	-0.1892	0	-0.4085
哼哼	2	2	0.7349	0	-0.1892	0	-0.4085
这群	2	2	0.7349	0	-0.1892	0	-0.4085
凡	2	1	0.1713	0	-0.1892	1	0.2149
挺	2	2	0.7349	0	-0.1892	0	-0.4085
阳驿	2	2	0.7349	0	-0.1892	0	-0.4085
脸	2	1	0.1713	0	-0.1892	1	0.2149
放出	2	2	0.7349	0	-0.1892	0	-0.4085
笑吟吟	2	1	0.1713	0	-0.1892	1	0.2149
万千	2	1	0.1713	0	-0.1892	1	0.2149
吓了一跳	2	1	0.1713	0	-0.1892	1	0.2149
清越	2	2	0.7349	0	-0.1892	0	-0.4085
颤抖	2	2	0.7349	0	-0.1892	0	-0.4085
拉	2	2	0.7349	0	-0.1892	0	-0.4085
没个	2	1	0.1713	0	-0.1892	1	0.2149
降临	2	2	0.7349	0	-0.1892	0	-0.4085
旨意	2	1	0.1713	0	-0.1892	1	0.2149
立	2	1	0.1713	0	-0.1892	1	0.2149
怎生	2	1	0.1713	0	-0.1892	1	0.2149
假意	2	1	0.1713	0	-0.1892	1	0.2149
懂不懂	2	2	0.7349	0	-0.1892	0	-0.4085
颤	2	2	0.7349	0	-0.1892	0	-0.4085
声道	2	2	0.7349	0	-0.1892	0	-0.4085
只管	2	1	0.1713	0	-0.1892	1	0.2149
保	2	1	0.1713	0	-0.1892	1	0.2149
之意	2	1	0.1713	0	-0.1892	1	0.2149
同登	2	2	0.7349	0	-0.1892	0	-0.4085
入	2	2	0.7349	0	-0.1892	0	-0.4085
生得眉	2	1	0.1713	0	-0.1892	1	0.2149
如翠羽	2	1	0.1713	0	-0.1892	1	0.2149
沉鱼落雁	2	1	0.1713	0	-0.1892	1	0.2149
辇	2	2	0.7349	0	-0.1892	0	-0.4085
蛾眉	2	1	0.1713	0	-0.1892	1	0.2149
虽是	2	2	0.7349	0	-0.1892	0	-0.4085
扯住	2	1	0.1713	0	-0.1892	1	0.2149
娇声	2	1	0.1713	0	-0.1892	1	0.2149
龙车	2	2	0.7349	0	-0.1892	0	-0.4085
奈何	2	1	0.1713	0	-0.1892	1	0.2149
这个	2	1	0.1713	0	-0.1892	1	0.2149
不成	2	1	0.1713	0	-0.1892	1	0.2149
长嘴	2	2	0.7349	0	-0.1892	0	-0.4085
行事	2	1	0.1713	0	-0.1892	1	0.2149
罄尽	2	1	0.1713	0	-0.1892	1	0.2149
愿	2	1	0.1713	0	-0.1892	1	0.2149
枉	2	1	0.1713	0	-0.1892	1	0.2149
好笑	2	1	0.1713	0	-0.1892	1	0.2149
在手	2	1	0.1713	0	-0.1892	1	0.2149
事大	2	2	0.7349	0	-0.1892	0	-0.4085
戒	2	2	0.7349	0	-0.1892	0	-0.4085
不语	2	2	0.7349	0	-0.1892	0	-0.4085
路途遥远	2	2	0.7349	0	-0.1892	0	-0.4085
凶险	2	2	0.7349	0	-0.1892	0	-0.4085
万分	2	2	0.7349	0	-0.1892	0	-0.4085
别无他物	2	2	0.7349	0	-0.1892	0	-0.4085
唯有	2	2	0.7349	0	-0.1892	0	-0.4085
一枚	2	2	0.7349	0	-0.1892	0	-0.4085
权当	2	2	0.7349	0	-0.1892	0	-0.4085
定身法	2	1	0.1713	0	-0.1892	1	0.2149
两边	2	1	0.1713	0	-0.1892	1	0.2149
空中	2	1	0.1713	0	-0.1892	1	0.2149
相貌堂堂	2	1	0.1713	0	-0.1892	1	0.2149
强逼	2	2	0.7349	0	-0.1892	0	-0.4085
绑	2	2	0.7349	0	-0.1892	0	-0.4085
洞口	2	2	0.7349	0	-0.1892	0	-0.4085
洞来	2	2	0.7349	0	-0.1892	0	-0.4085
举枪	2	2	0.7349	0	-0.1892	0	-0.4085
宝杖	2	1	0.1713	0	-0.1892	1	0.2149
礼拜	2	1	0.1713	0	-0.1892	1	0.2149
多礼	2	1	0.1713	0	-0.1892	1	0.2149
南海	2	1	0.1713	0	-0.1892	1	0.2149
有罪	2	2	0.7349	0	-0.1892	0	-0.4085
相救	2	1	0.1713	0	-0.1892	1	0.2149
难道	2	2	0.7349	0	-0.1892	0	-0.4085
之约	2	2	0.7349	0	-0.1892	0	-0.4085
知	2	1	0.1713	0	-0.1892	1	0.2149
留	2	2	0.7349	0	-0.1892	0	-0.4085
何	2	1	0.1713	0	-0.1892	1	0.2149
香囊	2	2	0.7349	0	-0.1892	0	-0.4085
令女	2	2	0.7349	0	-0.1892	0	-0.4085
金银珠宝	2	2	0.7349	0	-0.1892	0	-0.4085
送与	2	2	0.7349	0	-0.1892	0	-0.4085
王立在	2	2	0.7349	0	-0.1892	0	-0.4085
久久	2	2	0.7349	0	-0.1892	0	-0.4085
恼	2	2	0.7349	0	-0.1892	0	-0.4085
下回分解	2	1	0.1713	0	-0.1892	1	0.2149
除妖	2	1	0.1713	0	-0.1892	1	0.2149
法定	2	1	0.1713	0	-0.1892	1	0.2149
妇女	2	1	0.1713	0	-0.1892	1	0.2149
一阵风	2	1	0.1713	0	-0.1892	1	0.2149
响	2	1	0.1713	0	-0.1892	1	0.2149
吵嚷	2	1	0.1713	0	-0.1892	1	0.2149
着急	2	1	0.1713	0	-0.1892	1	0.2149
抢走了	2	1	0.1713	0	-0.1892	1	0.2149
弄阵	2	1	0.1713	0	-0.1892	1	0.2149
卷	2	1	0.1713	0	-0.1892	1	0.2149
灰尘	2	1	0.1713	0	-0.1892	1	0.2149
滚滚	2	1	0.1713	0	-0.1892	1	0.2149
枉费	2	1	0.1713	0	-0.1892	1	0.2149
这场	2	1	0.1713	0	-0.1892	1	0.2149
神思	2	1	0.1713	0	-0.1892	1	0.2149
腾云	2	1	0.1713	0	-0.1892	1	0.2149
踏雾	2	1	0.1713	0	-0.1892	1	0.2149
那阵	2	1	0.1713	0	-0.1892	1	0.2149
一直	2	1	0.1713	0	-0.1892	1	0.2149
高山	2	1	0.1713	0	-0.1892	1	0.2149
找路	2	1	0.1713	0	-0.1892	1	0.2149
寻访	2	1	0.1713	0	-0.1892	1	0.2149
青石	2	1	0.1713	0	-0.1892	1	0.2149
屏风	2	1	0.1713	0	-0.1892	1	0.2149
门上	2	1	0.1713	0	-0.1892	1	0.2149
六个	2	1	0.1713	0	-0.1892	1	0.2149
大字	2	1	0.1713	0	-0.1892	1	0.2149
打门	2	1	0.1713	0	-0.1892	1	0.2149
先进	2	1	0.1713	0	-0.1892	1	0.2149
查个	2	1	0.1713	0	-0.1892	1	0.2149
行动	2	1	0.1713	0	-0.1892	1	0.2149
夸道	2	1	0.1713	0	-0.1892	1	0.2149
粗中有细	2	1	0.1713	0	-0.1892	1	0.2149
钻进	2	1	0.1713	0	-0.1892	1	0.2149
正当中	2	1	0.1713	0	-0.1892	1	0.2149
欢天喜地	2	1	0.1713	0	-0.1892	1	0.2149
议论	2	1	0.1713	0	-0.1892	1	0.2149
听见	2	1	0.1713	0	-0.1892	1	0.2149
肉馅	2	2	0.7349	0	-0.1892	0	-0.4085
素	2	1	0.1713	0	-0.1892	1	0.2149
走进	2	1	0.1713	0	-0.1892	1	0.2149
宽心	2	1	0.1713	0	-0.1892	1	0.2149
奢华	2	1	0.1713	0	-0.1892	1	0.2149
清闲自在	2	1	0.1713	0	-0.1892	1	0.2149
念佛	2	1	0.1713	0	-0.1892	1	0.2149
看经	2	1	0.1713	0	-0.1892	1	0.2149
伴儿	2	1	0.1713	0	-0.1892	1	0.2149
秋水	2	1	0.1713	0	-0.1892	1	0.2149
素净	2	2	0.7349	0	-0.1892	0	-0.4085
当胸	2	1	0.1713	0	-0.1892	1	0.2149
持斋	2	1	0.1713	0	-0.1892	1	0.2149
荤腥	2	1	0.1713	0	-0.1892	1	0.2149
这洞	2	2	0.7349	0	-0.1892	0	-0.4085
饿	2	1	0.1713	0	-0.1892	1	0.2149
这泼	2	1	0.1713	0	-0.1892	1	0.2149
性急	2	1	0.1713	0	-0.1892	1	0.2149
嘴道	2	1	0.1713	0	-0.1892	1	0.2149
不识货	2	2	0.7349	0	-0.1892	0	-0.4085
放着	2	2	0.7349	0	-0.1892	0	-0.4085
清汤寡水	2	2	0.7349	0	-0.1892	0	-0.4085
蛰人	2	2	0.7349	0	-0.1892	0	-0.4085
天庭	2	2	0.7349	0	-0.1892	0	-0.4085
旁	2	1	0.1713	0	-0.1892	1	0.2149
来报	2	1	0.1713	0	-0.1892	1	0.2149
配来	2	2	0.7349	0	-0.1892	0	-0.4085
刺来	2	1	0.1713	0	-0.1892	1	0.2149
裂开	2	2	0.7349	0	-0.1892	0	-0.4085
万	2	2	0.7349	0	-0.1892	0	-0.4085
魂飞魄散	2	1	0.1713	0	-0.1892	1	0.2149
径回	2	1	0.1713	0	-0.1892	1	0.2149
又惊又喜	2	1	0.1713	0	-0.1892	1	0.2149
受伤	2	1	0.1713	0	-0.1892	1	0.2149
干柴	2	2	0.7349	0	-0.1892	0	-0.4085
挑担	2	2	0.7349	0	-0.1892	0	-0.4085
沙僧牵	2	2	0.7349	0	-0.1892	0	-0.4085
引路	2	2	0.7349	0	-0.1892	0	-0.4085
行间	2	1	0.1713	0	-0.1892	1	0.2149
手搭凉棚	2	2	0.7349	0	-0.1892	0	-0.4085
透着	2	2	0.7349	0	-0.1892	0	-0.4085
之气	2	2	0.7349	0	-0.1892	0	-0.4085
不妥	2	2	0.7349	0	-0.1892	0	-0.4085
探个	2	1	0.1713	0	-0.1892	1	0.2149
春光明媚	2	1	0.1713	0	-0.1892	1	0.2149
理会	2	2	0.7349	0	-0.1892	0	-0.4085
敲门	2	2	0.7349	0	-0.1892	0	-0.4085
院中	2	2	0.7349	0	-0.1892	0	-0.4085
体态轻盈	2	2	0.7349	0	-0.1892	0	-0.4085
肚兜	2	2	0.7349	0	-0.1892	0	-0.4085
露出	2	1	0.1713	0	-0.1892	1	0.2149
一群	2	2	0.7349	0	-0.1892	0	-0.4085
落	2	1	0.1713	0	-0.1892	1	0.2149
乏	2	2	0.7349	0	-0.1892	0	-0.4085
唐僧肉	2	1	0.1713	0	-0.1892	1	0.2149
竟是	2	1	0.1713	0	-0.1892	1	0.2149
濯垢泉	2	1	0.1713	0	-0.1892	1	0.2149
一命	2	2	0.7349	0	-0.1892	0	-0.4085
从良	2	2	0.7349	0	-0.1892	0	-0.4085
哪个	2	2	0.7349	0	-0.1892	0	-0.4085
我定	2	2	0.7349	0	-0.1892	0	-0.4085
不快	2	2	0.7349	0	-0.1892	0	-0.4085
风情	2	2	0.7349	0	-0.1892	0	-0.4085
何如	2	1	0.1713	0	-0.1892	1	0.2149
花容	2	1	0.1713	0	-0.1892	1	0.2149
失色	2	1	0.1713	0	-0.1892	1	0.2149
缠来	2	2	0.7349	0	-0.1892	0	-0.4085
岸上	2	2	0.7349	0	-0.1892	0	-0.4085
游来游去	2	2	0.7349	0	-0.1892	0	-0.4085
捆住	2	2	0.7349	0	-0.1892	0	-0.4085
不再	2	1	0.1713	0	-0.1892	1	0.2149
时而	2	2	0.7349	0	-0.1892	0	-0.4085
钻入	2	2	0.7349	0	-0.1892	0	-0.4085
小心眼	2	2	0.7349	0	-0.1892	0	-0.4085
捉弄	2	2	0.7349	0	-0.1892	0	-0.4085
掣	2	1	0.1713	0	-0.1892	1	0.2149
舞得	2	1	0.1713	0	-0.1892	1	0.2149
上岸	2	2	0.7349	0	-0.1892	0	-0.4085
解开	2	1	0.1713	0	-0.1892	1	0.2149
泉边	2	1	0.1713	0	-0.1892	1	0.2149
忘形	2	1	0.1713	0	-0.1892	1	0.2149
找个	2	1	0.1713	0	-0.1892	1	0.2149
去处	2	1	0.1713	0	-0.1892	1	0.2149
下次	2	1	0.1713	0	-0.1892	1	0.2149
惊吓	2	1	0.1713	0	-0.1892	1	0.2149
扭着	2	2	0.7349	0	-0.1892	0	-0.4085
天天	2	1	0.1713	0	-0.1892	1	0.2149
心疼	2	2	0.7349	0	-0.1892	0	-0.4085
清净	2	2	0.7349	0	-0.1892	0	-0.4085
红灯笼	2	1	0.1713	0	-0.1892	1	0.2149
摇曳	2	1	0.1713	0	-0.1892	1	0.2149
妖气	2	1	0.1713	0	-0.1892	1	0.2149
另寻	2	2	0.7349	0	-0.1892	0	-0.4085
惊艳	2	2	0.7349	0	-0.1892	0	-0.4085
深夜	2	1	0.1713	0	-0.1892	1	0.2149
有何贵干	2	1	0.1713	0	-0.1892	1	0.2149
土	2	1	0.1713	0	-0.1892	1	0.2149
家中	2	1	0.1713	0	-0.1892	1	0.2149
天大	2	1	0.1713	0	-0.1892	1	0.2149
布置	2	2	0.7349	0	-0.1892	0	-0.4085
命	2	1	0.1713	0	-0.1892	1	0.2149
言语	2	2	0.7349	0	-0.1892	0	-0.4085
讲	2	1	0.1713	0	-0.1892	1	0.2149
无子	2	1	0.1713	0	-0.1892	1	0.2149
二女儿	2	2	0.7349	0	-0.1892	0	-0.4085
三	2	2	0.7349	0	-0.1892	0	-0.4085
十六岁	2	2	0.7349	0	-0.1892	0	-0.4085
主意	2	2	0.7349	0	-0.1892	0	-0.4085
石头缝	2	2	0.7349	0	-0.1892	0	-0.4085
蹦出来	2	2	0.7349	0	-0.1892	0	-0.4085
哪来	2	2	0.7349	0	-0.1892	0	-0.4085
姻缘	2	2	0.7349	0	-0.1892	0	-0.4085
低声	2	1	0.1713	0	-0.1892	1	0.2149
此事	2	2	0.7349	0	-0.1892	0	-0.4085
万万不可	2	2	0.7349	0	-0.1892	0	-0.4085
求之不得	2	2	0.7349	0	-0.1892	0	-0.4085
情愿	2	2	0.7349	0	-0.1892	0	-0.4085
上门	2	2	0.7349	0	-0.1892	0	-0.4085
鸟气	2	2	0.7349	0	-0.1892	0	-0.4085
值	2	2	0.7349	0	-0.1892	0	-0.4085
选中	2	2	0.7349	0	-0.1892	0	-0.4085
面如桃花	2	2	0.7349	0	-0.1892	0	-0.4085
无父	2	1	0.1713	0	-0.1892	1	0.2149
无母	2	1	0.1713	0	-0.1892	1	0.2149
哭道	2	1	0.1713	0	-0.1892	1	0.2149
遇到	2	1	0.1713	0	-0.1892	1	0.2149
怎能	2	1	0.1713	0	-0.1892	1	0.2149
大事	2	1	0.1713	0	-0.1892	1	0.2149
大门	2	1	0.1713	0	-0.1892	1	0.2149
一间	2	2	0.7349	0	-0.1892	0	-0.4085
厢房	2	2	0.7349	0	-0.1892	0	-0.4085
那房	2	2	0.7349	0	-0.1892	0	-0.4085
内	2	2	0.7349	0	-0.1892	0	-0.4085
锦被	2	2	0.7349	0	-0.1892	0	-0.4085
桌上	2	2	0.7349	0	-0.1892	0	-0.4085
摆着	2	2	0.7349	0	-0.1892	0	-0.4085
小姐	2	2	0.7349	0	-0.1892	0	-0.4085
掩口而笑	2	2	0.7349	0	-0.1892	0	-0.4085
尚未	2	1	0.1713	0	-0.1892	1	0.2149
房门	2	1	0.1713	0	-0.1892	1	0.2149
前去	2	1	0.1713	0	-0.1892	1	0.2149
搂	2	2	0.7349	0	-0.1892	0	-0.4085
拜过	2	2	0.7349	0	-0.1892	0	-0.4085
洞房	2	2	0.7349	0	-0.1892	0	-0.4085
拜天地	2	2	0.7349	0	-0.1892	0	-0.4085
点着	2	2	0.7349	0	-0.1892	0	-0.4085
两支	2	2	0.7349	0	-0.1892	0	-0.4085
红烛	2	2	0.7349	0	-0.1892	0	-0.4085
香案	2	2	0.7349	0	-0.1892	0	-0.4085
对饮	2	2	0.7349	0	-0.1892	0	-0.4085
想着	2	1	0.1713	0	-0.1892	1	0.2149
许久	2	1	0.1713	0	-0.1892	1	0.2149
笑声	2	1	0.1713	0	-0.1892	1	0.2149
废墟	2	2	0.7349	0	-0.1892	0	-0.4085
焦急	2	1	0.1713	0	-0.1892	1	0.2149
踏上	2	1	0.1713	0	-0.1892	1	0.2149
显圣	2	1	0.1713	0	-0.1892	1	0.2149
宛子山	2	0	-0.4869	0	-0.1892	2	0.8515
生气	2	0	-0.4869	0	-0.1892	2	0.8515
坐在	2	0	-0.4869	0	-0.1892	2	0.8515
孙保	2	0	-0.4869	0	-0.1892	2	0.8515
猛地	2	0	-0.4869	0	-0.1892	2	0.8515
心头	2	0	-0.4869	0	-0.1892	2	0.8515
股子	2	0	-0.4869	0	-0.1892	2	0.8515
怨气	2	0	-0.4869	0	-0.1892	2	0.8515
好你个	2	0	-0.4869	0	-0.1892	2	0.8515
白龙马	2	0	-0.4869	0	-0.1892	2	0.8515
默默	2	0	-0.4869	0	-0.1892	2	0.8515
挑起	2	0	-0.4869	0	-0.1892	2	0.8515
去路	2	0	-0.4869	0	-0.1892	2	0.8515
莫怕	2	0	-0.4869	0	-0.1892	2	0.8515
硬	2	0	-0.4869	0	-0.1892	2	0.8515
此刻	2	0	-0.4869	0	-0.1892	2	0.8515
砸	2	0	-0.4869	0	-0.1892	2	0.8515
满	2	0	-0.4869	0	-0.1892	2	0.8515
张嘴	2	0	-0.4869	0	-0.1892	2	0.8515
该	2	0	-0.4869	0	-0.1892	2	0.8515
回答	2	0	-0.4869	0	-0.1892	2	0.8515
终于	2	0	-0.4869	0	-0.1892	2	0.8515
找回	2	0	-0.4869	0	-0.1892	2	0.8515
洞府	2	0	-0.4869	0	-0.1892	2	0.8515
错怪	2	0	-0.4869	0	-0.1892	2	0.8515
咧嘴一笑	2	0	-0.4869	0	-0.1892	2	0.8515
还敢	2	0	-0.4869	0	-0.1892	2	0.8515
早有	2	0	-0.4869	0	-0.1892	2	0.8515
防备	2	0	-0.4869	0	-0.1892	2	0.8515
下场	2	0	-0.4869	0	-0.1892	2	0.8515
满是	2	0	-0.4869	0	-0.1892	2	0.8515
只要	2	0	-0.4869	0	-0.1892	2	0.8515
时辰	2	0	-0.4869	0	-0.1892	2	0.8515
呻吟	2	0	-0.4869	0	-0.1892	2	0.8515
毕	2	0	-0.4869	0	-0.1892	2	0.8515
难禁	2	0	-0.4869	0	-0.1892	2	0.8515
挑	2	0	-0.4869	0	-0.1892	2	0.8515
去化	2	0	-0.4869	0	-0.1892	2	0.8515
一时	2	0	-0.4869	0	-0.1892	2	0.8515
门口	2	0	-0.4869	0	-0.1892	2	0.8515
故此	2	0	-0.4869	0	-0.1892	2	0.8515
上去	2	0	-0.4869	0	-0.1892	2	0.8515
钵	2	0	-0.4869	0	-0.1892	2	0.8515
男人	2	0	-0.4869	0	-0.1892	2	0.8515
从胁	2	0	-0.4869	0	-0.1892	2	0.8515
窟窿	2	0	-0.4869	0	-0.1892	2	0.8515
一定	2	0	-0.4869	0	-0.1892	2	0.8515
钻	2	0	-0.4869	0	-0.1892	2	0.8515
这么	2	0	-0.4869	0	-0.1892	2	0.8515
买	2	0	-0.4869	0	-0.1892	2	0.8515
少时	2	0	-0.4869	0	-0.1892	2	0.8515
来取	2	0	-0.4869	0	-0.1892	2	0.8515
飞奔	2	0	-0.4869	0	-0.1892	2	0.8515
今	2	0	-0.4869	0	-0.1892	2	0.8515
保唐僧	2	0	-0.4869	0	-0.1892	2	0.8515
棒	2	0	-0.4869	0	-0.1892	2	0.8515
败下阵	2	0	-0.4869	0	-0.1892	2	0.8515
门内	2	0	-0.4869	0	-0.1892	2	0.8515
眼疾手快	2	0	-0.4869	0	-0.1892	2	0.8515
幌	2	0	-0.4869	0	-0.1892	2	0.8515
苍蝇儿	2	0	-0.4869	0	-0.1892	2	0.8515
得手	2	0	-0.4869	0	-0.1892	2	0.8515
辛	2	0	-0.4869	0	-0.1892	2	0.8515
果子	2	0	-0.4869	0	-0.1892	2	0.8515
肚里	2	0	-0.4869	0	-0.1892	2	0.8515
远道而来	2	0	-0.4869	0	-0.1892	2	0.8515
我国	2	0	-0.4869	0	-0.1892	2	0.8515
贵国	2	0	-0.4869	0	-0.1892	2	0.8515
瞟	2	0	-0.4869	0	-0.1892	2	0.8515
若有	2	0	-0.4869	0	-0.1892	2	0.8515
绣	2	0	-0.4869	0	-0.1892	2	0.8515
原是	2	0	-0.4869	0	-0.1892	2	0.8515
回廊	2	0	-0.4869	0	-0.1892	2	0.8515
珠帘	2	0	-0.4869	0	-0.1892	2	0.8515
龙椅	2	0	-0.4869	0	-0.1892	2	0.8515
头戴	2	0	-0.4869	0	-0.1892	2	0.8515
身穿	2	0	-0.4869	0	-0.1892	2	0.8515
扶	2	0	-0.4869	0	-0.1892	2	0.8515
从未有过	2	0	-0.4869	0	-0.1892	2	0.8515
美意	2	0	-0.4869	0	-0.1892	2	0.8515
心领	2	0	-0.4869	0	-0.1892	2	0.8515
人生在世	2	0	-0.4869	0	-0.1892	2	0.8515
若肯	2	0	-0.4869	0	-0.1892	2	0.8515
小虫	2	0	-0.4869	0	-0.1892	2	0.8515
口水	2	0	-0.4869	0	-0.1892	2	0.8515
流	2	0	-0.4869	0	-0.1892	2	0.8515
好吃	2	0	-0.4869	0	-0.1892	2	0.8515
不会	2	0	-0.4869	0	-0.1892	2	0.8515
一路平安	2	0	-0.4869	0	-0.1892	2	0.8515
普度众生	2	0	-0.4869	0	-0.1892	2	0.8515
抛	2	0	-0.4869	0	-0.1892	2	0.8515
原	2	0	-0.4869	0	-0.1892	2	0.8515
毒针	2	0	-0.4869	0	-0.1892	2	0.8515
躲	2	0	-0.4869	0	-0.1892	2	0.8515
过去	2	0	-0.4869	0	-0.1892	2	0.8515
围攻	2	0	-0.4869	0	-0.1892	2	0.8515
见三人	2	0	-0.4869	0	-0.1892	2	0.8515
结果	2	0	-0.4869	0	-0.1892	2	0.8515
路上	2	0	-0.4869	0	-0.1892	2	0.8515
腰肢	2	0	-0.4869	0	-0.1892	2	0.8515
袅娜	2	0	-0.4869	0	-0.1892	2	0.8515
含春	2	0	-0.4869	0	-0.1892	2	0.8515
新	2	0	-0.4869	0	-0.1892	2	0.8515
妖	2	0	-0.4869	0	-0.1892	2	0.8515
欺	2	0	-0.4869	0	-0.1892	2	0.8515
罩住	2	0	-0.4869	0	-0.1892	2	0.8515
筑得	2	0	-0.4869	0	-0.1892	2	0.8515
贱	2	0	-0.4869	0	-0.1892	2	0.8515
二人	2	0	-0.4869	0	-0.1892	2	0.8515
将身	2	0	-0.4869	0	-0.1892	2	0.8515
桩	2	0	-0.4869	0	-0.1892	2	0.8515
叫声	2	0	-0.4869	0	-0.1892	2	0.8515
抱头	2	0	-0.4869	0	-0.1892	2	0.8515
发狠	2	0	-0.4869	0	-0.1892	2	0.8515
赶上	2	0	-0.4869	0	-0.1892	2	0.8515
上扎	2	0	-0.4869	0	-0.1892	2	0.8515
肿得	2	0	-0.4869	0	-0.1892	2	0.8515
叉	2	0	-0.4869	0	-0.1892	2	0.8515
不妨	2	0	-0.4869	0	-0.1892	2	0.8515
次日	2	0	-0.4869	0	-0.1892	2	0.8515
肿	2	0	-0.4869	0	-0.1892	2	0.8515
前者	2	0	-0.4869	0	-0.1892	2	0.8515
东	2	0	-0.4869	0	-0.1892	2	0.8515
告求	2	0	-0.4869	0	-0.1892	2	0.8515
救星	2	0	-0.4869	0	-0.1892	2	0.8515
教	2	0	-0.4869	0	-0.1892	2	0.8515
昨日	2	0	-0.4869	0	-0.1892	2	0.8515
作礼道	2	0	-0.4869	0	-0.1892	2	0.8515
大圣何	2	0	-0.4869	0	-0.1892	2	0.8515
四	2	0	-0.4869	0	-0.1892	2	0.8515
玉帝	2	0	-0.4869	0	-0.1892	2	0.8515
观星台	2	0	-0.4869	0	-0.1892	2	0.8515
君道	2	0	-0.4869	0	-0.1892	2	0.8515
岂敢	2	0	-0.4869	0	-0.1892	2	0.8515
矣	2	0	-0.4869	0	-0.1892	2	0.8515
无人	2	0	-0.4869	0	-0.1892	2	0.8515
抽身	2	0	-0.4869	0	-0.1892	2	0.8515
那壁厢	2	0	-0.4869	0	-0.1892	2	0.8515
兵士	2	0	-0.4869	0	-0.1892	2	0.8515
七	2	0	-0.4869	0	-0.1892	2	0.8515
迅速	2	0	-0.4869	0	-0.1892	2	0.8515
宿	2	0	-0.4869	0	-0.1892	2	0.8515
呼唤	2	0	-0.4869	0	-0.1892	2	0.8515
神	2	0	-0.4869	0	-0.1892	2	0.8515
直至	2	0	-0.4869	0	-0.1892	2	0.8515
同行者	2	0	-0.4869	0	-0.1892	2	0.8515
之下	2	0	-0.4869	0	-0.1892	2	0.8515
医治	2	0	-0.4869	0	-0.1892	2	0.8515
一摸	2	0	-0.4869	0	-0.1892	2	0.8515
妙	2	0	-0.4869	0	-0.1892	2	0.8515
夜	2	0	-0.4869	0	-0.1892	2	0.8515
发	2	0	-0.4869	0	-0.1892	2	0.8515
迭	2	0	-0.4869	0	-0.1892	2	0.8515
二门	2	0	-0.4869	0	-0.1892	2	0.8515
打破	2	0	-0.4869	0	-0.1892	2	0.8515
茶饭	2	0	-0.4869	0	-0.1892	2	0.8515
即时	2	0	-0.4869	0	-0.1892	2	0.8515
就现	2	0	-0.4869	0	-0.1892	2	0.8515
本象	2	0	-0.4869	0	-0.1892	2	0.8515
坡	2	0	-0.4869	0	-0.1892	2	0.8515
诗	2	0	-0.4869	0	-0.1892	2	0.8515
全	2	0	-0.4869	0	-0.1892	2	0.8515
丫鬟	2	0	-0.4869	0	-0.1892	2	0.8515
后边	2	0	-0.4869	0	-0.1892	2	0.8515
那厮	2	0	-0.4869	0	-0.1892	2	0.8515
收伏	2	0	-0.4869	0	-0.1892	2	0.8515
泥	2	0	-0.4869	0	-0.1892	2	0.8515
火	2	0	-0.4869	0	-0.1892	2	0.8515
色相	2	0	-0.4869	0	-0.1892	2	0.8515
不觉	2	0	-0.4869	0	-0.1892	2	0.8515
云	2	0	-0.4869	0	-0.1892	2	0.8515
有事	2	0	-0.4869	0	-0.1892	2	0.8515
即	2	0	-0.4869	0	-0.1892	2	0.8515
那长老	2	0	-0.4869	0	-0.1892	2	0.8515
古树森	2	0	-0.4869	0	-0.1892	2	0.8515
佳人	2	0	-0.4869	0	-0.1892	2	0.8515
静悄悄	2	0	-0.4869	0	-0.1892	2	0.8515
飘扬	2	0	-0.4869	0	-0.1892	2	0.8515
翠袖	2	0	-0.4869	0	-0.1892	2	0.8515
摇	2	0	-0.4869	0	-0.1892	2	0.8515
缃	2	0	-0.4869	0	-0.1892	2	0.8515
退步	2	0	-0.4869	0	-0.1892	2	0.8515
明珠	2	0	-0.4869	0	-0.1892	2	0.8515
潠	2	0	-0.4869	0	-0.1892	2	0.8515
采	2	0	-0.4869	0	-0.1892	2	0.8515
峦	2	0	-0.4869	0	-0.1892	2	0.8515
地脉	2	0	-0.4869	0	-0.1892	2	0.8515
遥长	2	0	-0.4869	0	-0.1892	2	0.8515
化缘	2	0	-0.4869	0	-0.1892	2	0.8515
差去	2	0	-0.4869	0	-0.1892	2	0.8515
雷音	2	0	-0.4869	0	-0.1892	2	0.8515
宝方	2	0	-0.4869	0	-0.1892	2	0.8515
檀府	2	0	-0.4869	0	-0.1892	2	0.8515
怠慢	2	0	-0.4869	0	-0.1892	2	0.8515
用些	2	0	-0.4869	0	-0.1892	2	0.8515
闻	2	0	-0.4869	0	-0.1892	2	0.8515
觉	2	0	-0.4869	0	-0.1892	2	0.8515
好心	2	0	-0.4869	0	-0.1892	2	0.8515
绳索	2	0	-0.4869	0	-0.1892	2	0.8515
梁上	2	0	-0.4869	0	-0.1892	2	0.8515
反为	2	0	-0.4869	0	-0.1892	2	0.8515
不美	2	0	-0.4869	0	-0.1892	2	0.8515
庄前	2	0	-0.4869	0	-0.1892	2	0.8515
凉快	2	0	-0.4869	0	-0.1892	2	0.8515
这伙	2	0	-0.4869	0	-0.1892	2	0.8515
倒会	2	0	-0.4869	0	-0.1892	2	0.8515
半合泉	2	0	-0.4869	0	-0.1892	2	0.8515
清波	2	0	-0.4869	0	-0.1892	2	0.8515
泉中	2	0	-0.4869	0	-0.1892	2	0.8515
耍耍	2	0	-0.4869	0	-0.1892	2	0.8515
蒸	2	0	-0.4869	0	-0.1892	2	0.8515
愿意	2	0	-0.4869	0	-0.1892	2	0.8515
现在	2	0	-0.4869	0	-0.1892	2	0.8515
遮住	2	0	-0.4869	0	-0.1892	2	0.8515
摔	2	0	-0.4869	0	-0.1892	2	0.8515
跟头	2	0	-0.4869	0	-0.1892	2	0.8515
收回	2	0	-0.4869	0	-0.1892	2	0.8515
几件	2	0	-0.4869	0	-0.1892	2	0.8515
蚂	2	0	-0.4869	0	-0.1892	2	0.8515
蜢	2	0	-0.4869	0	-0.1892	2	0.8515
牛蜢	2	0	-0.4869	0	-0.1892	2	0.8515
蜻蜓	2	0	-0.4869	0	-0.1892	2	0.8515
不满	2	0	-0.4869	0	-0.1892	2	0.8515
重	2	0	-0.4869	0	-0.1892	2	0.8515
准备	2	0	-0.4869	0	-0.1892	2	0.8515
十个	2	0	-0.4869	0	-0.1892	2	0.8515
百个	2	0	-0.4869	0	-0.1892	2	0.8515
千个	2	0	-0.4869	0	-0.1892	2	0.8515
办法	2	0	-0.4869	0	-0.1892	2	0.8515
流沙河	2	0	-0.4869	0	-0.1892	2	0.8515
恐怕	2	0	-0.4869	0	-0.1892	2	0.8515
既要	2	0	-0.4869	0	-0.1892	2	0.8515
驮	2	0	-0.4869	0	-0.1892	2	0.8515
龙	2	0	-0.4869	0	-0.1892	2	0.8515
那马	2	0	-0.4869	0	-0.1892	2	0.8515
几树	2	0	-0.4869	0	-0.1892	2	0.8515
垂杨柳	2	0	-0.4869	0	-0.1892	2	0.8515
数竿	2	0	-0.4869	0	-0.1892	2	0.8515
修竹	2	0	-0.4869	0	-0.1892	2	0.8515
明日	2	0	-0.4869	0	-0.1892	2	0.8515
再行	2	0	-0.4869	0	-0.1892	2	0.8515
切不可	2	0	-0.4869	0	-0.1892	2	0.8515
担	2	0	-0.4869	0	-0.1892	2	0.8515
叩门	2	0	-0.4869	0	-0.1892	2	0.8515
者	2	0	-0.4869	0	-0.1892	2	0.8515
失敬	2	0	-0.4869	0	-0.1892	2	0.8515
院内	2	0	-0.4869	0	-0.1892	2	0.8515
差矣	2	0	-0.4869	0	-0.1892	2	0.8515
万望	2	0	-0.4869	0	-0.1892	2	0.8515
痒痒	2	0	-0.4869	0	-0.1892	2	0.8515
退下	2	0	-0.4869	0	-0.1892	2	0.8515
所化	2	0	-0.4869	0	-0.1892	2	0.8515
汗衫	2	0	-0.4869	0	-0.1892	2	0.8515
知错	2	0	-0.4869	0	-0.1892	2	0.8515
第十八章	1	0	-0.2434	1	0.7084	0	-0.2043
孙悟空三打白骨精	1	0	-0.2434	1	0.7084	0	-0.2043
唐僧师徒收抬欲行	1	0	-0.2434	1	0.7084	0	-0.2043
那镇元大仙与孙悟空结为兄弟	1	0	-0.2434	1	0.7084	0	-0.2043
两人情投意合	1	0	-0.2434	1	0.7084	0	-0.2043
大仙一再挽留	1	0	-0.2434	1	0.7084	0	-0.2043
这一行人又住了五六日	1	0	-0.2434	1	0.7084	0	-0.2043
唐僧吃了人参果好似脱胎换骨	1	0	-0.2434	1	0.7084	0	-0.2043
神爽体健	1	0	-0.2434	1	0.7084	0	-0.2043
师徒们告别了镇元大仙	1	0	-0.2434	1	0.7084	0	-0.2043
上路西行	1	0	-0.2434	1	0.7084	0	-0.2043
走到一个山高林深之处	1	0	-0.2434	1	0.7084	0	-0.2043
我这一日	1	0	-0.2434	1	0.7084	0	-0.2043
肚子饥了	1	0	-0.2434	1	0.7084	0	-0.2043
你去给咱化些斋吃	1	0	-0.2434	1	0.7084	0	-0.2043
行者陪笑道	1	0	-0.2434	1	0.7084	0	-0.2043
师父真是糊涂	1	0	-0.2434	1	0.7084	0	-0.2043
在这半山之中	1	0	-0.2434	1	0.7084	0	-0.2043
前不巴村	1	0	-0.2434	1	0.7084	0	-0.2043
后不着店	1	0	-0.2434	1	0.7084	0	-0.2043
有钱也没处去买	1	0	-0.2434	1	0.7084	0	-0.2043
去哪里化斋	1	0	-0.2434	1	0.7084	0	-0.2043
唐僧听了这话	1	0	-0.2434	1	0.7084	0	-0.2043
心中挺不高兴	1	0	-0.2434	1	0.7084	0	-0.2043
就说	1	0	-0.2434	1	0.7084	0	-0.2043
你这猴子	1	0	-0.2434	1	0.7084	0	-0.2043
当年你被压在五行山下	1	0	-0.2434	1	0.7084	0	-0.2043
亏我救了你性命	1	0	-0.2434	1	0.7084	0	-0.2043
收你做了我的徒弟	1	0	-0.2434	1	0.7084	0	-0.2043
你怎么忘恩负义	1	0	-0.2434	1	0.7084	0	-0.2043
为何不肯努力	1	0	-0.2434	1	0.7084	0	-0.2043
常怀懒惰之心	1	0	-0.2434	1	0.7084	0	-0.2043
弟子一向勤快	1	0	-0.2434	1	0.7084	0	-0.2043
何曾懒惰	1	0	-0.2434	1	0.7084	0	-0.2043
你既勤快	1	0	-0.2434	1	0.7084	0	-0.2043
为何不去给我化斋吃	1	0	-0.2434	1	0.7084	0	-0.2043
师父稍等	1	0	-0.2434	1	0.7084	0	-0.2043
我去看看哪里有人家	1	0	-0.2434	1	0.7084	0	-0.2043
只见悟空将身一纵	1	0	-0.2434	1	0.7084	0	-0.2043
跳上云端	1	0	-0.2434	1	0.7084	0	-0.2043
四处观看	1	0	-0.2434	1	0.7084	0	-0.2043
根本没有人家	1	0	-0.2434	1	0.7084	0	-0.2043
只是南面一座山上	1	0	-0.2434	1	0.7084	0	-0.2043
有野果子可以充饥	1	0	-0.2434	1	0.7084	0	-0.2043
行者按下云头	1	0	-0.2434	1	0.7084	0	-0.2043
这里没有人家可以化斋	1	0	-0.2434	1	0.7084	0	-0.2043
南山上有一片红透了的山桃	1	0	-0.2434	1	0.7084	0	-0.2043
我去摘几个来充饥罢	1	0	-0.2434	1	0.7084	0	-0.2043
唐僧喜道	1	0	-0.2434	1	0.7084	0	-0.2043
出家人能有桃子吃就很不错了	1	0	-0.2434	1	0.7084	0	-0.2043
快去摘	1	0	-0.2434	1	0.7084	0	-0.2043
行者纵身	1	0	-0.2434	1	0.7084	0	-0.2043
去南山摘桃了	1	0	-0.2434	1	0.7084	0	-0.2043
常青道	1	0	-0.2434	1	0.7084	0	-0.2043
山高必有怪	1	0	-0.2434	1	0.7084	0	-0.2043
岭峻定生精	1	0	-0.2434	1	0.7084	0	-0.2043
果然这山上有一个白骨精	1	0	-0.2434	1	0.7084	0	-0.2043
她早就听说唐僧西天取经要从这里经过	1	0	-0.2434	1	0.7084	0	-0.2043
已经等候多时	1	0	-0.2434	1	0.7084	0	-0.2043
今天	1	0	-0.2434	1	0.7084	0	-0.2043
她在云端里	1	0	-0.2434	1	0.7084	0	-0.2043
踏着阴风	1	0	-0.2434	1	0.7084	0	-0.2043
看见唐僧坐在地上	1	0	-0.2434	1	0.7084	0	-0.2043
不胜欢喜道	1	0	-0.2434	1	0.7084	0	-0.2043
真是造化	1	0	-0.2434	1	0.7084	0	-0.2043
吃了唐僧肉	1	0	-0.2434	1	0.7084	0	-0.2043
能长生不老	1	0	-0.2434	1	0.7084	0	-0.2043
今天可到手了	1	0	-0.2434	1	0.7084	0	-0.2043
那白骨精就想上前拿唐僧	1	0	-0.2434	1	0.7084	0	-0.2043
但见猪八戒这个当年的天蓬元帅和沙和尚这个当年的卷帘大将在左右两旁保护着唐僧	1	0	-0.2434	1	0.7084	0	-0.2043
她不敢立即下手	1	0	-0.2434	1	0.7084	0	-0.2043
白骨精决定施计捉拿唐僧	1	0	-0.2434	1	0.7084	0	-0.2043
只见白骨精在山沟里摇身一变	1	0	-0.2434	1	0.7084	0	-0.2043
变成个美貌的女子	1	0	-0.2434	1	0.7084	0	-0.2043
左手提着一个青砂罐儿	1	0	-0.2434	1	0.7084	0	-0.2043
右手提着一个绿磁瓶儿	1	0	-0.2434	1	0.7084	0	-0.2043
从西向东	1	0	-0.2434	1	0.7084	0	-0.2043
直奔唐僧而来	1	0	-0.2434	1	0.7084	0	-0.2043
唐僧见了说	1	0	-0.2434	1	0.7084	0	-0.2043
悟空说这里旷野无人	1	0	-0.2434	1	0.7084	0	-0.2043
你们看那里怎么走过一个人来	1	0	-0.2434	1	0.7084	0	-0.2043
你和沙师弟在这坐着	1	0	-0.2434	1	0.7084	0	-0.2043
等老猪我去看看	1	0	-0.2434	1	0.7084	0	-0.2043
那呆子放下耙子	1	0	-0.2434	1	0.7084	0	-0.2043
整整衣服	1	0	-0.2434	1	0.7084	0	-0.2043
摆摆摇摇	1	0	-0.2434	1	0.7084	0	-0.2043
装作很斯文的样子	1	0	-0.2434	1	0.7084	0	-0.2043
迎着女子走过来	1	0	-0.2434	1	0.7084	0	-0.2043
走到跟前一看	1	0	-0.2434	1	0.7084	0	-0.2043
那呆子就动了凡心	1	0	-0.2434	1	0.7084	0	-0.2043
忍不住胡言乱语起来	1	0	-0.2434	1	0.7084	0	-0.2043
手里提的是什么东西	1	0	-0.2434	1	0.7084	0	-0.2043
站在他面前的	1	0	-0.2434	1	0.7084	0	-0.2043
分明是个妖怪	1	0	-0.2434	1	0.7084	0	-0.2043
他却认不出来	1	0	-0.2434	1	0.7084	0	-0.2043
白骨精说	1	0	-0.2434	1	0.7084	0	-0.2043
我这青罐里是香米饭	1	0	-0.2434	1	0.7084	0	-0.2043
绿瓶里是炒面筋	1	0	-0.2434	1	0.7084	0	-0.2043
我来这里没别的事	1	0	-0.2434	1	0.7084	0	-0.2043
就是要还愿斋僧的	1	0	-0.2434	1	0.7084	0	-0.2043
八戒听了满心欢喜	1	0	-0.2434	1	0.7084	0	-0.2043
急回身报与唐僧	1	0	-0.2434	1	0.7084	0	-0.2043
好人自有天报	1	0	-0.2434	1	0.7084	0	-0.2043
师父饿了	1	0	-0.2434	1	0.7084	0	-0.2043
叫师兄击化斋	1	0	-0.2434	1	0.7084	0	-0.2043
那猴子也不知到哪里摘桃子去了	1	0	-0.2434	1	0.7084	0	-0.2043
只管自己吃	1	0	-0.2434	1	0.7084	0	-0.2043
也不回来	1	0	-0.2434	1	0.7084	0	-0.2043
你看那不是斋僧的来了	1	0	-0.2434	1	0.7084	0	-0.2043
唐僧见那个女子走过来了	1	0	-0.2434	1	0.7084	0	-0.2043
连忙站起身来	1	0	-0.2434	1	0.7084	0	-0.2043
合掌当胸道	1	0	-0.2434	1	0.7084	0	-0.2043
你住在哪里	1	0	-0.2434	1	0.7084	0	-0.2043
是什么人家	1	0	-0.2434	1	0.7084	0	-0.2043
有何愿心	1	0	-0.2434	1	0.7084	0	-0.2043
来此斋僧	1	0	-0.2434	1	0.7084	0	-0.2043
站在他面前的分明是个妖怪	1	0	-0.2434	1	0.7084	0	-0.2043
他也不认得	1	0	-0.2434	1	0.7084	0	-0.2043
那白骨精见唐僧问他的来历	1	0	-0.2434	1	0.7084	0	-0.2043
便花言巧语地说	1	0	-0.2434	1	0.7084	0	-0.2043
此山叫做蛇回兽怕的白虎岭	1	0	-0.2434	1	0.7084	0	-0.2043
正西下面是我家	1	0	-0.2434	1	0.7084	0	-0.2043
我父母所以看经好善	1	0	-0.2434	1	0.7084	0	-0.2043
广斋远近僧人	1	0	-0.2434	1	0.7084	0	-0.2043
是因为没有儿子	1	0	-0.2434	1	0.7084	0	-0.2043
只生了我奴婢一人	1	0	-0.2434	1	0.7084	0	-0.2043
恐怕老了没个依靠	1	0	-0.2434	1	0.7084	0	-0.2043
只得为奴招了一个女婿	1	0	-0.2434	1	0.7084	0	-0.2043
养老送终	1	0	-0.2434	1	0.7084	0	-0.2043
唐僧听了后说	1	0	-0.2434	1	0.7084	0	-0.2043
休说错了	1	0	-0.2434	1	0.7084	0	-0.2043
圣人云	1	0	-0.2434	1	0.7084	0	-0.2043
父母在	1	0	-0.2434	1	0.7084	0	-0.2043
不远游	1	0	-0.2434	1	0.7084	0	-0.2043
游必有方	1	0	-0.2434	1	0.7084	0	-0.2043
你既有父母在堂	1	0	-0.2434	1	0.7084	0	-0.2043
又给你招了女婿	1	0	-0.2434	1	0.7084	0	-0.2043
有愿心	1	0	-0.2434	1	0.7084	0	-0.2043
叫你男的还	1	0	-0.2434	1	0.7084	0	-0.2043
你一个女人家	1	0	-0.2434	1	0.7084	0	-0.2043
怎么自己在这山里走	1	0	-0.2434	1	0.7084	0	-0.2043
白骨精又笑迷迷地说	1	0	-0.2434	1	0.7084	0	-0.2043
我丈夫在北山沟里	1	0	-0.2434	1	0.7084	0	-0.2043
带几个人锄田	1	0	-0.2434	1	0.7084	0	-0.2043
这是我煮的饭	1	0	-0.2434	1	0.7084	0	-0.2043
本来是送给他们吃的	1	0	-0.2434	1	0.7084	0	-0.2043
只因五黄六月	1	0	-0.2434	1	0.7084	0	-0.2043
父母年老	1	0	-0.2434	1	0.7084	0	-0.2043
不能来送	1	0	-0.2434	1	0.7084	0	-0.2043
我来送饭	1	0	-0.2434	1	0.7084	0	-0.2043
正好遇见你们	1	0	-0.2434	1	0.7084	0	-0.2043
想起父母好善	1	0	-0.2434	1	0.7084	0	-0.2043
所以愿将此饭斋僧	1	0	-0.2434	1	0.7084	0	-0.2043
如不嫌弃	1	0	-0.2434	1	0.7084	0	-0.2043
请收下罢	1	0	-0.2434	1	0.7084	0	-0.2043
我徒弟摘果子去了	1	0	-0.2434	1	0.7084	0	-0.2043
就来	1	0	-0.2434	1	0.7084	0	-0.2043
我不吃你的饭	1	0	-0.2434	1	0.7084	0	-0.2043
那猪八戒见师父说什么也不吃	1	0	-0.2434	1	0.7084	0	-0.2043
埋怨着说	1	0	-0.2434	1	0.7084	0	-0.2043
天下的和尚也无数	1	0	-0.2434	1	0.7084	0	-0.2043
没有一个像我这个老和尚的	1	0	-0.2434	1	0.7084	0	-0.2043
现成的饭分成三份儿倒不吃	1	0	-0.2434	1	0.7084	0	-0.2043
等那猴子来了	1	0	-0.2434	1	0.7084	0	-0.2043
分成四份才吃	1	0	-0.2434	1	0.7084	0	-0.2043
他不容分说	1	0	-0.2434	1	0.7084	0	-0.2043
一嘴把个罐子拱倒就要动口	1	0	-0.2434	1	0.7084	0	-0.2043
只见孙悟空从南山摘果子回来了	1	0	-0.2434	1	0.7084	0	-0.2043
他火眼金睛观看	1	0	-0.2434	1	0.7084	0	-0.2043
一下子就认出那女子是个妖精	1	0	-0.2434	1	0.7084	0	-0.2043
悟空提起金箍棒当头就打	1	0	-0.2434	1	0.7084	0	-0.2043
吓得唐僧用手挡住道	1	0	-0.2434	1	0.7084	0	-0.2043
你刚来就要打谁	1	0	-0.2434	1	0.7084	0	-0.2043
你面前的这个女子是个妖精	1	0	-0.2434	1	0.7084	0	-0.2043
要来骗你哩	1	0	-0.2434	1	0.7084	0	-0.2043
这女菩萨有此善心	1	0	-0.2434	1	0.7084	0	-0.2043
要将这饭给我们吃	1	0	-0.2434	1	0.7084	0	-0.2043
你怎么说她是个妖精	1	0	-0.2434	1	0.7084	0	-0.2043
你哪里认得	1	0	-0.2434	1	0.7084	0	-0.2043
这确实是个妖怪	1	0	-0.2434	1	0.7084	0	-0.2043
我若来迟	1	0	-0.2434	1	0.7084	0	-0.2043
你定入她的圈套	1	0	-0.2434	1	0.7084	0	-0.2043
遭她毒手	1	0	-0.2434	1	0.7084	0	-0.2043
唐僧哪里肯信	1	0	-0.2434	1	0.7084	0	-0.2043
定说她是个好人	1	0	-0.2434	1	0.7084	0	-0.2043
悟空发起性来	1	0	-0.2434	1	0.7084	0	-0.2043
抡起棒子照妖精头上就悬一棒	1	0	-0.2434	1	0.7084	0	-0.2043
白骨精使了个解尸法	1	0	-0.2434	1	0.7084	0	-0.2043
见孙悟空棒子打下来时	1	0	-0.2434	1	0.7084	0	-0.2043
她预先走了	1	0	-0.2434	1	0.7084	0	-0.2043
把一个假尸首扔在地下	1	0	-0.2434	1	0.7084	0	-0.2043
唐僧吓得战战兢兢	1	0	-0.2434	1	0.7084	0	-0.2043
口中念道	1	0	-0.2434	1	0.7084	0	-0.2043
这猴子果然无礼	1	0	-0.2434	1	0.7084	0	-0.2043
屡劝不听	1	0	-0.2434	1	0.7084	0	-0.2043
无故伤人性命	1	0	-0.2434	1	0.7084	0	-0.2043
师父莫怪	1	0	-0.2434	1	0.7084	0	-0.2043
你且看看她那罐子里是什么东西	1	0	-0.2434	1	0.7084	0	-0.2043
沙僧扶着唐僧一看	1	0	-0.2434	1	0.7084	0	-0.2043
哪里有什么米饭	1	0	-0.2434	1	0.7084	0	-0.2043
却是一罐子拖尾巴的长蛆	1	0	-0.2434	1	0.7084	0	-0.2043
也没有什幺面筋	1	0	-0.2434	1	0.7084	0	-0.2043
却是几只青蛙	1	0	-0.2434	1	0.7084	0	-0.2043
满地乱跳	1	0	-0.2434	1	0.7084	0	-0.2043
唐僧才有三分信了	1	0	-0.2434	1	0.7084	0	-0.2043
可是猪八戒却挑拨说	1	0	-0.2434	1	0.7084	0	-0.2043
这女子本是此间农妇	1	0	-0.2434	1	0.7084	0	-0.2043
怎么能是妖怪	1	0	-0.2434	1	0.7084	0	-0.2043
师兄棒重	1	0	-0.2434	1	0.7084	0	-0.2043
没想到一下子把人家打死了	1	0	-0.2434	1	0.7084	0	-0.2043
他怕你念什么紧箍咒儿	1	0	-0.2434	1	0.7084	0	-0.2043
故意地使个障眼法	1	0	-0.2434	1	0.7084	0	-0.2043
把饭菜变成这些东西	1	0	-0.2434	1	0.7084	0	-0.2043
掩人耳目	1	0	-0.2434	1	0.7084	0	-0.2043
-	1	0	-0.2434	1	0.7084	0	-0.2043
唐僧听猪八戒这么一说	1	0	-0.2434	1	0.7084	0	-0.2043
果然相信了	1	0	-0.2434	1	0.7084	0	-0.2043
嘴里就念起了咒儿	1	0	-0.2434	1	0.7084	0	-0.2043
悟空大叫	1	0	-0.2434	1	0.7084	0	-0.2043
有话好说	1	0	-0.2434	1	0.7084	0	-0.2043
还有什么话说	1	0	-0.2434	1	0.7084	0	-0.2043
出家人常常与人方便	1	0	-0.2434	1	0.7084	0	-0.2043
念念不忘善心	1	0	-0.2434	1	0.7084	0	-0.2043
你怎么步步行凶	1	0	-0.2434	1	0.7084	0	-0.2043
活活打死这个无故的平民	1	0	-0.2434	1	0.7084	0	-0.2043
要这样	1	0	-0.2434	1	0.7084	0	-0.2043
取回经来有何用	1	0	-0.2434	1	0.7084	0	-0.2043
你叫我回哪里去	1	0	-0.2434	1	0.7084	0	-0.2043
你回哪里去我不管	1	0	-0.2434	1	0.7084	0	-0.2043
反正我不要你做徒弟	1	0	-0.2434	1	0.7084	0	-0.2043
你不要我当徒弟	1	0	-0.2434	1	0.7084	0	-0.2043
只怕你去不了西天	1	0	-0.2434	1	0.7084	0	-0.2043
取不回经	1	0	-0.2434	1	0.7084	0	-0.2043
我听天由命	1	0	-0.2434	1	0.7084	0	-0.2043
就是被哪个妖精蒸着吃了	1	0	-0.2434	1	0.7084	0	-0.2043
也不后悔	1	0	-0.2434	1	0.7084	0	-0.2043
我回去也便罢了	1	0	-0.2434	1	0.7084	0	-0.2043
只是不曾报答师父救命之恩	1	0	-0.2434	1	0.7084	0	-0.2043
唐僧见悟空苦苦哀求不愿离开	1	0	-0.2434	1	0.7084	0	-0.2043
也就有所松动	1	0	-0.2434	1	0.7084	0	-0.2043
我且饶你这一次	1	0	-0.2434	1	0.7084	0	-0.2043
你若再作恶	1	0	-0.2434	1	0.7084	0	-0.2043
我就把咒语念二十遍	1	0	-0.2434	1	0.7084	0	-0.2043
三十遍也由你	1	0	-0.2434	1	0.7084	0	-0.2043
只是我不打人了	1	0	-0.2434	1	0.7084	0	-0.2043
说完便服侍师父上马	1	0	-0.2434	1	0.7084	0	-0.2043
又将摘来的桃子奉上	1	0	-0.2434	1	0.7084	0	-0.2043
再说那妖精	1	0	-0.2434	1	0.7084	0	-0.2043
这时在云端里	1	0	-0.2434	1	0.7084	0	-0.2043
恨死了孙悟空	1	0	-0.2434	1	0.7084	0	-0.2043
只见她又撼摇身一变	1	0	-0.2434	1	0.7084	0	-0.2043
变成个老妇人	1	0	-0.2434	1	0.7084	0	-0.2043
手里挂着一根拐杖	1	0	-0.2434	1	0.7084	0	-0.2043
一步一声地哭着走来	1	0	-0.2434	1	0.7084	0	-0.2043
猪八戒见了	1	0	-0.2434	1	0.7084	0	-0.2043
大惊道	1	0	-0.2434	1	0.7084	0	-0.2043
不好了	1	0	-0.2434	1	0.7084	0	-0.2043
妈妈来寻女儿来了	1	0	-0.2434	1	0.7084	0	-0.2043
兄弟莫要胡说	1	0	-0.2434	1	0.7084	0	-0.2043
那女子十八岁	1	0	-0.2434	1	0.7084	0	-0.2043
这老妇有八十岁	1	0	-0.2434	1	0.7084	0	-0.2043
难道六十岁还会生孩子	1	0	-0.2434	1	0.7084	0	-0.2043
肯定是假的	1	0	-0.2434	1	0.7084	0	-0.2043
等老孙我去看看	1	0	-0.2434	1	0.7084	0	-0.2043
悟空走上前去	1	0	-0.2434	1	0.7084	0	-0.2043
一眼就认出是个妖精	1	0	-0.2434	1	0.7084	0	-0.2043
举棒就打	1	0	-0.2434	1	0.7084	0	-0.2043
那白骨精又脱真形儿去了	1	0	-0.2434	1	0.7084	0	-0.2043
把一个假尸首留在山路之下	1	0	-0.2434	1	0.7084	0	-0.2043
唐僧一见	1	0	-0.2434	1	0.7084	0	-0.2043
惊下马来	1	0	-0.2434	1	0.7084	0	-0.2043
二话没说	1	0	-0.2434	1	0.7084	0	-0.2043
只是念紧箍咒儿	1	0	-0.2434	1	0.7084	0	-0.2043
足足念了二十遍	1	0	-0.2434	1	0.7084	0	-0.2043
可把孙悟空疼坏了	1	0	-0.2434	1	0.7084	0	-0.2043
在地上直打滚	1	0	-0.2434	1	0.7084	0	-0.2043
哀告道	1	0	-0.2434	1	0.7084	0	-0.2043
师父莫念了	1	0	-0.2434	1	0.7084	0	-0.2043
有什么话说罢	1	0	-0.2434	1	0.7084	0	-0.2043
我劝了你多时	1	0	-0.2434	1	0.7084	0	-0.2043
你只是行凶	1	0	-0.2434	1	0.7084	0	-0.2043
把平民打死一个又一个是何道理	1	0	-0.2434	1	0.7084	0	-0.2043
她是妖怪	1	0	-0.2434	1	0.7084	0	-0.2043
这猴子胡说	1	0	-0.2434	1	0.7084	0	-0.2043
哪有这么多妖怪	1	0	-0.2434	1	0.7084	0	-0.2043
你是个无心向善之辈	1	0	-0.2434	1	0.7084	0	-0.2043
有意作恶之人	1	0	-0.2434	1	0.7084	0	-0.2043
师父叫我走	1	0	-0.2434	1	0.7084	0	-0.2043
我就回去罢了	1	0	-0.2434	1	0.7084	0	-0.2043
但俺老孙五百年前在花果山水帘洞	1	0	-0.2434	1	0.7084	0	-0.2043
收降七十二洞邪魔	1	0	-0.2434	1	0.7084	0	-0.2043
手下有四万七千群猴	1	0	-0.2434	1	0.7084	0	-0.2043
头戴的是紫金冠	1	0	-0.2434	1	0.7084	0	-0.2043
身穿的是大黄袍	1	0	-0.2434	1	0.7084	0	-0.2043
腰系的是蓝田带	1	0	-0.2434	1	0.7084	0	-0.2043
足踏的是步云履	1	0	-0.2434	1	0.7084	0	-0.2043
手执的是如意金箍棒	1	0	-0.2434	1	0.7084	0	-0.2043
着实也威风得很	1	0	-0.2434	1	0.7084	0	-0.2043
如今我头上勒了个紧箍儿	1	0	-0.2434	1	0.7084	0	-0.2043
若回到花果山	1	0	-0.2434	1	0.7084	0	-0.2043
怎样见人	1	0	-0.2434	1	0.7084	0	-0.2043
师父若不要我	1	0	-0.2434	1	0.7084	0	-0.2043
就把那松紧箍咒儿念一念	1	0	-0.2434	1	0.7084	0	-0.2043
从我头上退下这个箍儿	1	0	-0.2434	1	0.7084	0	-0.2043
我快快活活离开你	1	0	-0.2434	1	0.7084	0	-0.2043
也算跟了你一场	1	0	-0.2434	1	0.7084	0	-0.2043
唐僧听了为难道	1	0	-0.2434	1	0.7084	0	-0.2043
当时菩萨确实没有教给我松紧箍咒儿的经	1	0	-0.2434	1	0.7084	0	-0.2043
我怎么能给你取下来呢	1	0	-0.2434	1	0.7084	0	-0.2043
若没有	1	0	-0.2434	1	0.7084	0	-0.2043
你还是带我走罢	1	0	-0.2434	1	0.7084	0	-0.2043
我再饶你这一次	1	0	-0.2434	1	0.7084	0	-0.2043
却不可再行凶了	1	0	-0.2434	1	0.7084	0	-0.2043
白骨精第三次又变成一个老公公	1	0	-0.2434	1	0.7084	0	-0.2043
冲着唐僧师徒走过来了	1	0	-0.2434	1	0.7084	0	-0.2043
祸事又来了	1	0	-0.2434	1	0.7084	0	-0.2043
我师兄打死人家的女儿	1	0	-0.2434	1	0.7084	0	-0.2043
又打死人家的妻子	1	0	-0.2434	1	0.7084	0	-0.2043
这老公公寻过来了	1	0	-0.2434	1	0.7084	0	-0.2043
这个呆子	1	0	-0.2434	1	0.7084	0	-0.2043
你又吓唬师父	1	0	-0.2434	1	0.7084	0	-0.2043
等我再去看看	1	0	-0.2434	1	0.7084	0	-0.2043
这老头见悟空过来	1	0	-0.2434	1	0.7084	0	-0.2043
装成可怜的样子说	1	0	-0.2434	1	0.7084	0	-0.2043
长老啊	1	0	-0.2434	1	0.7084	0	-0.2043
我老汉祖居此地	1	0	-0.2434	1	0.7084	0	-0.2043
一生好善斋僧看经念佛	1	0	-0.2434	1	0.7084	0	-0.2043
命里无儿	1	0	-0.2434	1	0.7084	0	-0.2043
只生了一个女儿	1	0	-0.2434	1	0.7084	0	-0.2043
招了个女婿	1	0	-0.2434	1	0.7084	0	-0.2043
小女今早送饭下田	1	0	-0.2434	1	0.7084	0	-0.2043
想是遭逢虎口	1	0	-0.2434	1	0.7084	0	-0.2043
老妻先来找寻	1	0	-0.2434	1	0.7084	0	-0.2043
也不见下落	1	0	-0.2434	1	0.7084	0	-0.2043
老汉特来寻找	1	0	-0.2434	1	0.7084	0	-0.2043
悟空笑道	1	0	-0.2434	1	0.7084	0	-0.2043
你能瞒过别人	1	0	-0.2434	1	0.7084	0	-0.2043
却瞒不过我	1	0	-0.2434	1	0.7084	0	-0.2043
我认得你是个妖精	1	0	-0.2434	1	0.7084	0	-0.2043
那妖精吓得哑口无言	1	0	-0.2434	1	0.7084	0	-0.2043
悟空想	1	0	-0.2434	1	0.7084	0	-0.2043
我要不打死他	1	0	-0.2434	1	0.7084	0	-0.2043
他一时间得空就会把师父捞了去	1	0	-0.2434	1	0.7084	0	-0.2043
还得费劲去救师父	1	0	-0.2434	1	0.7084	0	-0.2043
若一棒子打死他	1	0	-0.2434	1	0.7084	0	-0.2043
师父又不信是妖精	1	0	-0.2434	1	0.7084	0	-0.2043
还要念咒儿	1	0	-0.2434	1	0.7084	0	-0.2043
虎毒不吃亲生子	1	0	-0.2434	1	0.7084	0	-0.2043
凭着我三寸不烂之舌	1	0	-0.2434	1	0.7084	0	-0.2043
再哄他一哄也就罢了	1	0	-0.2434	1	0.7084	0	-0.2043
那大圣举起棒来	1	0	-0.2434	1	0.7084	0	-0.2043
一棍下去	1	0	-0.2434	1	0.7084	0	-0.2043
白骨精又留下尸首逃走了	1	0	-0.2434	1	0.7084	0	-0.2043
那唐僧在马上吓得战战兢兢	1	0	-0.2434	1	0.7084	0	-0.2043
口不能言	1	0	-0.2434	1	0.7084	0	-0.2043
八戒又火上浇油	1	0	-0.2434	1	0.7084	0	-0.2043
好行者	1	0	-0.2434	1	0.7084	0	-0.2043
只走了半日路	1	0	-0.2434	1	0.7084	0	-0.2043
你就打死三个人	1	0	-0.2434	1	0.7084	0	-0.2043
唐僧又要念紧箍咒儿	1	0	-0.2434	1	0.7084	0	-0.2043
悟空忙说	1	0	-0.2434	1	0.7084	0	-0.2043
你且来看看她的模样	1	0	-0.2434	1	0.7084	0	-0.2043
唐僧一看	1	0	-0.2434	1	0.7084	0	-0.2043
是一堆骷髅	1	0	-0.2434	1	0.7084	0	-0.2043
唐僧也就信了	1	0	-0.2434	1	0.7084	0	-0.2043
不再念紧箍咒了	1	0	-0.2434	1	0.7084	0	-0.2043
那猪八戒却挑唆道	1	0	-0.2434	1	0.7084	0	-0.2043
他把人打死	1	0	-0.2434	1	0.7084	0	-0.2043
只怕你念那咒儿	1	0	-0.2434	1	0.7084	0	-0.2043
故意变成这个模样	1	0	-0.2434	1	0.7084	0	-0.2043
遮你的眼耳哩	1	0	-0.2434	1	0.7084	0	-0.2043
唐僧耳软	1	0	-0.2434	1	0.7084	0	-0.2043
又信丁他	1	0	-0.2434	1	0.7084	0	-0.2043
随着就念起来了	1	0	-0.2434	1	0.7084	0	-0.2043
悟空跪在路旁叫道	1	0	-0.2434	1	0.7084	0	-0.2043
莫忿	1	0	-0.2434	1	0.7084	0	-0.2043
有什么话快说罢	1	0	-0.2434	1	0.7084	0	-0.2043
出家人行善如春园之草	1	0	-0.2434	1	0.7084	0	-0.2043
不见其长	1	0	-0.2434	1	0.7084	0	-0.2043
日有所增	1	0	-0.2434	1	0.7084	0	-0.2043
行恶之人如磨刀之石	1	0	-0.2434	1	0.7084	0	-0.2043
不见其损	1	0	-0.2434	1	0.7084	0	-0.2043
日有所亏	1	0	-0.2434	1	0.7084	0	-0.2043
你在这荒郊野外	1	0	-0.2434	1	0.7084	0	-0.2043
一连打死三人	1	0	-0.2434	1	0.7084	0	-0.2043
倘到城市之中	1	0	-0.2434	1	0.7084	0	-0.2043
你要拿了那哭丧棒乱打起来	1	0	-0.2434	1	0.7084	0	-0.2043
还不知要闯出多少祸来	1	0	-0.2434	1	0.7084	0	-0.2043
你给我回去罢	1	0	-0.2434	1	0.7084	0	-0.2043
师父错怪了我	1	0	-0.2434	1	0.7084	0	-0.2043
我打死的这三个人	1	0	-0.2434	1	0.7084	0	-0.2043
分明是妖精变的	1	0	-0.2434	1	0.7084	0	-0.2043
她实有心害你	1	0	-0.2434	1	0.7084	0	-0.2043
我打死她替你除了害	1	0	-0.2434	1	0.7084	0	-0.2043
你却不认得	1	0	-0.2434	1	0.7084	0	-0.2043
反而相信那呆子谗言冷语	1	0	-0.2434	1	0.7084	0	-0.2043
三番五次地让我走	1	0	-0.2434	1	0.7084	0	-0.2043
事不过三	1	0	-0.2434	1	0.7084	0	-0.2043
我若不走	1	0	-0.2434	1	0.7084	0	-0.2043
真成了下流无耻之徒了	1	0	-0.2434	1	0.7084	0	-0.2043
我去我去	1	0	-0.2434	1	0.7084	0	-0.2043
只是我担心你手下无人	1	0	-0.2434	1	0.7084	0	-0.2043
唐僧发怒道	1	0	-0.2434	1	0.7084	0	-0.2043
这泼猴越发无礼	1	0	-0.2434	1	0.7084	0	-0.2043
在你看来只有你是人	1	0	-0.2434	1	0.7084	0	-0.2043
那悟能	1	0	-0.2434	1	0.7084	0	-0.2043
悟净就不是人	1	0	-0.2434	1	0.7084	0	-0.2043
孙悟空一听此话	1	0	-0.2434	1	0.7084	0	-0.2043
不觉伤心	1	0	-0.2434	1	0.7084	0	-0.2043
他对唐僧说	1	0	-0.2434	1	0.7084	0	-0.2043
那时节你出了长安	1	0	-0.2434	1	0.7084	0	-0.2043
有刘伯钦送你上路	1	0	-0.2434	1	0.7084	0	-0.2043
到五行出	1	0	-0.2434	1	0.7084	0	-0.2043
救我出来	1	0	-0.2434	1	0.7084	0	-0.2043
拜你为师	1	0	-0.2434	1	0.7084	0	-0.2043
我曾穿古洞	1	0	-0.2434	1	0.7084	0	-0.2043
入深林	1	0	-0.2434	1	0.7084	0	-0.2043
擒妖捉怪	1	0	-0.2434	1	0.7084	0	-0.2043
收八戒	1	0	-0.2434	1	0.7084	0	-0.2043
得沙僧	1	0	-0.2434	1	0.7084	0	-0.2043
吃尽了千辛万苦	1	0	-0.2434	1	0.7084	0	-0.2043
今日你全不想这些	1	0	-0.2434	1	0.7084	0	-0.2043
只是一个劲地叫我回去	1	0	-0.2434	1	0.7084	0	-0.2043
这才是鸟尽弓藏	1	0	-0.2434	1	0.7084	0	-0.2043
兔死狗烹	1	0	-0.2434	1	0.7084	0	-0.2043
罢罢罢	1	0	-0.2434	1	0.7084	0	-0.2043
这些我也不计较了	1	0	-0.2434	1	0.7084	0	-0.2043
只是多了个紧箍咒儿	1	0	-0.2434	1	0.7084	0	-0.2043
唐僧见他言言语语越来越烦	1	0	-0.2434	1	0.7084	0	-0.2043
便滚鞍下马叫沙僧从包袱里取出纸笔	1	0	-0.2434	1	0.7084	0	-0.2043
写了一张贬书递给行者道	1	0	-0.2434	1	0.7084	0	-0.2043
执此贬书走罢	1	0	-0.2434	1	0.7084	0	-0.2043
我永不要你当徒弟了	1	0	-0.2434	1	0.7084	0	-0.2043
如再与你相见	1	0	-0.2434	1	0.7084	0	-0.2043
我就堕入地狱	1	0	-0.2434	1	0.7084	0	-0.2043
悟空忙接了贬书说	1	0	-0.2434	1	0.7084	0	-0.2043
你不要发誓	1	0	-0.2434	1	0.7084	0	-0.2043
老孙去也	1	0	-0.2434	1	0.7084	0	-0.2043
我总算跟你一场	1	0	-0.2434	1	0.7084	0	-0.2043
又蒙菩萨指教	1	0	-0.2434	1	0.7084	0	-0.2043
今日半途而废	1	0	-0.2434	1	0.7084	0	-0.2043
不曾成得功果	1	0	-0.2434	1	0.7084	0	-0.2043
你请坐	1	0	-0.2434	1	0.7084	0	-0.2043
受我一拜	1	0	-0.2434	1	0.7084	0	-0.2043
我也去得放心	1	0	-0.2434	1	0.7084	0	-0.2043
唐僧转过身子	1	0	-0.2434	1	0.7084	0	-0.2043
根本不予理睬	1	0	-0.2434	1	0.7084	0	-0.2043
还说	1	0	-0.2434	1	0.7084	0	-0.2043
不受你歹人的礼	1	0	-0.2434	1	0.7084	0	-0.2043
大圣见他不理	1	0	-0.2434	1	0.7084	0	-0.2043
又使个身外法	1	0	-0.2434	1	0.7084	0	-0.2043
把脑后毫毛拔了三根	1	0	-0.2434	1	0.7084	0	-0.2043
吹口仙气	1	0	-0.2434	1	0.7084	0	-0.2043
即变成三个孙悟空	1	0	-0.2434	1	0.7084	0	-0.2043
连本身共四个	1	0	-0.2434	1	0.7084	0	-0.2043
四面围住师父下拜	1	0	-0.2434	1	0.7084	0	-0.2043
那唐僧左右前后躲不脱	1	0	-0.2434	1	0.7084	0	-0.2043
只好受了一拜	1	0	-0.2434	1	0.7084	0	-0.2043
大圣跳起来把身一抖	1	0	-0.2434	1	0.7084	0	-0.2043
收起毫毛	1	0	-0.2434	1	0.7084	0	-0.2043
却又吩咐沙和尚道	1	0	-0.2434	1	0.7084	0	-0.2043
贤弟	1	0	-0.2434	1	0.7084	0	-0.2043
你是个好人	1	0	-0.2434	1	0.7084	0	-0.2043
却要留心防着八戒说三道四	1	0	-0.2434	1	0.7084	0	-0.2043
途中更要警惕	1	0	-0.2434	1	0.7084	0	-0.2043
倘若一时有妖精拿住师父	1	0	-0.2434	1	0.7084	0	-0.2043
你就说孙悟空是他的大徒弟	1	0	-0.2434	1	0.7084	0	-0.2043
西方妖怪都知道我的厉害	1	0	-0.2434	1	0.7084	0	-0.2043
不敢伤咱师父	1	0	-0.2434	1	0.7084	0	-0.2043
不提你这歹人的名字	1	0	-0.2434	1	0.7084	0	-0.2043
你回去罢	1	0	-0.2434	1	0.7084	0	-0.2043
孙大圣见唐僧不肯回心转意	1	0	-0.2434	1	0.7084	0	-0.2043
三番五次地催自己走	1	0	-0.2434	1	0.7084	0	-0.2043
没奈何忍气别了师父	1	0	-0.2434	1	0.7084	0	-0.2043
纵筋斗云	1	0	-0.2434	1	0.7084	0	-0.2043
直回花果山水帘洞去了	1	0	-0.2434	1	0.7084	0	-0.2043
2	1	0	-0.2434	1	0.7084	0	-0.2043
唐僧师徒向西走了多时	1	0	-0.2434	1	0.7084	0	-0.2043
又值早春天气	1	0	-0.2434	1	0.7084	0	-0.2043
一日正行时	1	0	-0.2434	1	0.7084	0	-0.2043
所遇一道小河	1	0	-0.2434	1	0.7084	0	-0.2043
澄澄清水	1	0	-0.2434	1	0.7084	0	-0.2043
湛湛寒渡	1	0	-0.2434	1	0.7084	0	-0.2043
行者遥指那厢道	1	0	-0.2434	1	0.7084	0	-0.2043
我看那里有人家	1	0	-0.2434	1	0.7084	0	-0.2043
一定是摆渡的	1	0	-0.2434	1	0.7084	0	-0.2043
我去看看好过河	1	0	-0.2434	1	0.7084	0	-0.2043
行者来到船边问	1	0	-0.2434	1	0.7084	0	-0.2043
你是摆渡的吗	1	0	-0.2434	1	0.7084	0	-0.2043
一妇人答曰	1	0	-0.2434	1	0.7084	0	-0.2043
你梢公为何不在	1	0	-0.2434	1	0.7084	0	-0.2043
却是你一个婆婆家撑船	1	0	-0.2434	1	0.7084	0	-0.2043
妇人微笑不语	1	0	-0.2434	1	0.7084	0	-0.2043
行者扶师父和师弟上了船	1	0	-0.2434	1	0.7084	0	-0.2043
那妇人撑开船	1	0	-0.2434	1	0.7084	0	-0.2043
摇动桨	1	0	-0.2434	1	0.7084	0	-0.2043
顷刻间过了河	1	0	-0.2434	1	0.7084	0	-0.2043
唐僧见河水清澈一时口渴	1	0	-0.2434	1	0.7084	0	-0.2043
便让八戒取出钵盂舀了一钵	1	0	-0.2434	1	0.7084	0	-0.2043
喝了一半	1	0	-0.2434	1	0.7084	0	-0.2043
剩下的多半	1	0	-0.2434	1	0.7084	0	-0.2043
呆子一气喝下	1	0	-0.2434	1	0.7084	0	-0.2043
唐僧上马而行	1	0	-0.2434	1	0.7084	0	-0.2043
师徒们找路西行	1	0	-0.2434	1	0.7084	0	-0.2043
不上半个时辰	1	0	-0.2434	1	0.7084	0	-0.2043
唐僧在马上直喊肚子痛	1	0	-0.2434	1	0.7084	0	-0.2043
接着八戒也喊肚子痛	1	0	-0.2434	1	0.7084	0	-0.2043
想必是你们刚才喝冷水了	1	0	-0.2434	1	0.7084	0	-0.2043
唐僧就喊	1	0	-0.2434	1	0.7084	0	-0.2043
唉哟	1	0	-0.2434	1	0.7084	0	-0.2043
八戒也喊	1	0	-0.2434	1	0.7084	0	-0.2043
他两个疼痛难禁	1	0	-0.2434	1	0.7084	0	-0.2043
渐渐肚子大起来了	1	0	-0.2434	1	0.7084	0	-0.2043
用手摸时	1	0	-0.2434	1	0.7084	0	-0.2043
似有血团肉块不住地在肚子里动弹	1	0	-0.2434	1	0.7084	0	-0.2043
唐僧和八戒疼痛难忍	1	0	-0.2434	1	0.7084	0	-0.2043
前边有个卖酒的人家	1	0	-0.2434	1	0.7084	0	-0.2043
我们去化些热汤吃	1	0	-0.2434	1	0.7084	0	-0.2043
买些药与你们治肚子疼	1	0	-0.2434	1	0.7084	0	-0.2043
唐僧闻言甚喜	1	0	-0.2434	1	0.7084	0	-0.2043
不一会儿到了村舍口下马	1	0	-0.2434	1	0.7084	0	-0.2043
但见那门外有一个老婆婆	1	0	-0.2434	1	0.7084	0	-0.2043
贫僧是东土大唐来的	1	0	-0.2434	1	0.7084	0	-0.2043
我师父乃唐朝御弟	1	0	-0.2434	1	0.7084	0	-0.2043
他因为过河时喝了些冷水	1	0	-0.2434	1	0.7084	0	-0.2043
觉得肚子疼痛	1	0	-0.2434	1	0.7084	0	-0.2043
向婆婆讨些热汤喝	1	0	-0.2434	1	0.7084	0	-0.2043
刚说到此	1	0	-0.2434	1	0.7084	0	-0.2043
那婆婆便哈哈大笑地说	1	0	-0.2434	1	0.7084	0	-0.2043
我们这里乃是西粱女国	1	0	-0.2434	1	0.7084	0	-0.2043
我们这一国人全是女人	1	0	-0.2434	1	0.7084	0	-0.2043
无男子	1	0	-0.2434	1	0.7084	0	-0.2043
你师父吃的那水是子母河里的水	1	0	-0.2434	1	0.7084	0	-0.2043
喝了这水便觉腹痛有胎	1	0	-0.2434	1	0.7084	0	-0.2043
至三日之后	1	0	-0.2434	1	0.7084	0	-0.2043
到迎阳台边照照	1	0	-0.2434	1	0.7084	0	-0.2043
若照出双影便是怀胎了	1	0	-0.2434	1	0.7084	0	-0.2043
就会生出孩子	1	0	-0.2434	1	0.7084	0	-0.2043
喝热汤怎能治得	1	0	-0.2434	1	0.7084	0	-0.2043
八戒听了大惊失色	1	0	-0.2434	1	0.7084	0	-0.2043
唐僧哭丧着脸说	1	0	-0.2434	1	0.7084	0	-0.2043
徒弟呀	1	0	-0.2434	1	0.7084	0	-0.2043
爷爷呀	1	0	-0.2434	1	0.7084	0	-0.2043
要生孩子了	1	0	-0.2434	1	0.7084	0	-0.2043
我们都是男人	1	0	-0.2434	1	0.7084	0	-0.2043
孩子从哪里生出来	1	0	-0.2434	1	0.7084	0	-0.2043
瓜熟自落	1	0	-0.2434	1	0.7084	0	-0.2043
到那个时节	1	0	-0.2434	1	0.7084	0	-0.2043
一定从胁下裂出个窟窿	1	0	-0.2434	1	0.7084	0	-0.2043
钻出娃娃来	1	0	-0.2434	1	0.7084	0	-0.2043
八戒听悟空这么一说	1	0	-0.2434	1	0.7084	0	-0.2043
战战兢兢地说	1	0	-0.2434	1	0.7084	0	-0.2043
还不如死了	1	0	-0.2434	1	0.7084	0	-0.2043
沙僧也笑道	1	0	-0.2434	1	0.7084	0	-0.2043
只怕扭错了养儿肠	1	0	-0.2434	1	0.7084	0	-0.2043
弄个胎前病	1	0	-0.2434	1	0.7084	0	-0.2043
那呆子一听越发慌了	1	0	-0.2434	1	0.7084	0	-0.2043
眼中含泪扯着行者说	1	0	-0.2434	1	0.7084	0	-0.2043
你问这婆婆哪里有手轻的接产婆	1	0	-0.2434	1	0.7084	0	-0.2043
预先找几个	1	0	-0.2434	1	0.7084	0	-0.2043
我这半会子肚子一阵阵地痛	1	0	-0.2434	1	0.7084	0	-0.2043
想是快要生产了	1	0	-0.2434	1	0.7084	0	-0.2043
唐僧哼着说	1	0	-0.2434	1	0.7084	0	-0.2043
婆婆啊	1	0	-0.2434	1	0.7084	0	-0.2043
你们这里可有医生	1	0	-0.2434	1	0.7084	0	-0.2043
叫我徒弟去买一包堕胎的药吃	1	0	-0.2434	1	0.7084	0	-0.2043
把胎打下来罢	1	0	-0.2434	1	0.7084	0	-0.2043
就是有药也不济事	1	0	-0.2434	1	0.7084	0	-0.2043
只是我们这正南有一座解阳山	1	0	-0.2434	1	0.7084	0	-0.2043
山中有一个破儿洞	1	0	-0.2434	1	0.7084	0	-0.2043
洞里有一眼‘落胎泉	1	0	-0.2434	1	0.7084	0	-0.2043
须得那泉里的水喝上一口才能解了胎气	1	0	-0.2434	1	0.7084	0	-0.2043
可是如今取不出水来了	1	0	-0.2434	1	0.7084	0	-0.2043
因为来了一个道人叫如意真仙	1	0	-0.2434	1	0.7084	0	-0.2043
把那破儿洞改作聚仙庵	1	0	-0.2434	1	0.7084	0	-0.2043
护住落胎的泉水不肯给人	1	0	-0.2434	1	0.7084	0	-0.2043
有想求水者	1	0	-0.2434	1	0.7084	0	-0.2043
必须送厚礼他才给一碗	1	0	-0.2434	1	0.7084	0	-0.2043
你们这些穷僧	1	0	-0.2434	1	0.7084	0	-0.2043
哪里有钱送礼	1	0	-0.2434	1	0.7084	0	-0.2043
不如把孩子生下来算了	1	0	-0.2434	1	0.7084	0	-0.2043
行者听后问	1	0	-0.2434	1	0.7084	0	-0.2043
这里离解阳山有多远	1	0	-0.2434	1	0.7084	0	-0.2043
婆婆道	1	0	-0.2434	1	0.7084	0	-0.2043
有三十里	1	0	-0.2434	1	0.7084	0	-0.2043
待老孙取些水来给你们喝	1	0	-0.2434	1	0.7084	0	-0.2043
孙大圣驾云而起	1	0	-0.2434	1	0.7084	0	-0.2043
少顷间来到解阳山	1	0	-0.2434	1	0.7084	0	-0.2043
小桥通活水	1	0	-0.2434	1	0.7084	0	-0.2043
茅舍倚青山	1	0	-0.2434	1	0.7084	0	-0.2043
村犬汪篱落	1	0	-0.2434	1	0.7084	0	-0.2043
幽人自往还	1	0	-0.2434	1	0.7084	0	-0.2043
行者来到一个门前	1	0	-0.2434	1	0.7084	0	-0.2043
见一个道人盘坐在绿茵之上	1	0	-0.2434	1	0.7084	0	-0.2043
大圣说明来意	1	0	-0.2434	1	0.7084	0	-0.2043
这道人自称是如意真仙的大徒弟	1	0	-0.2434	1	0.7084	0	-0.2043
问大圣带来多少礼物	1	0	-0.2434	1	0.7084	0	-0.2043
大圣说	1	0	-0.2434	1	0.7084	0	-0.2043
我是过路的僧人	1	0	-0.2434	1	0.7084	0	-0.2043
没有礼物	1	0	-0.2434	1	0.7084	0	-0.2043
道人笑道	1	0	-0.2434	1	0.7084	0	-0.2043
你这人好傻	1	0	-0.2434	1	0.7084	0	-0.2043
我老师父护住此山泉	1	0	-0.2434	1	0.7084	0	-0.2043
并不白送人水喝	1	0	-0.2434	1	0.7084	0	-0.2043
你回去弄礼物吧	1	0	-0.2434	1	0.7084	0	-0.2043
不送礼别想弄水	1	0	-0.2434	1	0.7084	0	-0.2043
常言道‘人情大似圣旨	1	0	-0.2434	1	0.7084	0	-0.2043
你去说我孙悟空的名字	1	0	-0.2434	1	0.7084	0	-0.2043
他必然做个人情	1	0	-0.2434	1	0.7084	0	-0.2043
说不定连井都送给我呢	1	0	-0.2434	1	0.7084	0	-0.2043
那道人只得进去通报	1	0	-0.2434	1	0.7084	0	-0.2043
那如意真仙一听到孙悟空这个名字便怒从心上起	1	0	-0.2434	1	0.7084	0	-0.2043
恶向胆边生	1	0	-0.2434	1	0.7084	0	-0.2043
急起身下了床	1	0	-0.2434	1	0.7084	0	-0.2043
换上道服	1	0	-0.2434	1	0.7084	0	-0.2043
取了一把如意钩子	1	0	-0.2434	1	0.7084	0	-0.2043
跳出庵门叫道	1	0	-0.2434	1	0.7084	0	-0.2043
孙悟空在哪里	1	0	-0.2434	1	0.7084	0	-0.2043
贫僧便是孙悟空	1	0	-0.2434	1	0.7084	0	-0.2043
那先生笑道	1	0	-0.2434	1	0.7084	0	-0.2043
你真个是孙悟空	1	0	-0.2434	1	0.7084	0	-0.2043
还是假托其姓名	1	0	-0.2434	1	0.7084	0	-0.2043
先生说哪里话	1	0	-0.2434	1	0.7084	0	-0.2043
君子行不更名	1	0	-0.2434	1	0.7084	0	-0.2043
坐不改姓	1	0	-0.2434	1	0.7084	0	-0.2043
我便是孙悟空	1	0	-0.2434	1	0.7084	0	-0.2043
岂有假托之理	1	0	-0.2434	1	0.7084	0	-0.2043
先生问	1	0	-0.2434	1	0.7084	0	-0.2043
那你可认识我吗	1	0	-0.2434	1	0.7084	0	-0.2043
我保唐僧西天取经	1	0	-0.2434	1	0.7084	0	-0.2043
这多年登山涉水	1	0	-0.2434	1	0.7084	0	-0.2043
把那些小时的朋友忘了不少	1	0	-0.2434	1	0.7084	0	-0.2043
刚才听说先生就是如意真仙	1	0	-0.2434	1	0.7084	0	-0.2043
故此知之	1	0	-0.2434	1	0.7084	0	-0.2043
那先生道	1	0	-0.2434	1	0.7084	0	-0.2043
你走你的路	1	0	-0.2434	1	0.7084	0	-0.2043
我修我的真	1	0	-0.2434	1	0.7084	0	-0.2043
你来访我干什么	1	0	-0.2434	1	0.7084	0	-0.2043
因我师父误喝了子母河中水腹疼成胎	1	0	-0.2434	1	0.7084	0	-0.2043
特来拜求落胎水	1	0	-0.2434	1	0.7084	0	-0.2043
解救师父之难也	1	0	-0.2434	1	0.7084	0	-0.2043
那先生怒目道	1	0	-0.2434	1	0.7084	0	-0.2043
你的师父可是那个唐三藏吗	1	0	-0.2434	1	0.7084	0	-0.2043
先生又问	1	0	-0.2434	1	0.7084	0	-0.2043
你们可曾见过一个圣婴大王吗	1	0	-0.2434	1	0.7084	0	-0.2043
会见过	1	0	-0.2434	1	0.7084	0	-0.2043
他不就是红孩儿嘛	1	0	-0.2434	1	0.7084	0	-0.2043
怎的	1	0	-0.2434	1	0.7084	0	-0.2043
先生道	1	0	-0.2434	1	0.7084	0	-0.2043
红孩儿是我的侄子	1	0	-0.2434	1	0.7084	0	-0.2043
我是牛魔王的兄弟	1	0	-0.2434	1	0.7084	0	-0.2043
家兄来信告我	1	0	-0.2434	1	0.7084	0	-0.2043
孙悟空把红孩儿害了	1	0	-0.2434	1	0.7084	0	-0.2043
我这里正设法寻你报仇	1	0	-0.2434	1	0.7084	0	-0.2043
你倒来寻什么落胎水	1	0	-0.2434	1	0.7084	0	-0.2043
行者忙说	1	0	-0.2434	1	0.7084	0	-0.2043
先生差矣	1	0	-0.2434	1	0.7084	0	-0.2043
你令兄与我结为兄弟	1	0	-0.2434	1	0.7084	0	-0.2043
红孩儿现随菩萨做了善财童子	1	0	-0.2434	1	0.7084	0	-0.2043
我等且不如他	1	0	-0.2434	1	0.7084	0	-0.2043
怎么说害了他呢	1	0	-0.2434	1	0.7084	0	-0.2043
那先生喝道	1	0	-0.2434	1	0.7084	0	-0.2043
这猴子还弄巧舌	1	0	-0.2434	1	0.7084	0	-0.2043
我侄儿是自己为王好	1	0	-0.2434	1	0.7084	0	-0.2043
还是给人为奴好	1	0	-0.2434	1	0.7084	0	-0.2043
你要是三合能敌过我	1	0	-0.2434	1	0.7084	0	-0.2043
我就给你水	1	0	-0.2434	1	0.7084	0	-0.2043
敌不过	1	0	-0.2434	1	0.7084	0	-0.2043
就把你剁成肉酱给我侄儿报仇	1	0	-0.2434	1	0.7084	0	-0.2043
那先生与大圣斗了十几回合	1	0	-0.2434	1	0.7084	0	-0.2043
敌不过大圣	1	0	-0.2434	1	0.7084	0	-0.2043
倒拖着如意钩往山上走了	1	0	-0.2434	1	0.7084	0	-0.2043
孙大圣赶快寻了个吊桶打水	1	0	-0.2434	1	0.7084	0	-0.2043
又被那先生赶到	1	0	-0.2434	1	0.7084	0	-0.2043
用如意钩子把大圣钩了个嘴啃地	1	0	-0.2434	1	0.7084	0	-0.2043
大圣想	1	0	-0.2434	1	0.7084	0	-0.2043
一个人又要打又要弄水看来太困难	1	0	-0.2434	1	0.7084	0	-0.2043
不如回去拉个帮手	1	0	-0.2434	1	0.7084	0	-0.2043
大圣拨转云头	1	0	-0.2434	1	0.7084	0	-0.2043
径至村舍门前	1	0	-0.2434	1	0.7084	0	-0.2043
叫一声	1	0	-0.2434	1	0.7084	0	-0.2043
那里唐僧忍痛呻吟	1	0	-0.2434	1	0.7084	0	-0.2043
猪八戒哼声不绝	1	0	-0.2434	1	0.7084	0	-0.2043
行者逗八戒说	1	0	-0.2434	1	0.7084	0	-0.2043
你不要哼哼了	1	0	-0.2434	1	0.7084	0	-0.2043
省些力气好生孩子	1	0	-0.2434	1	0.7084	0	-0.2043
说着行者和沙和尚又来到解阳山界	1	0	-0.2434	1	0.7084	0	-0.2043
悟空故意和那先生打斗	1	0	-0.2434	1	0.7084	0	-0.2043
沙和尚趁机提着吊桶闯进门去	1	0	-0.2434	1	0.7084	0	-0.2043
将桶向井中满满地打了桶水	1	0	-0.2434	1	0.7084	0	-0.2043
走出庵门	1	0	-0.2434	1	0.7084	0	-0.2043
驾起云	1	0	-0.2434	1	0.7084	0	-0.2043
回到村舍	1	0	-0.2434	1	0.7084	0	-0.2043
大圣见沙僧得手	1	0	-0.2434	1	0.7084	0	-0.2043
便对那先生说	1	0	-0.2434	1	0.7084	0	-0.2043
俺老孙本想把你们斩尽杀绝	1	0	-0.2434	1	0.7084	0	-0.2043
一来你不曾犯法	1	0	-0.2434	1	0.7084	0	-0.2043
二来看在令兄牛魔王的面子上	1	0	-0.2434	1	0.7084	0	-0.2043
先头来	1	0	-0.2434	1	0.7084	0	-0.2043
我被你钩了几下	1	0	-0.2434	1	0.7084	0	-0.2043
未曾得水	1	0	-0.2434	1	0.7084	0	-0.2043
这一回	1	0	-0.2434	1	0.7084	0	-0.2043
我来了个调虎离山之计	1	0	-0.2434	1	0.7084	0	-0.2043
哄你与我厮杀	1	0	-0.2434	1	0.7084	0	-0.2043
我师弟把水取走了	1	0	-0.2434	1	0.7084	0	-0.2043
饶你这条命吧	1	0	-0.2434	1	0.7084	0	-0.2043
说完纵云返村	1	0	-0.2434	1	0.7084	0	-0.2043
猪八戒腆着个大肚子倚在门坊上哼	1	0	-0.2434	1	0.7084	0	-0.2043
沙僧回来了	1	0	-0.2434	1	0.7084	0	-0.2043
悟空问	1	0	-0.2434	1	0.7084	0	-0.2043
几时生产	1	0	-0.2434	1	0.7084	0	-0.2043
呆子慌了道	1	0	-0.2434	1	0.7084	0	-0.2043
别取笑	1	0	-0.2434	1	0.7084	0	-0.2043
弄来水没有	1	0	-0.2434	1	0.7084	0	-0.2043
行者还想多逗他一会儿	1	0	-0.2434	1	0.7084	0	-0.2043
沙僧忙说	1	0	-0.2434	1	0.7084	0	-0.2043
那婆婆说	1	0	-0.2434	1	0.7084	0	-0.2043
这水却是难得	1	0	-0.2434	1	0.7084	0	-0.2043
难得	1	0	-0.2434	1	0.7084	0	-0.2043
喝一口就可解胎	1	0	-0.2434	1	0.7084	0	-0.2043
我把这一桶都喝了罢	1	0	-0.2434	1	0.7084	0	-0.2043
老爷爷	1	0	-0.2434	1	0.7084	0	-0.2043
唬杀人了	1	0	-0.2434	1	0.7084	0	-0.2043
若喝了这一桶水	1	0	-0.2434	1	0.7084	0	-0.2043
连肠子肚子都打下来了	1	0	-0.2434	1	0.7084	0	-0.2043
八戒一人喝了一杯水	1	0	-0.2434	1	0.7084	0	-0.2043
一顿饭的工夫	1	0	-0.2434	1	0.7084	0	-0.2043
两个人腹中绞痛	1	0	-0.2434	1	0.7084	0	-0.2043
只听得咕噜噜三五阵肠呜	1	0	-0.2434	1	0.7084	0	-0.2043
肠鸣之后	1	0	-0.2434	1	0.7084	0	-0.2043
那呆子忍不住大小便齐流	1	0	-0.2434	1	0.7084	0	-0.2043
唐僧也忍不住要解手	1	0	-0.2434	1	0.7084	0	-0.2043
找个避风之处	1	0	-0.2434	1	0.7084	0	-0.2043
别弄个产后风	1	0	-0.2434	1	0.7084	0	-0.2043
他两个人各行了几遍渐渐消了肿胀	1	0	-0.2434	1	0.7084	0	-0.2043
化掉了血团肉块	1	0	-0.2434	1	0.7084	0	-0.2043
八戒想洗个澡干净干净	1	0	-0.2434	1	0.7084	0	-0.2043
哥哥呀	1	0	-0.2434	1	0.7084	0	-0.2043
可不敢洗澡	1	0	-0.2434	1	0.7084	0	-0.2043
坐月子的人弄了水会生病	1	0	-0.2434	1	0.7084	0	-0.2043
我又不是大生	1	0	-0.2434	1	0.7084	0	-0.2043
左右只是个小产	1	0	-0.2434	1	0.7084	0	-0.2043
怕他怎的	1	0	-0.2434	1	0.7084	0	-0.2043
洗洗干净	1	0	-0.2434	1	0.7084	0	-0.2043
那婆子烧了些水与他两个洗了手脚	1	0	-0.2434	1	0.7084	0	-0.2043
八戒觉着肚子空	1	0	-0.2434	1	0.7084	0	-0.2043
一下子吃了十数碗饭	1	0	-0.2434	1	0.7084	0	-0.2043
还要吃	1	0	-0.2434	1	0.7084	0	-0.2043
少吃一些	1	0	-0.2434	1	0.7084	0	-0.2043
吃成个大肚囊子不像样	1	0	-0.2434	1	0.7084	0	-0.2043
我又不是母猪	1	0	-0.2434	1	0.7084	0	-0.2043
怕他做甚	1	0	-0.2434	1	0.7084	0	-0.2043
唐僧和八戒打了胎气	1	0	-0.2434	1	0.7084	0	-0.2043
剩下的水给了那婆婆	1	0	-0.2434	1	0.7084	0	-0.2043
婆婆高兴地说	1	0	-0.2434	1	0.7084	0	-0.2043
这桶水够我的棺材本了	1	0	-0.2434	1	0.7084	0	-0.2043
师徒们谢过婆婆离了村舍	1	0	-0.2434	1	0.7084	0	-0.2043
唐三藏攀鞍上马	1	0	-0.2434	1	0.7084	0	-0.2043
沙和尚挑着行李	1	0	-0.2434	1	0.7084	0	-0.2043
孙大圣前边引路	1	0	-0.2434	1	0.7084	0	-0.2043
猪八戒拉着马	1	0	-0.2434	1	0.7084	0	-0.2043
继续西行	1	0	-0.2434	1	0.7084	0	-0.2043
师徒四人有说不出的高兴	1	0	-0.2434	1	0.7084	0	-0.2043
这正是	1	0	-0.2434	1	0.7084	0	-0.2043
洗净口孽身干净	1	0	-0.2434	1	0.7084	0	-0.2043
消化凡胎体自然	1	0	-0.2434	1	0.7084	0	-0.2043
唐三藏师徒四人别了村舍人家顺路西进	1	0	-0.2434	1	0.7084	0	-0.2043
走了三四十里	1	0	-0.2434	1	0.7084	0	-0.2043
唐僧在马上指着前方说	1	0	-0.2434	1	0.7084	0	-0.2043
前面城池越来越近	1	0	-0.2434	1	0.7084	0	-0.2043
想必是西粱女国都城	1	0	-0.2434	1	0.7084	0	-0.2043
咱们都要谨慎	1	0	-0.2434	1	0.7084	0	-0.2043
切匆放荡情怀	1	0	-0.2434	1	0.7084	0	-0.2043
紊乱法门规矩	1	0	-0.2434	1	0.7084	0	-0.2043
三人遵命	1	0	-0.2434	1	0.7084	0	-0.2043
已来到东关	1	0	-0.2434	1	0.7084	0	-0.2043
那里的人都是长裙短袄	1	0	-0.2434	1	0.7084	0	-0.2043
粉面油头	1	0	-0.2434	1	0.7084	0	-0.2043
不分老少	1	0	-0.2434	1	0.7084	0	-0.2043
全是妇女	1	0	-0.2434	1	0.7084	0	-0.2043
无一个男人	1	0	-0.2434	1	0.7084	0	-0.2043
这些女人看见他们四个男人来时	1	0	-0.2434	1	0.7084	0	-0.2043
一齐鼓掌整容欢笑道	1	0	-0.2434	1	0.7084	0	-0.2043
慌得三藏勒马难行	1	0	-0.2434	1	0.7084	0	-0.2043
众女人看猪八戒	1	0	-0.2434	1	0.7084	0	-0.2043
孙悟空和沙和尚长得都很丑陋	1	0	-0.2434	1	0.7084	0	-0.2043
因而不敢上前	1	0	-0.2434	1	0.7084	0	-0.2043
人们只看唐僧	1	0	-0.2434	1	0.7084	0	-0.2043
唐僧师徒只管前进	1	0	-0.2434	1	0.7084	0	-0.2043
忽见一女官侍立街下	1	0	-0.2434	1	0.7084	0	-0.2043
高声叫道	1	0	-0.2434	1	0.7084	0	-0.2043
远来的使客	1	0	-0.2434	1	0.7084	0	-0.2043
不可擅入城门	1	0	-0.2434	1	0.7084	0	-0.2043
请签名上册	1	0	-0.2434	1	0.7084	0	-0.2043
待下官执名奏驾才可放行	1	0	-0.2434	1	0.7084	0	-0.2043
三藏闻言下马	1	0	-0.2434	1	0.7084	0	-0.2043
观看那衙门上有一匾	1	0	-0.2434	1	0.7084	0	-0.2043
上面写着	1	0	-0.2434	1	0.7084	0	-0.2043
迎阳驿	1	0	-0.2434	1	0.7084	0	-0.2043
三个大字	1	0	-0.2434	1	0.7084	0	-0.2043
那村舍人家说的话是真的	1	0	-0.2434	1	0.7084	0	-0.2043
果然有迎阳驿	1	0	-0.2434	1	0.7084	0	-0.2043
沙和尚逗八戒	1	0	-0.2434	1	0.7084	0	-0.2043
你还不去‘照胎泉	1	0	-0.2434	1	0.7084	0	-0.2043
看看有没有双影	1	0	-0.2434	1	0.7084	0	-0.2043
别取笑我	1	0	-0.2434	1	0.7084	0	-0.2043
我已打下胎来了	1	0	-0.2434	1	0.7084	0	-0.2043
还照它干什么	1	0	-0.2434	1	0.7084	0	-0.2043
在那位女官的带领下	1	0	-0.2434	1	0.7084	0	-0.2043
唐僧师徒进入驿内	1	0	-0.2434	1	0.7084	0	-0.2043
正厅坐下用茶	1	0	-0.2434	1	0.7084	0	-0.2043
女官欠身问道	1	0	-0.2434	1	0.7084	0	-0.2043
使客从哪里来	1	0	-0.2434	1	0.7084	0	-0.2043
我等乃东土大唐上西天取经的和尚	1	0	-0.2434	1	0.7084	0	-0.2043
我师父便是唐王御弟	1	0	-0.2434	1	0.7084	0	-0.2043
号名唐三藏	1	0	-0.2434	1	0.7084	0	-0.2043
我是他的大徒弟孙悟空	1	0	-0.2434	1	0.7084	0	-0.2043
这两个是我的师弟猪悟能	1	0	-0.2434	1	0.7084	0	-0.2043
一行连马五口	1	0	-0.2434	1	0.7084	0	-0.2043
随身有通关文牒	1	0	-0.2434	1	0.7084	0	-0.2043
乞为照验换文放行	1	0	-0.2434	1	0.7084	0	-0.2043
女官全部收下说	1	0	-0.2434	1	0.7084	0	-0.2043
爷爷们宽坐一会儿	1	0	-0.2434	1	0.7084	0	-0.2043
待下官进城启奏我王	1	0	-0.2434	1	0.7084	0	-0.2043
送老爷们西进	1	0	-0.2434	1	0.7084	0	-0.2043
三藏坐等不提	1	0	-0.2434	1	0.7084	0	-0.2043
且说那女官进城向女儿国国王禀报	1	0	-0.2434	1	0.7084	0	-0.2043
女王满心欢喜	1	0	-0.2434	1	0.7084	0	-0.2043
对众文武说	1	0	-0.2434	1	0.7084	0	-0.2043
寡人昨夜梦见金屏生彩艳	1	0	-0.2434	1	0.7084	0	-0.2043
玉镜展光明	1	0	-0.2434	1	0.7084	0	-0.2043
乃是今日之喜兆也	1	0	-0.2434	1	0.7084	0	-0.2043
众女官问	1	0	-0.2434	1	0.7084	0	-0.2043
怎见得是今日之喜兆	1	0	-0.2434	1	0.7084	0	-0.2043
东土男人乃唐朝御弟	1	0	-0.2434	1	0.7084	0	-0.2043
我女儿国自混沌开辟之时	1	0	-0.2434	1	0.7084	0	-0.2043
历代帝王都不见有男人到此	1	0	-0.2434	1	0.7084	0	-0.2043
幸今唐朝御弟下降	1	0	-0.2434	1	0.7084	0	-0.2043
想是天赐	1	0	-0.2434	1	0.7084	0	-0.2043
寡人以一国之富愿招御弟为王	1	0	-0.2434	1	0.7084	0	-0.2043
我为皇后	1	0	-0.2434	1	0.7084	0	-0.2043
与他阴阳相配	1	0	-0.2434	1	0.7084	0	-0.2043
生子生孙永传帝业	1	0	-0.2434	1	0.7084	0	-0.2043
这还不是今日之喜兆吗	1	0	-0.2434	1	0.7084	0	-0.2043
众女官听了	1	0	-0.2434	1	0.7084	0	-0.2043
无不欢悦	1	0	-0.2434	1	0.7084	0	-0.2043
那女官又奏道	1	0	-0.2434	1	0.7084	0	-0.2043
主公之言乃万代传家之好	1	0	-0.2434	1	0.7084	0	-0.2043
但只是唐僧的三个徒弟长得十分凶恶	1	0	-0.2434	1	0.7084	0	-0.2043
不成相貌	1	0	-0.2434	1	0.7084	0	-0.2043
御弟相貌如何	1	0	-0.2434	1	0.7084	0	-0.2043
女官说	1	0	-0.2434	1	0.7084	0	-0.2043
唐僧相貌堂堂丰姿英俊	1	0	-0.2434	1	0.7084	0	-0.2043
确实是天朝上国之男儿	1	0	-0.2434	1	0.7084	0	-0.2043
南赡中华之人物	1	0	-0.2434	1	0.7084	0	-0.2043
既如此	1	0	-0.2434	1	0.7084	0	-0.2043
把他的徒弟和他分开	1	0	-0.2434	1	0.7084	0	-0.2043
打发他三人去西天取经	1	0	-0.2434	1	0.7084	0	-0.2043
只留下御弟有何不可	1	0	-0.2434	1	0.7084	0	-0.2043
众官拜奏道	1	0	-0.2434	1	0.7084	0	-0.2043
主公之言极当	1	0	-0.2434	1	0.7084	0	-0.2043
只是匹配之事无媒不可	1	0	-0.2434	1	0.7084	0	-0.2043
姻缘配合凭红叶	1	0	-0.2434	1	0.7084	0	-0.2043
月老夫妻系赤绳	1	0	-0.2434	1	0.7084	0	-0.2043
依卿所奏	1	0	-0.2434	1	0.7084	0	-0.2043
就请当驾太师作媒	1	0	-0.2434	1	0.7084	0	-0.2043
迎阳驿丞主婚	1	0	-0.2434	1	0.7084	0	-0.2043
先去驿中与唐僧求亲	1	0	-0.2434	1	0.7084	0	-0.2043
待他许可	1	0	-0.2434	1	0.7084	0	-0.2043
寡人就出城迎接	1	0	-0.2434	1	0.7084	0	-0.2043
那太师	1	0	-0.2434	1	0.7084	0	-0.2043
驿丞领旨出朝	1	0	-0.2434	1	0.7084	0	-0.2043
唐僧师徒正在驿厅享用斋饭	1	0	-0.2434	1	0.7084	0	-0.2043
只听外面有人报	1	0	-0.2434	1	0.7084	0	-0.2043
当朝太师与我本官老姆来了	1	0	-0.2434	1	0.7084	0	-0.2043
太师来不知是干什么	1	0	-0.2434	1	0.7084	0	-0.2043
怕是女王请我们哩	1	0	-0.2434	1	0.7084	0	-0.2043
以我猜	1	0	-0.2434	1	0.7084	0	-0.2043
不是相请	1	0	-0.2434	1	0.7084	0	-0.2043
就是说亲	1	0	-0.2434	1	0.7084	0	-0.2043
三藏忙说	1	0	-0.2434	1	0.7084	0	-0.2043
假若她们不放强逼成亲	1	0	-0.2434	1	0.7084	0	-0.2043
却怎么是好啊	1	0	-0.2434	1	0.7084	0	-0.2043
你只管答应她	1	0	-0.2434	1	0.7084	0	-0.2043
老孙自有办法	1	0	-0.2434	1	0.7084	0	-0.2043
二女官进来了	1	0	-0.2434	1	0.7084	0	-0.2043
对着唐僧下拜	1	0	-0.2434	1	0.7084	0	-0.2043
连着说	1	0	-0.2434	1	0.7084	0	-0.2043
御弟爷爷	1	0	-0.2434	1	0.7084	0	-0.2043
大喜了	1	0	-0.2434	1	0.7084	0	-0.2043
我一个出家之人	1	0	-0.2434	1	0.7084	0	-0.2043
喜从何来	1	0	-0.2434	1	0.7084	0	-0.2043
太师说	1	0	-0.2434	1	0.7084	0	-0.2043
我女儿国从来没有男子	1	0	-0.2434	1	0.7084	0	-0.2043
今幸御弟降临	1	0	-0.2434	1	0.7084	0	-0.2043
臣奉我女王之旨特来求亲	1	0	-0.2434	1	0.7084	0	-0.2043
我贫僧只身来到贵地	1	0	-0.2434	1	0.7084	0	-0.2043
又无儿女相随	1	0	-0.2434	1	0.7084	0	-0.2043
只有顽徒三人	1	0	-0.2434	1	0.7084	0	-0.2043
不知大人求的是哪个亲事	1	0	-0.2434	1	0.7084	0	-0.2043
驿丞道	1	0	-0.2434	1	0.7084	0	-0.2043
我女王知御弟乃中华上国男儿	1	0	-0.2434	1	0.7084	0	-0.2043
我王愿以一国之富招御弟爷爷为夫	1	0	-0.2434	1	0.7084	0	-0.2043
我女王愿为王后	1	0	-0.2434	1	0.7084	0	-0.2043
我们来此就是向御弟求亲的	1	0	-0.2434	1	0.7084	0	-0.2043
三藏闻言低头不语	1	0	-0.2434	1	0.7084	0	-0.2043
太师又说	1	0	-0.2434	1	0.7084	0	-0.2043
大丈夫遇到机会不可错过	1	0	-0.2434	1	0.7084	0	-0.2043
似此招赘之事天下虽有	1	0	-0.2434	1	0.7084	0	-0.2043
托国之富世上实稀	1	0	-0.2434	1	0.7084	0	-0.2043
请御弟速允	1	0	-0.2434	1	0.7084	0	-0.2043
臣好回奏	1	0	-0.2434	1	0.7084	0	-0.2043
唐僧听了	1	0	-0.2434	1	0.7084	0	-0.2043
越加痴呆了	1	0	-0.2434	1	0.7084	0	-0.2043
八戒在一旁沉不住气了	1	0	-0.2434	1	0.7084	0	-0.2043
挺着嘴说	1	0	-0.2434	1	0.7084	0	-0.2043
你去回复女王	1	0	-0.2434	1	0.7084	0	-0.2043
我师父乃是修道的罗汉	1	0	-0.2434	1	0.7084	0	-0.2043
绝不爱你那托国之富	1	0	-0.2434	1	0.7084	0	-0.2043
也不爰你倾国之容	1	0	-0.2434	1	0.7084	0	-0.2043
快些儿给他倒换关文	1	0	-0.2434	1	0.7084	0	-0.2043
打发他西去	1	0	-0.2434	1	0.7084	0	-0.2043
留下我在此招赘	1	0	-0.2434	1	0.7084	0	-0.2043
太师听了胆战心惊	1	0	-0.2434	1	0.7084	0	-0.2043
不敢回话	1	0	-0.2434	1	0.7084	0	-0.2043
驿丞说	1	0	-0.2434	1	0.7084	0	-0.2043
你虽是个男身	1	0	-0.2434	1	0.7084	0	-0.2043
但是形容丑陋不中我女王之意	1	0	-0.2434	1	0.7084	0	-0.2043
八戒笑着说	1	0	-0.2434	1	0.7084	0	-0.2043
粗柳簸箕细柳斗	1	0	-0.2434	1	0.7084	0	-0.2043
世上谁嫌男儿丑	1	0	-0.2434	1	0.7084	0	-0.2043
勿得胡扯	1	0	-0.2434	1	0.7084	0	-0.2043
任尊师意	1	0	-0.2434	1	0.7084	0	-0.2043
可行则行	1	0	-0.2434	1	0.7084	0	-0.2043
可止则止	1	0	-0.2434	1	0.7084	0	-0.2043
莫要耽搁了媒人的工夫	1	0	-0.2434	1	0.7084	0	-0.2043
你说怎么个好	1	0	-0.2434	1	0.7084	0	-0.2043
依老孙说	1	0	-0.2434	1	0.7084	0	-0.2043
你在这里也好	1	0	-0.2434	1	0.7084	0	-0.2043
千里姻缘一线牵’哩	1	0	-0.2434	1	0.7084	0	-0.2043
哪里还能有这般美差	1	0	-0.2434	1	0.7084	0	-0.2043
我们在这里贪图富贵	1	0	-0.2434	1	0.7084	0	-0.2043
谁去西天取经	1	0	-0.2434	1	0.7084	0	-0.2043
太师道	1	0	-0.2434	1	0.7084	0	-0.2043
我女王旨意	1	0	-0.2434	1	0.7084	0	-0.2043
只请御弟成亲	1	0	-0.2434	1	0.7084	0	-0.2043
叫三位徒弟赴了会亲盛筵即倒换关文往西天取经	1	0	-0.2434	1	0.7084	0	-0.2043
太师言之有理	1	0	-0.2434	1	0.7084	0	-0.2043
我等不必作难	1	0	-0.2434	1	0.7084	0	-0.2043
情愿留下师父	1	0	-0.2434	1	0.7084	0	-0.2043
让他与女王为夫	1	0	-0.2434	1	0.7084	0	-0.2043
快换关文	1	0	-0.2434	1	0.7084	0	-0.2043
打发我们西去	1	0	-0.2434	1	0.7084	0	-0.2043
待取经回来	1	0	-0.2434	1	0.7084	0	-0.2043
好到此拜爷娘	1	0	-0.2434	1	0.7084	0	-0.2043
讨盘缠	1	0	-0.2434	1	0.7084	0	-0.2043
回大唐也	1	0	-0.2434	1	0.7084	0	-0.2043
八戒吵着要吃饭	1	0	-0.2434	1	0.7084	0	-0.2043
太师叫摆上筵席来	1	0	-0.2434	1	0.7084	0	-0.2043
太师等走后	1	0	-0.2434	1	0.7084	0	-0.2043
唐僧扯住行者骂道	1	0	-0.2434	1	0.7084	0	-0.2043
弄杀我也	1	0	-0.2434	1	0.7084	0	-0.2043
怎么说出这般话来	1	0	-0.2434	1	0.7084	0	-0.2043
叫我在此招婚	1	0	-0.2434	1	0.7084	0	-0.2043
你们去西天取经	1	0	-0.2434	1	0.7084	0	-0.2043
我就死也不敢如此	1	0	-0.2434	1	0.7084	0	-0.2043
老孙还不知你的性情	1	0	-0.2434	1	0.7084	0	-0.2043
但只是到此	1	0	-0.2434	1	0.7084	0	-0.2043
又遇此人	1	0	-0.2434	1	0.7084	0	-0.2043
不得不将计就计了	1	0	-0.2434	1	0.7084	0	-0.2043
怎么个将计就计	1	0	-0.2434	1	0.7084	0	-0.2043
咱们如果硬不答应	1	0	-0.2434	1	0.7084	0	-0.2043
她不肯给咱们倒换关文	1	0	-0.2434	1	0.7084	0	-0.2043
不放咱们西行	1	0	-0.2434	1	0.7084	0	-0.2043
倘或意恶心毒	1	0	-0.2434	1	0.7084	0	-0.2043
喝令多人割了你的肉做什么香袋儿	1	0	-0.2434	1	0.7084	0	-0.2043
我等岂能善报	1	0	-0.2434	1	0.7084	0	-0.2043
你知我们手脚又重	1	0	-0.2434	1	0.7084	0	-0.2043
器械又凶	1	0	-0.2434	1	0.7084	0	-0.2043
要是真和她们动起手来	1	0	-0.2434	1	0.7084	0	-0.2043
这女儿国的人	1	0	-0.2434	1	0.7084	0	-0.2043
还不一下被杀尽	1	0	-0.2434	1	0.7084	0	-0.2043
她们虽阻挡我们西去	1	0	-0.2434	1	0.7084	0	-0.2043
却不是怪物妖精	1	0	-0.2434	1	0.7084	0	-0.2043
怎能动枪动刀	1	0	-0.2434	1	0.7084	0	-0.2043
三藏听了说	1	0	-0.2434	1	0.7084	0	-0.2043
此论最善	1	0	-0.2434	1	0.7084	0	-0.2043
但恐女王招我进去	1	0	-0.2434	1	0.7084	0	-0.2043
要行夫妇之礼	1	0	-0.2434	1	0.7084	0	-0.2043
行者献计说	1	0	-0.2434	1	0.7084	0	-0.2043
今日答应了她的亲事	1	0	-0.2434	1	0.7084	0	-0.2043
她一定要以皇帝礼	1	0	-0.2434	1	0.7084	0	-0.2043
摆驾出城接你	1	0	-0.2434	1	0.7084	0	-0.2043
你不要推辞	1	0	-0.2434	1	0.7084	0	-0.2043
就坐上她的龙车	1	0	-0.2434	1	0.7084	0	-0.2043
登宝殿面南坐下	1	0	-0.2434	1	0.7084	0	-0.2043
叫女王取出御宝印信来	1	0	-0.2434	1	0.7084	0	-0.2043
宣我们兄弟进朝	1	0	-0.2434	1	0.7084	0	-0.2043
把通关的文牒盖上印	1	0	-0.2434	1	0.7084	0	-0.2043
再请女王写个手字画押	1	0	-0.2434	1	0.7084	0	-0.2043
签押后交付与我们	1	0	-0.2434	1	0.7084	0	-0.2043
师父再叫摆筵宴	1	0	-0.2434	1	0.7084	0	-0.2043
就当是与女王会喜	1	0	-0.2434	1	0.7084	0	-0.2043
再与我们送行	1	0	-0.2434	1	0.7084	0	-0.2043
待筵席已毕	1	0	-0.2434	1	0.7084	0	-0.2043
再叫排驾	1	0	-0.2434	1	0.7084	0	-0.2043
只说送我们三人出城	1	0	-0.2434	1	0.7084	0	-0.2043
哄得她君臣欢悦毫无戒心	1	0	-0.2434	1	0.7084	0	-0.2043
更无毒恶之念	1	0	-0.2434	1	0.7084	0	-0.2043
等将我们送出城外	1	0	-0.2434	1	0.7084	0	-0.2043
你下了龙车	1	0	-0.2434	1	0.7084	0	-0.2043
叫沙和尚侍候左右	1	0	-0.2434	1	0.7084	0	-0.2043
服侍你骑上白马	1	0	-0.2434	1	0.7084	0	-0.2043
老孙使个定身法儿	1	0	-0.2434	1	0.7084	0	-0.2043
叫他君臣人等皆不能动	1	0	-0.2434	1	0.7084	0	-0.2043
我们顺大路只管西行	1	0	-0.2434	1	0.7084	0	-0.2043
行得一昼夜	1	0	-0.2434	1	0.7084	0	-0.2043
我再念个咒儿	1	0	-0.2434	1	0.7084	0	-0.2043
解了法	1	0	-0.2434	1	0.7084	0	-0.2043
还叫她们君臣回城	1	0	-0.2434	1	0.7084	0	-0.2043
一则不伤她们性命	1	0	-0.2434	1	0.7084	0	-0.2043
二则不损你的元神	1	0	-0.2434	1	0.7084	0	-0.2043
这就叫做‘假亲脱网	1	0	-0.2434	1	0.7084	0	-0.2043
岂非一举两全之美啊	1	0	-0.2434	1	0.7084	0	-0.2043
三藏闻言	1	0	-0.2434	1	0.7084	0	-0.2043
如醉方醒	1	0	-0.2434	1	0.7084	0	-0.2043
似梦初觉	1	0	-0.2434	1	0.7084	0	-0.2043
乐以忘忧	1	0	-0.2434	1	0.7084	0	-0.2043
感谢不尽	1	0	-0.2434	1	0.7084	0	-0.2043
那太师回禀女王	1	0	-0.2434	1	0.7084	0	-0.2043
主公佳梦最准	1	0	-0.2434	1	0.7084	0	-0.2043
御弟答应招婚	1	0	-0.2434	1	0.7084	0	-0.2043
大驾出城	1	0	-0.2434	1	0.7084	0	-0.2043
早到迎阳驿前	1	0	-0.2434	1	0.7084	0	-0.2043
忽有人报	1	0	-0.2434	1	0.7084	0	-0.2043
女王到了	1	0	-0.2434	1	0.7084	0	-0.2043
三藏忙和三个徒弟出厅迎驾	1	0	-0.2434	1	0.7084	0	-0.2043
哪一位是唐朝御弟	1	0	-0.2434	1	0.7084	0	-0.2043
太师指着唐僧道	1	0	-0.2434	1	0.7084	0	-0.2043
那一位便是	1	0	-0.2434	1	0.7084	0	-0.2043
女王闪凤眼	1	0	-0.2434	1	0.7084	0	-0.2043
簇蛾眉	1	0	-0.2434	1	0.7084	0	-0.2043
仔细观看唐僧	1	0	-0.2434	1	0.7084	0	-0.2043
果然仪表非凡	1	0	-0.2434	1	0.7084	0	-0.2043
只见女王走上前来	1	0	-0.2434	1	0.7084	0	-0.2043
请唐僧上龙车	1	0	-0.2434	1	0.7084	0	-0.2043
同到金銮宝殿	1	0	-0.2434	1	0.7084	0	-0.2043
那些文武百官	1	0	-0.2434	1	0.7084	0	-0.2043
见女王与唐僧同登凤荤并肩而坐	1	0	-0.2434	1	0.7084	0	-0.2043
一个个眉笑眼开	1	0	-0.2434	1	0.7084	0	-0.2043
复入城中	1	0	-0.2434	1	0.7084	0	-0.2043
孙大圣叫沙僧挑着行李	1	0	-0.2434	1	0.7084	0	-0.2043
牵着白马	1	0	-0.2434	1	0.7084	0	-0.2043
随大驾后同行	1	0	-0.2434	1	0.7084	0	-0.2043
猪八戒慌了神	1	0	-0.2434	1	0.7084	0	-0.2043
前后乱跑嚷着要吃喜酒	1	0	-0.2434	1	0.7084	0	-0.2043
进了城	1	0	-0.2434	1	0.7084	0	-0.2043
酒筵摆了上来	1	0	-0.2434	1	0.7084	0	-0.2043
猪八戒哪管好歹	1	0	-0.2434	1	0.7084	0	-0.2043
放开肚子只管大吃大喝	1	0	-0.2434	1	0.7084	0	-0.2043
也不管什么玉屑米饭	1	0	-0.2434	1	0.7084	0	-0.2043
蘑菇	1	0	-0.2434	1	0.7084	0	-0.2043
笋芽	1	0	-0.2434	1	0.7084	0	-0.2043
木耳	1	0	-0.2434	1	0.7084	0	-0.2043
黄花菜	1	0	-0.2434	1	0.7084	0	-0.2043
石花菜	1	0	-0.2434	1	0.7084	0	-0.2043
紫菜	1	0	-0.2434	1	0.7084	0	-0.2043
蔓菁	1	0	-0.2434	1	0.7084	0	-0.2043
芋头	1	0	-0.2434	1	0.7084	0	-0.2043
萝卜	1	0	-0.2434	1	0.7084	0	-0.2043
山药	1	0	-0.2434	1	0.7084	0	-0.2043
黄精	1	0	-0.2434	1	0.7084	0	-0.2043
一股脑儿地吃	1	0	-0.2434	1	0.7084	0	-0.2043
一边吃喝	1	0	-0.2434	1	0.7084	0	-0.2043
一边说	1	0	-0.2434	1	0.7084	0	-0.2043
再吃几碗	1	0	-0.2434	1	0.7084	0	-0.2043
各人干个人的事去	1	0	-0.2434	1	0.7084	0	-0.2043
沙和尚问	1	0	-0.2434	1	0.7084	0	-0.2043
这么好的筵席不吃	1	0	-0.2434	1	0.7084	0	-0.2043
还要干什么事去	1	0	-0.2434	1	0.7084	0	-0.2043
呆子笑道	1	0	-0.2434	1	0.7084	0	-0.2043
造弓的造弓	1	0	-0.2434	1	0.7084	0	-0.2043
造箭的造箭	1	0	-0.2434	1	0.7084	0	-0.2043
我们如今招的招	1	0	-0.2434	1	0.7084	0	-0.2043
嫁的嫁	1	0	-0.2434	1	0.7084	0	-0.2043
取经的还去取经	1	0	-0.2434	1	0.7084	0	-0.2043
走路的还去走路	1	0	-0.2434	1	0.7084	0	-0.2043
别只管贪杯误了大事	1	0	-0.2434	1	0.7084	0	-0.2043
快早点打发关文	1	0	-0.2434	1	0.7084	0	-0.2043
正是‘将军不下马	1	0	-0.2434	1	0.7084	0	-0.2043
各自奔前程	1	0	-0.2434	1	0.7084	0	-0.2043
唐僧欠身而起	1	0	-0.2434	1	0.7084	0	-0.2043
对女王合掌道	1	0	-0.2434	1	0.7084	0	-0.2043
多蒙盛筵	1	0	-0.2434	1	0.7084	0	-0.2043
饭酒已够	1	0	-0.2434	1	0.7084	0	-0.2043
请登宝殿倒换关文	1	0	-0.2434	1	0.7084	0	-0.2043
趁天还早送他们三人出城	1	0	-0.2434	1	0.7084	0	-0.2043
女王依言	1	0	-0.2434	1	0.7084	0	-0.2043
拉着唐僧	1	0	-0.2434	1	0.7084	0	-0.2043
散了筵宴	1	0	-0.2434	1	0.7084	0	-0.2043
上金銮宝殿就让唐僧即位	1	0	-0.2434	1	0.7084	0	-0.2043
唐僧忙说	1	0	-0.2434	1	0.7084	0	-0.2043
刚才与太师说过	1	0	-0.2434	1	0.7084	0	-0.2043
明日黄道吉日	1	0	-0.2434	1	0.7084	0	-0.2043
贫僧才敢即位称孤	1	0	-0.2434	1	0.7084	0	-0.2043
今日即换关文	1	0	-0.2434	1	0.7084	0	-0.2043
打发他们先去罢	1	0	-0.2434	1	0.7084	0	-0.2043
女王听了	1	0	-0.2434	1	0.7084	0	-0.2043
仍坐了龙床	1	0	-0.2434	1	0.7084	0	-0.2043
即取金交椅一把	1	0	-0.2434	1	0.7084	0	-0.2043
放在龙床左手请唐僧坐了	1	0	-0.2434	1	0.7084	0	-0.2043
叫徒弟们拿上通关文牒来	1	0	-0.2434	1	0.7084	0	-0.2043
女王细看	1	0	-0.2434	1	0.7084	0	-0.2043
上有大唐皇帝的宝印九颗	1	0	-0.2434	1	0.7084	0	-0.2043
下有宝象国	1	0	-0.2434	1	0.7084	0	-0.2043
乌鸡国	1	0	-0.2434	1	0.7084	0	-0.2043
车迟国印	1	0	-0.2434	1	0.7084	0	-0.2043
女王看罢	1	0	-0.2434	1	0.7084	0	-0.2043
娇滴滴地笑着说	1	0	-0.2434	1	0.7084	0	-0.2043
御弟哥哥姓陈	1	0	-0.2434	1	0.7084	0	-0.2043
俗家姓陈	1	0	-0.2434	1	0.7084	0	-0.2043
法名玄奘	1	0	-0.2434	1	0.7084	0	-0.2043
因我唐王圣恩认作御弟	1	0	-0.2434	1	0.7084	0	-0.2043
故赐姓为唐	1	0	-0.2434	1	0.7084	0	-0.2043
女王又问	1	0	-0.2434	1	0.7084	0	-0.2043
这关文上怎么没有三位高徒的名字	1	0	-0.2434	1	0.7084	0	-0.2043
三个顽徒不是我唐朝之人	1	0	-0.2434	1	0.7084	0	-0.2043
大徒弟孙悟空	1	0	-0.2434	1	0.7084	0	-0.2043
祖贯东胜神洲傲来国人氏	1	0	-0.2434	1	0.7084	0	-0.2043
二徒弟猪悟能乃西牛贺洲乌斯庄人氏	1	0	-0.2434	1	0.7084	0	-0.2043
三徒弟沙悟净乃流沙河人氏	1	0	-0.2434	1	0.7084	0	-0.2043
他三人都因罪犯天条	1	0	-0.2434	1	0.7084	0	-0.2043
南海观音菩萨解脱他苦	1	0	-0.2434	1	0.7084	0	-0.2043
他们愿将功折罪保我上西天取经	1	0	-0.2434	1	0.7084	0	-0.2043
这三个因都是途中收得	1	0	-0.2434	1	0.7084	0	-0.2043
故此关文上无名	1	0	-0.2434	1	0.7084	0	-0.2043
我把他们的名字添上	1	0	-0.2434	1	0.7084	0	-0.2043
好吗	1	0	-0.2434	1	0.7084	0	-0.2043
但凭陛下尊意	1	0	-0.2434	1	0.7084	0	-0.2043
女王即令取笔砚来	1	0	-0.2434	1	0.7084	0	-0.2043
写上孙悟空	1	0	-0.2434	1	0.7084	0	-0.2043
猪悟能	1	0	-0.2434	1	0.7084	0	-0.2043
沙悟净的名字	1	0	-0.2434	1	0.7084	0	-0.2043
端端正正地盖上印	1	0	-0.2434	1	0.7084	0	-0.2043
又画个押传将下去	1	0	-0.2434	1	0.7084	0	-0.2043
孙大圣接住叫沙僧收好	1	0	-0.2434	1	0.7084	0	-0.2043
唐三藏看差不多了	1	0	-0.2434	1	0.7084	0	-0.2043
起身说	1	0	-0.2434	1	0.7084	0	-0.2043
敢烦陛下	1	0	-0.2434	1	0.7084	0	-0.2043
相同贫僧送他二人出城	1	0	-0.2434	1	0.7084	0	-0.2043
待我嘱咐他们几句	1	0	-0.2434	1	0.7084	0	-0.2043
叫他们好生西去	1	0	-0.2434	1	0.7084	0	-0.2043
我再回来与陛下永享荣华	1	0	-0.2434	1	0.7084	0	-0.2043
女王不知是计	1	0	-0.2434	1	0.7084	0	-0.2043
便传言摆驾与三藏并倚香肩	1	0	-0.2434	1	0.7084	0	-0.2043
同登凤辇	1	0	-0.2434	1	0.7084	0	-0.2043
出西城而去	1	0	-0.2434	1	0.7084	0	-0.2043
满城中都盏添净水	1	0	-0.2434	1	0.7084	0	-0.2043
炉降真香	1	0	-0.2434	1	0.7084	0	-0.2043
一则看女王銮驾	1	0	-0.2434	1	0.7084	0	-0.2043
二则看御弟男身	1	0	-0.2434	1	0.7084	0	-0.2043
大驾出城到西关之外	1	0	-0.2434	1	0.7084	0	-0.2043
沙僧同心合意	1	0	-0.2434	1	0.7084	0	-0.2043
结束整齐	1	0	-0.2434	1	0.7084	0	-0.2043
高叫道	1	0	-0.2434	1	0.7084	0	-0.2043
那女王不必远送了	1	0	-0.2434	1	0.7084	0	-0.2043
我等就此拜别	1	0	-0.2434	1	0.7084	0	-0.2043
唐僧慢慢下了龙车	1	0	-0.2434	1	0.7084	0	-0.2043
对女王拱手道	1	0	-0.2434	1	0.7084	0	-0.2043
请回吧	1	0	-0.2434	1	0.7084	0	-0.2043
让贫僧还是取经去也	1	0	-0.2434	1	0.7084	0	-0.2043
女王闻言	1	0	-0.2434	1	0.7084	0	-0.2043
扯住唐僧说	1	0	-0.2434	1	0.7084	0	-0.2043
御弟哥哥	1	0	-0.2434	1	0.7084	0	-0.2043
我愿将一国之富招你为夫	1	0	-0.2434	1	0.7084	0	-0.2043
明日高登宝座即位称君	1	0	-0.2434	1	0.7084	0	-0.2043
我愿为君之后	1	0	-0.2434	1	0.7084	0	-0.2043
喜筵都吃过了	1	0	-0.2434	1	0.7084	0	-0.2043
怎么又变卦了	1	0	-0.2434	1	0.7084	0	-0.2043
沙僧忙把唐僧扶上马	1	0	-0.2434	1	0.7084	0	-0.2043
正在这时	1	0	-0.2434	1	0.7084	0	-0.2043
路旁闪出一个女子	1	0	-0.2434	1	0.7084	0	-0.2043
哪里走	1	0	-0.2434	1	0.7084	0	-0.2043
沙僧骂道	1	0	-0.2434	1	0.7084	0	-0.2043
贼辈何为	1	0	-0.2434	1	0.7084	0	-0.2043
拿出宝杖就打	1	0	-0.2434	1	0.7084	0	-0.2043
那女子弄了一阵风	1	0	-0.2434	1	0.7084	0	-0.2043
呜	1	0	-0.2434	1	0.7084	0	-0.2043
的一声把唐僧卷走了	1	0	-0.2434	1	0.7084	0	-0.2043
不知下落	1	0	-0.2434	1	0.7084	0	-0.2043
这真是	1	0	-0.2434	1	0.7084	0	-0.2043
脱得烟花网	1	0	-0.2434	1	0.7084	0	-0.2043
又遇风月魔	1	0	-0.2434	1	0.7084	0	-0.2043
孙大圣正要使法定住那些妇女	1	0	-0.2434	1	0.7084	0	-0.2043
忽听得一阵风响	1	0	-0.2434	1	0.7084	0	-0.2043
沙僧吵嚷着急回头看时	1	0	-0.2434	1	0.7084	0	-0.2043
不见了师父	1	0	-0.2434	1	0.7084	0	-0.2043
是什么人抢走了师父	1	0	-0.2434	1	0.7084	0	-0.2043
是一个女子	1	0	-0.2434	1	0.7084	0	-0.2043
弄阵旋风把师父卷走了	1	0	-0.2434	1	0.7084	0	-0.2043
行者跳上云端里观看	1	0	-0.2434	1	0.7084	0	-0.2043
见一阵灰尘滚滚往西北方向去了	1	0	-0.2434	1	0.7084	0	-0.2043
沙僧和行者驾云去寻找师父	1	0	-0.2434	1	0.7084	0	-0.2043
女儿国女王也枉费了这场神思	1	0	-0.2434	1	0.7084	0	-0.2043
孙大圣兄弟三人腾云踏雾	1	0	-0.2434	1	0.7084	0	-0.2043
望着那阵旋风一直赶到一座高山前	1	0	-0.2434	1	0.7084	0	-0.2043
他们三人按落云头	1	0	-0.2434	1	0.7084	0	-0.2043
找路寻访	1	0	-0.2434	1	0.7084	0	-0.2043
忽见一块青石似屏风模样	1	0	-0.2434	1	0.7084	0	-0.2043
石屏后面有两扇石门	1	0	-0.2434	1	0.7084	0	-0.2043
门上有六个大字	1	0	-0.2434	1	0.7084	0	-0.2043
毒敌山琵琶洞	1	0	-0.2434	1	0.7084	0	-0.2043
猪八戒要打门	1	0	-0.2434	1	0.7084	0	-0.2043
我先进去打听打听	1	0	-0.2434	1	0.7084	0	-0.2043
查个虚实再做行动	1	0	-0.2434	1	0.7084	0	-0.2043
沙僧夸道	1	0	-0.2434	1	0.7084	0	-0.2043
大哥正是粗中有细	1	0	-0.2434	1	0.7084	0	-0.2043
孙大圣摇身一变	1	0	-0.2434	1	0.7084	0	-0.2043
变成一只蜜蜂儿钻进洞里	1	0	-0.2434	1	0.7084	0	-0.2043
只见正当中花亭子上坐着一个女妖怪	1	0	-0.2434	1	0.7084	0	-0.2043
左右站着几个女童在欢天喜地议论着什么	1	0	-0.2434	1	0.7084	0	-0.2043
行者侧耳细听	1	0	-0.2434	1	0.7084	0	-0.2043
才听见一女童说	1	0	-0.2434	1	0.7084	0	-0.2043
这一盘是人肉馅的荤馍馍	1	0	-0.2434	1	0.7084	0	-0.2043
那一盘是豆沙馅的素馍馍	1	0	-0.2434	1	0.7084	0	-0.2043
两样都端来	1	0	-0.2434	1	0.7084	0	-0.2043
那女怪笑道	1	0	-0.2434	1	0.7084	0	-0.2043
小的们	1	0	-0.2434	1	0.7084	0	-0.2043
搀出唐僧来	1	0	-0.2434	1	0.7084	0	-0.2043
几个彩衣绣服的女童走进后房把唐僧扶出	1	0	-0.2434	1	0.7084	0	-0.2043
那女怪走向前去说	1	0	-0.2434	1	0.7084	0	-0.2043
御弟宽心	1	0	-0.2434	1	0.7084	0	-0.2043
我这里虽比不上女儿国里宫殿那般富贵奢华	1	0	-0.2434	1	0.7084	0	-0.2043
但也清闲自在	1	0	-0.2434	1	0.7084	0	-0.2043
正好念佛看经	1	0	-0.2434	1	0.7084	0	-0.2043
我与你作个伴儿	1	0	-0.2434	1	0.7084	0	-0.2043
来个百岁和谐白头到老	1	0	-0.2434	1	0.7084	0	-0.2043
三藏不语	1	0	-0.2434	1	0.7084	0	-0.2043
女怪又让他吃人肉馅的馍馍	1	0	-0.2434	1	0.7084	0	-0.2043
贫僧吃素	1	0	-0.2434	1	0.7084	0	-0.2043
女童随即端上素馍馍来	1	0	-0.2434	1	0.7084	0	-0.2043
孙大圣现了本相	1	0	-0.2434	1	0.7084	0	-0.2043
举棒喝道	1	0	-0.2434	1	0.7084	0	-0.2043
孽畜无礼	1	0	-0.2434	1	0.7084	0	-0.2043
那女怪口喷一道烟光把花亭子罩住	1	0	-0.2434	1	0.7084	0	-0.2043
让小的们把唐僧藏了起来	1	0	-0.2434	1	0.7084	0	-0.2043
她拿一柄三股钢叉跳出亭门骂道	1	0	-0.2434	1	0.7084	0	-0.2043
你这无礼的泼猴	1	0	-0.2434	1	0.7084	0	-0.2043
怎敢私入吾家偷看我容貌	1	0	-0.2434	1	0.7084	0	-0.2043
吃老娘一叉	1	0	-0.2434	1	0.7084	0	-0.2043
这大圣使棒驾住且战且退	1	0	-0.2434	1	0.7084	0	-0.2043
二人打出洞外	1	0	-0.2434	1	0.7084	0	-0.2043
八戒上来助战	1	0	-0.2434	1	0.7084	0	-0.2043
那怪又	1	0	-0.2434	1	0.7084	0	-0.2043
的一声	1	0	-0.2434	1	0.7084	0	-0.2043
鼻中出火	1	0	-0.2434	1	0.7084	0	-0.2043
口内生烟	1	0	-0.2434	1	0.7084	0	-0.2043
她把身子抖了一抖	1	0	-0.2434	1	0.7084	0	-0.2043
三股叉飞舞冲迎	1	0	-0.2434	1	0.7084	0	-0.2043
那女怪也不知长了几只手	1	0	-0.2434	1	0.7084	0	-0.2043
没头没脑地滚将来	1	0	-0.2434	1	0.7084	0	-0.2043
这行者和八戒两边挡住	1	0	-0.2434	1	0.7084	0	-0.2043
那怪道	1	0	-0.2434	1	0.7084	0	-0.2043
你不认识我	1	0	-0.2434	1	0.7084	0	-0.2043
我可认识你	1	0	-0.2434	1	0.7084	0	-0.2043
你那雷音寺里的如来佛也还怕我哩	1	0	-0.2434	1	0.7084	0	-0.2043
量你这两个毛人都上来也不顶事	1	0	-0.2434	1	0.7084	0	-0.2043
三人斗了数合也不分胜负	1	0	-0.2434	1	0.7084	0	-0.2043
那怪将身一纵	1	0	-0.2434	1	0.7084	0	-0.2043
使出了倒马毒桩	1	0	-0.2434	1	0.7084	0	-0.2043
把大圣的头皮扎了一下	1	0	-0.2434	1	0.7084	0	-0.2043
行者疼得忍耐不住	1	0	-0.2434	1	0.7084	0	-0.2043
只好败阵而退	1	0	-0.2434	1	0.7084	0	-0.2043
八戒见事不妙	1	0	-0.2434	1	0.7084	0	-0.2043
也退了下来	1	0	-0.2434	1	0.7084	0	-0.2043
那怪得胜了	1	0	-0.2434	1	0.7084	0	-0.2043
便收了钢叉	1	0	-0.2434	1	0.7084	0	-0.2043
行者抱住头	1	0	-0.2434	1	0.7084	0	-0.2043
愁眉苦脸叫喊	1	0	-0.2434	1	0.7084	0	-0.2043
八戒问	1	0	-0.2434	1	0.7084	0	-0.2043
我没见你受伤你却头疼	1	0	-0.2434	1	0.7084	0	-0.2043
这是为什么	1	0	-0.2434	1	0.7084	0	-0.2043
行者只是哼哼道	1	0	-0.2434	1	0.7084	0	-0.2043
我与她正打时	1	0	-0.2434	1	0.7084	0	-0.2043
她见我破了她的叉势	1	0	-0.2434	1	0.7084	0	-0.2043
就把身子一纵	1	0	-0.2434	1	0.7084	0	-0.2043
不知用了什么兵器在我头皮上扎了一下	1	0	-0.2434	1	0.7084	0	-0.2043
所以这般疼痛难忍	1	0	-0.2434	1	0.7084	0	-0.2043
你常夸口说你的头是修炼过的	1	0	-0.2434	1	0.7084	0	-0.2043
怎么连这么一下子也禁不住	1	0	-0.2434	1	0.7084	0	-0.2043
我这头自从修炼成真	1	0	-0.2434	1	0.7084	0	-0.2043
盗食了蟠桃仙酒	1	0	-0.2434	1	0.7084	0	-0.2043
老君金丹	1	0	-0.2434	1	0.7084	0	-0.2043
大闹天宫时	1	0	-0.2434	1	0.7084	0	-0.2043
又被玉帝差大力鬼王	1	0	-0.2434	1	0.7084	0	-0.2043
二十八宿押赴斗牛宫外处斩	1	0	-0.2434	1	0.7084	0	-0.2043
那些神将使刀砍斧剁锤敲剑击	1	0	-0.2434	1	0.7084	0	-0.2043
雷打火烧	1	0	-0.2434	1	0.7084	0	-0.2043
老君把我放进八卦炉里炼了四十九日都没能伤损	1	0	-0.2434	1	0.7084	0	-0.2043
今日不知这女人用的是什么兵器	1	0	-0.2434	1	0.7084	0	-0.2043
把老孙的头弄伤了	1	0	-0.2434	1	0.7084	0	-0.2043
你放下手	1	0	-0.2434	1	0.7084	0	-0.2043
让我看看是不是破了	1	0	-0.2434	1	0.7084	0	-0.2043
我去西梁女儿国讨点膏药与你贴上罢	1	0	-0.2434	1	0.7084	0	-0.2043
既不肿又没破	1	0	-0.2434	1	0.7084	0	-0.2043
贴什么膏药	1	0	-0.2434	1	0.7084	0	-0.2043
大哥伤了头	1	0	-0.2434	1	0.7084	0	-0.2043
师父又不知死活	1	0	-0.2434	1	0.7084	0	-0.2043
这可怎么是好	1	0	-0.2434	1	0.7084	0	-0.2043
我进去看了	1	0	-0.2434	1	0.7084	0	-0.2043
师父不会出事	1	0	-0.2434	1	0.7084	0	-0.2043
咱们权且安歇	1	0	-0.2434	1	0.7084	0	-0.2043
另做计议	1	0	-0.2434	1	0.7084	0	-0.2043
那女怪进了洞	1	0	-0.2434	1	0.7084	0	-0.2043
把唐僧请出来	1	0	-0.2434	1	0.7084	0	-0.2043
装出十分娇媚之态对唐僧说	1	0	-0.2434	1	0.7084	0	-0.2043
黄金未必贵	1	0	-0.2434	1	0.7084	0	-0.2043
安乐值钱多	1	0	-0.2434	1	0.7084	0	-0.2043
我和你作为夫妻共享荣华	1	0	-0.2434	1	0.7084	0	-0.2043
唐僧毫不动心	1	0	-0.2434	1	0.7084	0	-0.2043
那怪花言巧语半夜	1	0	-0.2434	1	0.7084	0	-0.2043
唐僧仍是老老成成地不依	1	0	-0.2434	1	0.7084	0	-0.2043
气得那女怪把唐僧捆了起来	1	0	-0.2434	1	0.7084	0	-0.2043
不觉鸡叫三遍	1	0	-0.2434	1	0.7084	0	-0.2043
那山坡上的大圣对八戒	1	0	-0.2434	1	0.7084	0	-0.2043
我这头不疼了	1	0	-0.2434	1	0.7084	0	-0.2043
只是有些痒痒	1	0	-0.2434	1	0.7084	0	-0.2043
痒就是要好了	1	0	-0.2434	1	0.7084	0	-0.2043
八戒和行者又去琵琶洞前叫战	1	0	-0.2434	1	0.7084	0	-0.2043
那女怪出得洞来	1	0	-0.2434	1	0.7084	0	-0.2043
举着三股叉骂道	1	0	-0.2434	1	0.7084	0	-0.2043
泼猴	1	0	-0.2434	1	0.7084	0	-0.2043
野猪	1	0	-0.2434	1	0.7084	0	-0.2043
老大无知	1	0	-0.2434	1	0.7084	0	-0.2043
在我洞前叫喊什么	1	0	-0.2434	1	0.7084	0	-0.2043
八戒骂道	1	0	-0.2434	1	0.7084	0	-0.2043
贱货	1	0	-0.2434	1	0.7084	0	-0.2043
你害我师父	1	0	-0.2434	1	0.7084	0	-0.2043
还敢嘴硬	1	0	-0.2434	1	0.7084	0	-0.2043
我师父是你哄来做老公的	1	0	-0.2434	1	0.7084	0	-0.2043
快送出来饶你性命	1	0	-0.2434	1	0.7084	0	-0.2043
你要敢说半个‘不	1	0	-0.2434	1	0.7084	0	-0.2043
吃老猪一耙	1	0	-0.2434	1	0.7084	0	-0.2043
那女怪不容分说	1	0	-0.2434	1	0.7084	0	-0.2043
抖抖身子	1	0	-0.2434	1	0.7084	0	-0.2043
依前弄法	1	0	-0.2434	1	0.7084	0	-0.2043
鼻口内喷烟冒火	1	0	-0.2434	1	0.7084	0	-0.2043
举钢叉就刺八戒	1	0	-0.2434	1	0.7084	0	-0.2043
八戒侧身躲过	1	0	-0.2434	1	0.7084	0	-0.2043
大圣举棒助战	1	0	-0.2434	1	0.7084	0	-0.2043
交斗三五回合	1	0	-0.2434	1	0.7084	0	-0.2043
不知是什么兵器	1	0	-0.2434	1	0.7084	0	-0.2043
把八戒的长嘴唇上也扎了一下	1	0	-0.2434	1	0.7084	0	-0.2043
那呆子掩着耙捂着嘴	1	0	-0.2434	1	0.7084	0	-0.2043
负痛逃命	1	0	-0.2434	1	0.7084	0	-0.2043
行者也有些怵她	1	0	-0.2434	1	0.7084	0	-0.2043
虚丢一棒也败阵而走	1	0	-0.2434	1	0.7084	0	-0.2043
那女怪又得胜返洞	1	0	-0.2434	1	0.7084	0	-0.2043
沙和尚见猪八戒捂着嘴来了直喊	1	0	-0.2434	1	0.7084	0	-0.2043
了不起	1	0	-0.2434	1	0.7084	0	-0.2043
行者取笑他道	1	0	-0.2434	1	0.7084	0	-0.2043
好呆子	1	0	-0.2434	1	0.7084	0	-0.2043
昨日你骂我是脑门痈	1	0	-0.2434	1	0.7084	0	-0.2043
今日你却弄了个肿嘴瘟了	1	0	-0.2434	1	0.7084	0	-0.2043
八戒只管哼哼	1	0	-0.2434	1	0.7084	0	-0.2043
难忍难忍	1	0	-0.2434	1	0.7084	0	-0.2043
疼得了不得	1	0	-0.2434	1	0.7084	0	-0.2043
三个人正在难处	1	0	-0.2434	1	0.7084	0	-0.2043
只见一个老妈妈左手提着一个青竹篮子	1	0	-0.2434	1	0.7084	0	-0.2043
自南山路上挑菜而来	1	0	-0.2434	1	0.7084	0	-0.2043
沙僧要去同问那女怪的来历	1	0	-0.2434	1	0.7084	0	-0.2043
行者一眼看出那老妈妈便是观音菩萨	1	0	-0.2434	1	0.7084	0	-0.2043
忙叫八戒	1	0	-0.2434	1	0.7084	0	-0.2043
沙僧一起跪下磕头	1	0	-0.2434	1	0.7084	0	-0.2043
那菩萨见他们认出了自己	1	0	-0.2434	1	0.7084	0	-0.2043
便现了原相	1	0	-0.2434	1	0.7084	0	-0.2043
升到半空	1	0	-0.2434	1	0.7084	0	-0.2043
行者赶在空中	1	0	-0.2434	1	0.7084	0	-0.2043
恕弟子失迎之罪	1	0	-0.2434	1	0.7084	0	-0.2043
我等正努力救师	1	0	-0.2434	1	0.7084	0	-0.2043
没有看见菩萨下降	1	0	-0.2434	1	0.7084	0	-0.2043
今遇魔鬼难收	1	0	-0.2434	1	0.7084	0	-0.2043
万望蔷萨搭救	1	0	-0.2434	1	0.7084	0	-0.2043
观音菩萨道	1	0	-0.2434	1	0.7084	0	-0.2043
这妖精的三股叉如同两只钳脚	1	0	-0.2434	1	0.7084	0	-0.2043
它尾巴上有一个钩子	1	0	-0.2434	1	0.7084	0	-0.2043
唤作‘倒马毒	1	0	-0.2434	1	0.7084	0	-0.2043
她本身是个蝎子精	1	0	-0.2434	1	0.7084	0	-0.2043
她从前在雷音寺听如来佛讲经	1	0	-0.2434	1	0.7084	0	-0.2043
如来见了曾用手推了她一下	1	0	-0.2434	1	0.7084	0	-0.2043
她就转过钩子把如来的左手中拇指上扎了一下	1	0	-0.2434	1	0.7084	0	-0.2043
如来也疼得受不了	1	0	-0.2434	1	0.7084	0	-0.2043
即令金刚拿她	1	0	-0.2434	1	0.7084	0	-0.2043
她却躲在这里	1	0	-0.2434	1	0.7084	0	-0.2043
现在若要救出唐僧	1	0	-0.2434	1	0.7084	0	-0.2043
除非另请一位高手	1	0	-0.2434	1	0.7084	0	-0.2043
我也是近她不得的	1	0	-0.2434	1	0.7084	0	-0.2043
望菩萨明示	1	0	-0.2434	1	0.7084	0	-0.2043
请哪一位才好	1	0	-0.2434	1	0.7084	0	-0.2043
弟子即去敬请	1	0	-0.2434	1	0.7084	0	-0.2043
菩萨道	1	0	-0.2434	1	0.7084	0	-0.2043
你去东天门里光明宫请昴日星官	1	0	-0.2434	1	0.7084	0	-0.2043
方能降伏此妖	1	0	-0.2434	1	0.7084	0	-0.2043
言罢	1	0	-0.2434	1	0.7084	0	-0.2043
菩萨化作一道金光返回南海	1	0	-0.2434	1	0.7084	0	-0.2043
菩萨走后	1	0	-0.2434	1	0.7084	0	-0.2043
行者急忙驾筋斗云来到东天门外	1	0	-0.2434	1	0.7084	0	-0.2043
经过一番奔波	1	0	-0.2434	1	0.7084	0	-0.2043
终于找到昴日星官	1	0	-0.2434	1	0.7084	0	-0.2043
行者上前施礼说	1	0	-0.2434	1	0.7084	0	-0.2043
我师父唐僧路途遇难	1	0	-0.2434	1	0.7084	0	-0.2043
特请先生去救师父一难	1	0	-0.2434	1	0.7084	0	-0.2043
你师父遇何难	1	0	-0.2434	1	0.7084	0	-0.2043
在什么地方	1	0	-0.2434	1	0.7084	0	-0.2043
在西梁国毒敌山琵琶洞	1	0	-0.2434	1	0.7084	0	-0.2043
那山洞有什么妖怪	1	0	-0.2434	1	0.7084	0	-0.2043
还需要来叫小神前往	1	0	-0.2434	1	0.7084	0	-0.2043
观音菩萨说是一个蝎子精	1	0	-0.2434	1	0.7084	0	-0.2043
并推举先生治服它	1	0	-0.2434	1	0.7084	0	-0.2043
因此来请	1	0	-0.2434	1	0.7084	0	-0.2043
承蒙菩萨举荐	1	0	-0.2434	1	0.7084	0	-0.2043
且和你去走一遭	1	0	-0.2434	1	0.7084	0	-0.2043
大圣和星官同出东天门	1	0	-0.2434	1	0.7084	0	-0.2043
直至西梁国	1	0	-0.2434	1	0.7084	0	-0.2043
望见毒敌山不远	1	0	-0.2434	1	0.7084	0	-0.2043
行者指道	1	0	-0.2434	1	0.7084	0	-0.2043
就是这座山	1	0	-0.2434	1	0.7084	0	-0.2043
星官按下云头和悟空来到山坡之下	1	0	-0.2434	1	0.7084	0	-0.2043
沙僧见了说	1	0	-0.2434	1	0.7084	0	-0.2043
二哥起来	1	0	-0.2434	1	0.7084	0	-0.2043
大哥请来星官了	1	0	-0.2434	1	0.7084	0	-0.2043
那呆子还捂着长嘴巴说	1	0	-0.2434	1	0.7084	0	-0.2043
有病在身	1	0	-0.2434	1	0.7084	0	-0.2043
不能行礼	1	0	-0.2434	1	0.7084	0	-0.2043
你是修行之人	1	0	-0.2434	1	0.7084	0	-0.2043
何病有之	1	0	-0.2434	1	0.7084	0	-0.2043
早上与那妖精交战	1	0	-0.2434	1	0.7084	0	-0.2043
被地用钩子扎了一下	1	0	-0.2434	1	0.7084	0	-0.2043
至今还疼呢	1	0	-0.2434	1	0.7084	0	-0.2043
你来	1	0	-0.2434	1	0.7084	0	-0.2043
我给你医治医治	1	0	-0.2434	1	0.7084	0	-0.2043
呆子这才放了手说	1	0	-0.2434	1	0.7084	0	-0.2043
千万治好	1	0	-0.2434	1	0.7084	0	-0.2043
待治愈了我好好谢你	1	0	-0.2434	1	0.7084	0	-0.2043
那星官只是用手在嘴唇上摸了一摸	1	0	-0.2434	1	0.7084	0	-0.2043
吹了一口气	1	0	-0.2434	1	0.7084	0	-0.2043
八戒就不疼了	1	0	-0.2434	1	0.7084	0	-0.2043
呆子高兴地立即下拜道	1	0	-0.2434	1	0.7084	0	-0.2043
烦先生也把我的头皮摸摸	1	0	-0.2434	1	0.7084	0	-0.2043
你没有遭毒摸头何用	1	0	-0.2434	1	0.7084	0	-0.2043
昨日也曾遭过	1	0	-0.2434	1	0.7084	0	-0.2043
只是过了夜才不疼	1	0	-0.2434	1	0.7084	0	-0.2043
如今还有些麻痒	1	0	-0.2434	1	0.7084	0	-0.2043
只怕天阴复疼	1	0	-0.2434	1	0.7084	0	-0.2043
也烦治治	1	0	-0.2434	1	0.7084	0	-0.2043
星官把他的头也摸了摸	1	0	-0.2434	1	0.7084	0	-0.2043
吹了口仙气	1	0	-0.2434	1	0.7084	0	-0.2043
也解了毒	1	0	-0.2434	1	0.7084	0	-0.2043
悟空觉着不麻不痒了	1	0	-0.2434	1	0.7084	0	-0.2043
八戒发狠道	1	0	-0.2434	1	0.7084	0	-0.2043
咱们打那泼贱去	1	0	-0.2434	1	0.7084	0	-0.2043
你两个把她叫出洞来	1	0	-0.2434	1	0.7084	0	-0.2043
等我降她	1	0	-0.2434	1	0.7084	0	-0.2043
行者和八戒跳上山坡	1	0	-0.2434	1	0.7084	0	-0.2043
到琵琶洞口连骂带打	1	0	-0.2434	1	0.7084	0	-0.2043
八戒的耙子好厉害	1	0	-0.2434	1	0.7084	0	-0.2043
几下子就把一门和二门打破了	1	0	-0.2434	1	0.7084	0	-0.2043
那蝎子精跳出花亭子	1	0	-0.2434	1	0.7084	0	-0.2043
抡叉来刺八戒	1	0	-0.2434	1	0.7084	0	-0.2043
八戒用耙迎架	1	0	-0.2434	1	0.7084	0	-0.2043
行者在旁助战	1	0	-0.2434	1	0.7084	0	-0.2043
那怪刚要下毒手	1	0	-0.2434	1	0.7084	0	-0.2043
他两个回头就走	1	0	-0.2434	1	0.7084	0	-0.2043
那怪过石屏之后	1	0	-0.2434	1	0.7084	0	-0.2043
行者高喊	1	0	-0.2434	1	0.7084	0	-0.2043
昴宿何在	1	0	-0.2434	1	0.7084	0	-0.2043
只见那星官立于山坡上现出本相	1	0	-0.2434	1	0.7084	0	-0.2043
原来是一只双冠子大公鸡	1	0	-0.2434	1	0.7084	0	-0.2043
昂起头来约有六七尺高	1	0	-0.2434	1	0.7084	0	-0.2043
对着妖精叫了一声	1	0	-0.2434	1	0.7084	0	-0.2043
那怪立即现了本相	1	0	-0.2434	1	0.7084	0	-0.2043
是个琵琶大小的蝎子精	1	0	-0.2434	1	0.7084	0	-0.2043
星官再叫一声	1	0	-0.2434	1	0.7084	0	-0.2043
那怪浑身酥软死在坡前	1	0	-0.2434	1	0.7084	0	-0.2043
八戒上前	1	0	-0.2434	1	0.7084	0	-0.2043
一只脚踩住蝎子精说	1	0	-0.2434	1	0.7084	0	-0.2043
看你还使倒马毒吗	1	0	-0.2434	1	0.7084	0	-0.2043
星官驾云而去	1	0	-0.2434	1	0.7084	0	-0.2043
八戒和沙和尚忙说	1	0	-0.2434	1	0.7084	0	-0.2043
改日赴宫拜谢	1	0	-0.2434	1	0.7084	0	-0.2043
三人谢毕走进洞里	1	0	-0.2434	1	0.7084	0	-0.2043
见那些大小丫环	1	0	-0.2434	1	0.7084	0	-0.2043
两边跪下	1	0	-0.2434	1	0.7084	0	-0.2043
我们可不是妖邪	1	0	-0.2434	1	0.7084	0	-0.2043
都是西粱国的女人	1	0	-0.2434	1	0.7084	0	-0.2043
是被那妖精抓来的	1	0	-0.2434	1	0.7084	0	-0.2043
你师父正在后边香房里哭哩	1	0	-0.2434	1	0.7084	0	-0.2043
行者仔细观看	1	0	-0.2434	1	0.7084	0	-0.2043
这些女人确实不是妖怪	1	0	-0.2434	1	0.7084	0	-0.2043
遂入后边叫	1	0	-0.2434	1	0.7084	0	-0.2043
那唐僧见众来了	1	0	-0.2434	1	0.7084	0	-0.2043
转悲为喜道	1	0	-0.2434	1	0.7084	0	-0.2043
累了你们啦	1	0	-0.2434	1	0.7084	0	-0.2043
那妇人在哪里	1	0	-0.2434	1	0.7084	0	-0.2043
那厮是个大母蝎子	1	0	-0.2434	1	0.7084	0	-0.2043
幸得菩萨指示	1	0	-0.2434	1	0.7084	0	-0.2043
大哥去天宫请了星官下降	1	0	-0.2434	1	0.7084	0	-0.2043
把那厮治伏	1	0	-0.2434	1	0.7084	0	-0.2043
被俺老猪踩成泥了	1	0	-0.2434	1	0.7084	0	-0.2043
唐僧感谢不尽	1	0	-0.2434	1	0.7084	0	-0.2043
又将那些女子放回女儿国	1	0	-0.2434	1	0.7084	0	-0.2043
师徒吃了斋	1	0	-0.2434	1	0.7084	0	-0.2043
点火烧毁琵琶洞	1	0	-0.2434	1	0.7084	0	-0.2043
寻大路继续西行	1	0	-0.2434	1	0.7084	0	-0.2043
唐三藏师徒别了朱紫国整顿鞍马西进	1	0	-0.2434	1	0.7084	0	-0.2043
行经无数山脉	1	0	-0.2434	1	0.7084	0	-0.2043
历尽无穷水道	1	0	-0.2434	1	0.7084	0	-0.2043
不觉秋去冬残	1	0	-0.2434	1	0.7084	0	-0.2043
又值春光明媚	1	0	-0.2434	1	0.7084	0	-0.2043
师徒们正边走边观景色	1	0	-0.2434	1	0.7084	0	-0.2043
忽见一座庵林	1	0	-0.2434	1	0.7084	0	-0.2043
三藏要自己去化斋给大家吃	1	0	-0.2434	1	0.7084	0	-0.2043
怎么能让师父去化斋	1	0	-0.2434	1	0.7084	0	-0.2043
俗语云	1	0	-0.2434	1	0.7084	0	-0.2043
终身为父	1	0	-0.2434	1	0.7084	0	-0.2043
岂有弟子高坐	1	0	-0.2434	1	0.7084	0	-0.2043
叫师父去弄饭之理	1	0	-0.2434	1	0.7084	0	-0.2043
不能这样讲	1	0	-0.2434	1	0.7084	0	-0.2043
平日化斋都是无尽的路程	1	0	-0.2434	1	0.7084	0	-0.2043
今日人家很近	1	0	-0.2434	1	0.7084	0	-0.2043
我去化一次斋吧	1	0	-0.2434	1	0.7084	0	-0.2043
三人外出	1	0	-0.2434	1	0.7084	0	-0.2043
小的儿苦	1	0	-0.2434	1	0.7084	0	-0.2043
你是个父辈	1	0	-0.2434	1	0.7084	0	-0.2043
我们是弟子	1	0	-0.2434	1	0.7084	0	-0.2043
古书上也说	1	0	-0.2434	1	0.7084	0	-0.2043
有事弟子服其劳	1	0	-0.2434	1	0.7084	0	-0.2043
还是我老猪去吧	1	0	-0.2434	1	0.7084	0	-0.2043
今日天气晴朗	1	0	-0.2434	1	0.7084	0	-0.2043
离得又近	1	0	-0.2434	1	0.7084	0	-0.2043
我去吧	1	0	-0.2434	1	0.7084	0	-0.2043
沙僧笑道	1	0	-0.2434	1	0.7084	0	-0.2043
师兄不必多说了	1	0	-0.2434	1	0.7084	0	-0.2043
师父的睥气你们也不是不知道	1	0	-0.2434	1	0.7084	0	-0.2043
他既然定了要去	1	0	-0.2434	1	0.7084	0	-0.2043
就让他去吧	1	0	-0.2434	1	0.7084	0	-0.2043
唐三藏就去了	1	0	-0.2434	1	0.7084	0	-0.2043
他行至庄前看	1	0	-0.2434	1	0.7084	0	-0.2043
一个男人也见不到	1	0	-0.2434	1	0.7084	0	-0.2043
只有四个女子	1	0	-0.2434	1	0.7084	0	-0.2043
想退回去吧	1	0	-0.2434	1	0.7084	0	-0.2043
又怕徒弟笑话自己连个斋也化不来	1	0	-0.2434	1	0.7084	0	-0.2043
所以	1	0	-0.2434	1	0.7084	0	-0.2043
硬着头皮往前走	1	0	-0.2434	1	0.7084	0	-0.2043
走了一段路	1	0	-0.2434	1	0.7084	0	-0.2043
只见有个茅屋里面有一座木香亭子	1	0	-0.2434	1	0.7084	0	-0.2043
亭子下又有三个女子在那里踢球哩	1	0	-0.2434	1	0.7084	0	-0.2043
三藏看了一会儿	1	0	-0.2434	1	0.7084	0	-0.2043
只得高声叫道	1	0	-0.2434	1	0.7084	0	-0.2043
贫僧想在这里化些斋吃	1	0	-0.2434	1	0.7084	0	-0.2043
那些女子听见	1	0	-0.2434	1	0.7084	0	-0.2043
一个个欢欢喜喜走上前来说	1	0	-0.2434	1	0.7084	0	-0.2043
失迎了	1	0	-0.2434	1	0.7084	0	-0.2043
请里面坐	1	0	-0.2434	1	0.7084	0	-0.2043
三藏心中暗想	1	0	-0.2434	1	0.7084	0	-0.2043
西方正是佛地	1	0	-0.2434	1	0.7084	0	-0.2043
女子都这么好	1	0	-0.2434	1	0.7084	0	-0.2043
男的就更虔诚了	1	0	-0.2434	1	0.7084	0	-0.2043
一个女子上前	1	0	-0.2434	1	0.7084	0	-0.2043
把石头门推开两扇	1	0	-0.2434	1	0.7084	0	-0.2043
请唐僧里面坐	1	0	-0.2434	1	0.7084	0	-0.2043
他进去一看	1	0	-0.2434	1	0.7084	0	-0.2043
铺设的全是石桌	1	0	-0.2434	1	0.7084	0	-0.2043
冷气阴森	1	0	-0.2434	1	0.7084	0	-0.2043
三藏想	1	0	-0.2434	1	0.7084	0	-0.2043
这地方少吉多凶	1	0	-0.2434	1	0.7084	0	-0.2043
断然不善	1	0	-0.2434	1	0.7084	0	-0.2043
女子笑嘻嘻地问	1	0	-0.2434	1	0.7084	0	-0.2043
从何而来	1	0	-0.2434	1	0.7084	0	-0.2043
我是东士大唐上西天取经的和尚	1	0	-0.2434	1	0.7084	0	-0.2043
路过这里	1	0	-0.2434	1	0.7084	0	-0.2043
化些斋吃	1	0	-0.2434	1	0.7084	0	-0.2043
众女子说	1	0	-0.2434	1	0.7084	0	-0.2043
远来的和尚会念经	1	0	-0.2434	1	0.7084	0	-0.2043
妹妹们不可怠慢	1	0	-0.2434	1	0.7084	0	-0.2043
快办斋来	1	0	-0.2434	1	0.7084	0	-0.2043
有三个女子陪唐僧说话	1	0	-0.2434	1	0.7084	0	-0.2043
另外四个女子去做饭	1	0	-0.2434	1	0.7084	0	-0.2043
不一会儿饭菜就端上来了	1	0	-0.2434	1	0.7084	0	-0.2043
全是人油炒菜	1	0	-0.2434	1	0.7084	0	-0.2043
人肉煎熬的东西	1	0	-0.2434	1	0.7084	0	-0.2043
唐僧哪里敢吃	1	0	-0.2434	1	0.7084	0	-0.2043
吓得又要走	1	0	-0.2434	1	0.7084	0	-0.2043
那些女子拦住门	1	0	-0.2434	1	0.7084	0	-0.2043
不肯放行	1	0	-0.2434	1	0.7084	0	-0.2043
都说	1	0	-0.2434	1	0.7084	0	-0.2043
送上门的买卖倒不好做	1	0	-0.2434	1	0.7084	0	-0.2043
放了屁儿	1	0	-0.2434	1	0.7084	0	-0.2043
却使手掩	1	0	-0.2434	1	0.7084	0	-0.2043
七个女子上来	1	0	-0.2434	1	0.7084	0	-0.2043
把唐僧扯住	1	0	-0.2434	1	0.7084	0	-0.2043
顺手牵羊用绳子捆了	1	0	-0.2434	1	0.7084	0	-0.2043
悬梁高吊	1	0	-0.2434	1	0.7084	0	-0.2043
那些女子脱了上衣	1	0	-0.2434	1	0.7084	0	-0.2043
露出肚脐眼	1	0	-0.2434	1	0.7084	0	-0.2043
各显神通	1	0	-0.2434	1	0.7084	0	-0.2043
一个个肚脐眼里冒出丝绳	1	0	-0.2434	1	0.7084	0	-0.2043
有鸭蛋粗细	1	0	-0.2434	1	0.7084	0	-0.2043
骨都都的	1	0	-0.2434	1	0.7084	0	-0.2043
迸玉飞银	1	0	-0.2434	1	0.7084	0	-0.2043
不一会儿就把庄门瞒住	1	0	-0.2434	1	0.7084	0	-0.2043
八戒和沙僧在道旁等候师父良久不见踪影	1	0	-0.2434	1	0.7084	0	-0.2043
行者忽见天上一道亮光	1	0	-0.2434	1	0.7084	0	-0.2043
就知道唐僧遭难了	1	0	-0.2434	1	0.7084	0	-0.2043
大圣拿着金箍棒	1	0	-0.2434	1	0.7084	0	-0.2043
三两步就跑到前边	1	0	-0.2434	1	0.7084	0	-0.2043
看见那丝绳缠了有千百层厚	1	0	-0.2434	1	0.7084	0	-0.2043
穿穿道道似经纬之势	1	0	-0.2434	1	0.7084	0	-0.2043
他用手按了一按	1	0	-0.2434	1	0.7084	0	-0.2043
丝绳粘软沾人	1	0	-0.2434	1	0.7084	0	-0.2043
行者不知这是什么东西	1	0	-0.2434	1	0.7084	0	-0.2043
他举棒想打又停了手	1	0	-0.2434	1	0.7084	0	-0.2043
心想	1	0	-0.2434	1	0.7084	0	-0.2043
这东西要是硬的	1	0	-0.2434	1	0.7084	0	-0.2043
别说几千层	1	0	-0.2434	1	0.7084	0	-0.2043
就是几万层也可打断	1	0	-0.2434	1	0.7084	0	-0.2043
可是这软东西	1	0	-0.2434	1	0.7084	0	-0.2043
只能打扁	1	0	-0.2434	1	0.7084	0	-0.2043
我不如把土地神叫出来问个明白	1	0	-0.2434	1	0.7084	0	-0.2043
行者念一口诀	1	0	-0.2434	1	0.7084	0	-0.2043
唤出土地神	1	0	-0.2434	1	0.7084	0	-0.2043
土地神告诉大圣	1	0	-0.2434	1	0.7084	0	-0.2043
这里叫盘丝岭	1	0	-0.2434	1	0.7084	0	-0.2043
岭下这洞叫盘丝洞	1	0	-0.2434	1	0.7084	0	-0.2043
洞里有七个妖精	1	0	-0.2434	1	0.7084	0	-0.2043
是男妖女妖	1	0	-0.2434	1	0.7084	0	-0.2043
是女怪	1	0	-0.2434	1	0.7084	0	-0.2043
她们有多大神通	1	0	-0.2434	1	0.7084	0	-0.2043
土地神说	1	0	-0.2434	1	0.7084	0	-0.2043
小神力薄威短	1	0	-0.2434	1	0.7084	0	-0.2043
不知她们有多大手段	1	0	-0.2434	1	0.7084	0	-0.2043
只知那正南离此三里之远有一个濯垢泉	1	0	-0.2434	1	0.7084	0	-0.2043
乃是天生的热水	1	0	-0.2434	1	0.7084	0	-0.2043
原是上方七仙姑的浴池	1	0	-0.2434	1	0.7084	0	-0.2043
平白无故地就被她们霸占了	1	0	-0.2434	1	0.7084	0	-0.2043
我见天仙都不惹这些妖精	1	0	-0.2434	1	0.7084	0	-0.2043
必定这些妖精有大能	1	0	-0.2434	1	0.7084	0	-0.2043
她们霸占此泉干什么	1	0	-0.2434	1	0.7084	0	-0.2043
这些妖精占了浴池	1	0	-0.2434	1	0.7084	0	-0.2043
一日三遭出来洗澡	1	0	-0.2434	1	0.7084	0	-0.2043
一会儿就该来洗了	1	0	-0.2434	1	0.7084	0	-0.2043
土地神退走后	1	0	-0.2434	1	0.7084	0	-0.2043
行者变成个苍蝇儿	1	0	-0.2434	1	0.7084	0	-0.2043
叮在路旁小草上等待她们过来	1	0	-0.2434	1	0.7084	0	-0.2043
不一会儿走过来七个女子	1	0	-0.2434	1	0.7084	0	-0.2043
行者飞了过去	1	0	-0.2434	1	0.7084	0	-0.2043
只见那浴池有五丈余阔	1	0	-0.2434	1	0.7084	0	-0.2043
十丈多长	1	0	-0.2434	1	0.7084	0	-0.2043
内有四尺深浅	1	0	-0.2434	1	0.7084	0	-0.2043
水清见底	1	0	-0.2434	1	0.7084	0	-0.2043
七个女子一齐脱了衣服搭在衣架上	1	0	-0.2434	1	0.7084	0	-0.2043
跳下水去	1	0	-0.2434	1	0.7084	0	-0.2043
行者想	1	0	-0.2434	1	0.7084	0	-0.2043
我要打她们	1	0	-0.2434	1	0.7084	0	-0.2043
只要把这棍子往池中一搅	1	0	-0.2434	1	0.7084	0	-0.2043
就叫做‘滚汤泼老鼠	1	0	-0.2434	1	0.7084	0	-0.2043
一窝儿都得死	1	0	-0.2434	1	0.7084	0	-0.2043
男不与女斗	1	0	-0.2434	1	0.7084	0	-0.2043
我这般一个男子	1	0	-0.2434	1	0.7084	0	-0.2043
打死几个丫头	1	0	-0.2434	1	0.7084	0	-0.2043
低了老孙的名声	1	0	-0.2434	1	0.7084	0	-0.2043
我不打她们	1	0	-0.2434	1	0.7084	0	-0.2043
只把她们的衣服全拿走	1	0	-0.2434	1	0.7084	0	-0.2043
让她们没衣服穿出不了水	1	0	-0.2434	1	0.7084	0	-0.2043
大圣摇身一变	1	0	-0.2434	1	0.7084	0	-0.2043
变成一只饿老鹰	1	0	-0.2434	1	0.7084	0	-0.2043
地一展翅	1	0	-0.2434	1	0.7084	0	-0.2043
飞向前	1	0	-0.2434	1	0.7084	0	-0.2043
张开利爪	1	0	-0.2434	1	0.7084	0	-0.2043
把那衣架上搭的七套衣服全部掠去	1	0	-0.2434	1	0.7084	0	-0.2043
行者现出本相来见八戒和沙僧	1	0	-0.2434	1	0.7084	0	-0.2043
行者把七个女妖精加害师父	1	0	-0.2434	1	0.7084	0	-0.2043
他把七人的衣服全拿来的事一一说给两位师弟听	1	0	-0.2434	1	0.7084	0	-0.2043
你凡干事总要留下祸根	1	0	-0.2434	1	0.7084	0	-0.2043
既见妖精	1	0	-0.2434	1	0.7084	0	-0.2043
如何不打死她赶快解救师父	1	0	-0.2434	1	0.7084	0	-0.2043
她们如今没衣服出不了水	1	0	-0.2434	1	0.7084	0	-0.2043
到天黑了必然出来	1	0	-0.2434	1	0.7084	0	-0.2043
她家里还有旧衣服	1	0	-0.2434	1	0.7084	0	-0.2043
穿上一套就可来赶我们	1	0	-0.2434	1	0.7084	0	-0.2043
纵然不赶	1	0	-0.2434	1	0.7084	0	-0.2043
她们久住在此	1	0	-0.2434	1	0.7084	0	-0.2043
我们取了经	1	0	-0.2434	1	0.7084	0	-0.2043
还从这条路回来	1	0	-0.2434	1	0.7084	0	-0.2043
宁少路边钱	1	0	-0.2434	1	0.7084	0	-0.2043
莫少路边拳	1	0	-0.2434	1	0.7084	0	-0.2043
那时节	1	0	-0.2434	1	0.7084	0	-0.2043
她们拦住我们吵闹	1	0	-0.2434	1	0.7084	0	-0.2043
却不是几个仇人也	1	0	-0.2434	1	0.7084	0	-0.2043
那你看如何是好	1	0	-0.2434	1	0.7084	0	-0.2043
依我之见	1	0	-0.2434	1	0.7084	0	-0.2043
先打杀了妖精	1	0	-0.2434	1	0.7084	0	-0.2043
再去解救师父	1	0	-0.2434	1	0.7084	0	-0.2043
此乃‘斩草除根	1	0	-0.2434	1	0.7084	0	-0.2043
我是不打她们	1	0	-0.2434	1	0.7084	0	-0.2043
你要打	1	0	-0.2434	1	0.7084	0	-0.2043
你去打罢	1	0	-0.2434	1	0.7084	0	-0.2043
八戒抖擞精神	1	0	-0.2434	1	0.7084	0	-0.2043
举着耙子直向那里奔去	1	0	-0.2434	1	0.7084	0	-0.2043
只见那七个女子蹲在水里	1	0	-0.2434	1	0.7084	0	-0.2043
口中乱骂那只叼走了她们的衣服的鹰	1	0	-0.2434	1	0.7084	0	-0.2043
八戒忍不住笑道	1	0	-0.2434	1	0.7084	0	-0.2043
你们在这里洗澡哩	1	0	-0.2434	1	0.7084	0	-0.2043
也带我和尚一块洗洗如何	1	0	-0.2434	1	0.7084	0	-0.2043
那些妖怪见了	1	0	-0.2434	1	0.7084	0	-0.2043
作怒道	1	0	-0.2434	1	0.7084	0	-0.2043
你这和尚	1	0	-0.2434	1	0.7084	0	-0.2043
十分无礼	1	0	-0.2434	1	0.7084	0	-0.2043
我们是在家的女流	1	0	-0.2434	1	0.7084	0	-0.2043
你是个出家的和尚	1	0	-0.2434	1	0.7084	0	-0.2043
七年男女不同席	1	0	-0.2434	1	0.7084	0	-0.2043
你怎么好意思和我们同塘洗澡呢	1	0	-0.2434	1	0.7084	0	-0.2043
没奈何将就着让我洗洗罢	1	0	-0.2434	1	0.7084	0	-0.2043
还管什么同席不同席	1	0	-0.2434	1	0.7084	0	-0.2043
呆子不容分说	1	0	-0.2434	1	0.7084	0	-0.2043
丢下钉耙脱了衣服	1	0	-0.2434	1	0.7084	0	-0.2043
地跳下水去	1	0	-0.2434	1	0.7084	0	-0.2043
那些女妖一齐上前要打	1	0	-0.2434	1	0.7084	0	-0.2043
哪知八戒水性极好	1	0	-0.2434	1	0.7084	0	-0.2043
到水里摇身一变	1	0	-0.2434	1	0.7084	0	-0.2043
变成一个鲇鱼精	1	0	-0.2434	1	0.7084	0	-0.2043
那怪就都摸鱼	1	0	-0.2434	1	0.7084	0	-0.2043
说什么也摸不到八戒	1	0	-0.2434	1	0.7084	0	-0.2043
八戒跳上塘来现了本相	1	0	-0.2434	1	0.7084	0	-0.2043
女怪问	1	0	-0.2434	1	0.7084	0	-0.2043
你到底是从哪里来的	1	0	-0.2434	1	0.7084	0	-0.2043
必须留名	1	0	-0.2434	1	0.7084	0	-0.2043
我是东土大唐取经的唐长老的徒弟	1	0	-0.2434	1	0.7084	0	-0.2043
天蓬元帅悟能八戒	1	0	-0.2434	1	0.7084	0	-0.2043
你们快把我师父放出来	1	0	-0.2434	1	0.7084	0	-0.2043
不然一人一耙	1	0	-0.2434	1	0.7084	0	-0.2043
叫你们断根	1	0	-0.2434	1	0.7084	0	-0.2043
女妖们说	1	0	-0.2434	1	0.7084	0	-0.2043
望老爷高抬贵手	1	0	-0.2434	1	0.7084	0	-0.2043
如果饶我们性命	1	0	-0.2434	1	0.7084	0	-0.2043
定送你师父往西天取经	1	0	-0.2434	1	0.7084	0	-0.2043
八戒摇手说	1	0	-0.2434	1	0.7084	0	-0.2043
莫甜言蜜语	1	0	-0.2434	1	0.7084	0	-0.2043
曾被卖糖君子哄	1	0	-0.2434	1	0.7084	0	-0.2043
到今不信口甜人	1	0	-0.2434	1	0.7084	0	-0.2043
吃我一耙	1	0	-0.2434	1	0.7084	0	-0.2043
各人走路	1	0	-0.2434	1	0.7084	0	-0.2043
那些女妖见猪八戒要打	1	0	-0.2434	1	0.7084	0	-0.2043
也不顾害臊	1	0	-0.2434	1	0.7084	0	-0.2043
忙从池中跳出来	1	0	-0.2434	1	0.7084	0	-0.2043
站在亭子中间作起法来	1	0	-0.2434	1	0.7084	0	-0.2043
肚脐眼中冒出丝绳	1	0	-0.2434	1	0.7084	0	-0.2043
瞒天搭了个大丝篷	1	0	-0.2434	1	0.7084	0	-0.2043
把八戒罩在当中	1	0	-0.2434	1	0.7084	0	-0.2043
那呆子忽抬头	1	0	-0.2434	1	0.7084	0	-0.2043
不见了天日	1	0	-0.2434	1	0.7084	0	-0.2043
即抽身往外便走	1	0	-0.2434	1	0.7084	0	-0.2043
原来放了绊脚索	1	0	-0.2434	1	0.7084	0	-0.2043
满地都是丝绳	1	0	-0.2434	1	0.7084	0	-0.2043
动动脚	1	0	-0.2434	1	0.7084	0	-0.2043
就跌个跟头	1	0	-0.2434	1	0.7084	0	-0.2043
哪里举得脚步	1	0	-0.2434	1	0.7084	0	-0.2043
左边去	1	0	-0.2434	1	0.7084	0	-0.2043
一个面磕地	1	0	-0.2434	1	0.7084	0	-0.2043
右边去	1	0	-0.2434	1	0.7084	0	-0.2043
一个倒栽葱	1	0	-0.2434	1	0.7084	0	-0.2043
忽转身	1	0	-0.2434	1	0.7084	0	-0.2043
又跌了个嘴拱地	1	0	-0.2434	1	0.7084	0	-0.2043
忙爬起	1	0	-0.2434	1	0.7084	0	-0.2043
又跌了个竖蜻蜓	1	0	-0.2434	1	0.7084	0	-0.2043
呆子也不知跌了多少跟头	1	0	-0.2434	1	0.7084	0	-0.2043
弄得他身麻脚软	1	0	-0.2434	1	0.7084	0	-0.2043
爬也爬不动	1	0	-0.2434	1	0.7084	0	-0.2043
只躺在地上呻吟	1	0	-0.2434	1	0.7084	0	-0.2043
七个女妖赤条条地跑入洞内	1	0	-0.2434	1	0.7084	0	-0.2043
把自己的那些干儿子唤到跟前道	1	0	-0.2434	1	0.7084	0	-0.2043
早间我们错惹了唐朝来的和尚	1	0	-0.2434	1	0.7084	0	-0.2043
被他的徒弟堵到池里	1	0	-0.2434	1	0.7084	0	-0.2043
出了不少丑	1	0	-0.2434	1	0.7084	0	-0.2043
几乎丧了性命	1	0	-0.2434	1	0.7084	0	-0.2043
你们快出门去打退他们	1	0	-0.2434	1	0.7084	0	-0.2043
如得胜后	1	0	-0.2434	1	0.7084	0	-0.2043
可到你舅舅家会我们	1	0	-0.2434	1	0.7084	0	-0.2043
那七女妖逃了	1	0	-0.2434	1	0.7084	0	-0.2043
她们的干儿子一个个摩拳擦掌出来迎敌	1	0	-0.2434	1	0.7084	0	-0.2043
行者见八戒总也不回	1	0	-0.2434	1	0.7084	0	-0.2043
连忙赶来	1	0	-0.2434	1	0.7084	0	-0.2043
正走间	1	0	-0.2434	1	0.7084	0	-0.2043
八戒用手扯住道	1	0	-0.2434	1	0.7084	0	-0.2043
我在这里	1	0	-0.2434	1	0.7084	0	-0.2043
我的头可肿	1	0	-0.2434	1	0.7084	0	-0.2043
脸可青吗	1	0	-0.2434	1	0.7084	0	-0.2043
你怎么了	1	0	-0.2434	1	0.7084	0	-0.2043
我被那厮用丝绳罩住	1	0	-0.2434	1	0.7084	0	-0.2043
放了绊脚索	1	0	-0.2434	1	0.7084	0	-0.2043
不知跌了多少跟头	1	0	-0.2434	1	0.7084	0	-0.2043
刚才丝篷索子俱空方得了性命	1	0	-0.2434	1	0.7084	0	-0.2043
行者急忙去救师父	1	0	-0.2434	1	0.7084	0	-0.2043
但见那石桥上站着七个长得只有二尺五六寸的小人儿	1	0	-0.2434	1	0.7084	0	-0.2043
拦着去路	1	0	-0.2434	1	0.7084	0	-0.2043
你们是谁	1	0	-0.2434	1	0.7084	0	-0.2043
那七个小人道	1	0	-0.2434	1	0.7084	0	-0.2043
我们是七仙姑的儿子	1	0	-0.2434	1	0.7084	0	-0.2043
你们欺辱了我们母亲	1	0	-0.2434	1	0.7084	0	-0.2043
七个怪物一个个手之舞之	1	0	-0.2434	1	0.7084	0	-0.2043
足之蹈之	1	0	-0.2434	1	0.7084	0	-0.2043
打将过来	1	0	-0.2434	1	0.7084	0	-0.2043
八戒发狠举耙来打	1	0	-0.2434	1	0.7084	0	-0.2043
那些怪都是些虫子蜻蜓等变的	1	0	-0.2434	1	0.7084	0	-0.2043
一下子现了本相飞将起去	1	0	-0.2434	1	0.7084	0	-0.2043
只听他们叫了声	1	0	-0.2434	1	0.7084	0	-0.2043
一个变十个	1	0	-0.2434	1	0.7084	0	-0.2043
十个变百个	1	0	-0.2434	1	0.7084	0	-0.2043
百个变千个	1	0	-0.2434	1	0.7084	0	-0.2043
千个变万个	1	0	-0.2434	1	0.7084	0	-0.2043
个个都变成无穷之数	1	0	-0.2434	1	0.7084	0	-0.2043
八戒慌了	1	0	-0.2434	1	0.7084	0	-0.2043
忙喊	1	0	-0.2434	1	0.7084	0	-0.2043
只说经好取	1	0	-0.2434	1	0.7084	0	-0.2043
这去西方的路上连虫子也欺负人哩	1	0	-0.2434	1	0.7084	0	-0.2043
兄弟不要怕	1	0	-0.2434	1	0.7084	0	-0.2043
快上前打	1	0	-0.2434	1	0.7084	0	-0.2043
我自有办法	1	0	-0.2434	1	0.7084	0	-0.2043
有什么办法快拿出来罢	1	0	-0.2434	1	0.7084	0	-0.2043
大圣拔了一把毫毛	1	0	-0.2434	1	0.7084	0	-0.2043
嚼得粉碎喷将出去	1	0	-0.2434	1	0.7084	0	-0.2043
即变成些黄鹰	1	0	-0.2434	1	0.7084	0	-0.2043
麻鹰	1	0	-0.2434	1	0.7084	0	-0.2043
白鹰	1	0	-0.2434	1	0.7084	0	-0.2043
雕鹰	1	0	-0.2434	1	0.7084	0	-0.2043
鱼鹰等等	1	0	-0.2434	1	0.7084	0	-0.2043
专吃这些虫子	1	0	-0.2434	1	0.7084	0	-0.2043
把虫子全吓跑了	1	0	-0.2434	1	0.7084	0	-0.2043
沙僧闯过桥去直入洞内	1	0	-0.2434	1	0.7084	0	-0.2043
救出师父	1	0	-0.2434	1	0.7084	0	-0.2043
以后就是饿死	1	0	-0.2434	1	0.7084	0	-0.2043
我也不敢自己找吃的了	1	0	-0.2434	1	0.7084	0	-0.2043
八戒放了一把火把女妖的屋子烧得一干二净	1	0	-0.2434	1	0.7084	0	-0.2043
他也说	1	0	-0.2434	1	0.7084	0	-0.2043
我再也不敢得意忘形了	1	0	-0.2434	1	0.7084	0	-0.2043
唐僧在悟空	1	0	-0.2434	1	0.7084	0	-0.2043
悟能和悟净的保护下	1	0	-0.2434	1	0.7084	0	-0.2043
踏遍了青山绿水	1	0	-0.2434	1	0.7084	0	-0.2043
光阴迅速	1	0	-0.2434	1	0.7084	0	-0.2043
又值九秋	1	0	-0.2434	1	0.7084	0	-0.2043
正走着不觉天晚	1	0	-0.2434	1	0.7084	0	-0.2043
如今天色又晚	1	0	-0.2434	1	0.7084	0	-0.2043
咱们可到哪里安歇	1	0	-0.2434	1	0.7084	0	-0.2043
出家人餐风宿水	1	0	-0.2434	1	0.7084	0	-0.2043
卧月眠霜	1	0	-0.2434	1	0.7084	0	-0.2043
随处是家	1	0	-0.2434	1	0.7084	0	-0.2043
哪里都可安歇	1	0	-0.2434	1	0.7084	0	-0.2043
你说得轻巧	1	0	-0.2434	1	0.7084	0	-0.2043
自过了流沙河	1	0	-0.2434	1	0.7084	0	-0.2043
这些天爬山过岭	1	0	-0.2434	1	0.7084	0	-0.2043
都是由我挑着重担	1	0	-0.2434	1	0.7084	0	-0.2043
多难呵	1	0	-0.2434	1	0.7084	0	-0.2043
赶快找个人家	1	0	-0.2434	1	0.7084	0	-0.2043
一则弄些茶饭	1	0	-0.2434	1	0.7084	0	-0.2043
二则养养精神才好	1	0	-0.2434	1	0.7084	0	-0.2043
从你这话里听出有报怨之意	1	0	-0.2434	1	0.7084	0	-0.2043
你还想象在高老庄那样自在	1	0	-0.2434	1	0.7084	0	-0.2043
恐怕不能了	1	0	-0.2434	1	0.7084	0	-0.2043
既要给师父当徒弟	1	0	-0.2434	1	0.7084	0	-0.2043
就要吃辛受苦	1	0	-0.2434	1	0.7084	0	-0.2043
这么重的行李	1	0	-0.2434	1	0.7084	0	-0.2043
都是俺老猪一个人天天担着走	1	0	-0.2434	1	0.7084	0	-0.2043
你也是师父的徒弟	1	0	-0.2434	1	0.7084	0	-0.2043
偏偏拿我做长工	1	0	-0.2434	1	0.7084	0	-0.2043
悟空笑着说	1	0	-0.2434	1	0.7084	0	-0.2043
老孙只管师父好歹	1	0	-0.2434	1	0.7084	0	-0.2043
你与沙和尚专管行李马匹	1	0	-0.2434	1	0.7084	0	-0.2043
你敢怠慢	1	0	-0.2434	1	0.7084	0	-0.2043
小心我的棒	1	0	-0.2434	1	0.7084	0	-0.2043
师父骑的白马那么强壮	1	0	-0.2434	1	0.7084	0	-0.2043
只驮着老和尚一个	1	0	-0.2434	1	0.7084	0	-0.2043
叫他带几件行李多好	1	0	-0.2434	1	0.7084	0	-0.2043
你以为他是凡马	1	0	-0.2434	1	0.7084	0	-0.2043
他是西海龙王教闰之子	1	0	-0.2434	1	0.7084	0	-0.2043
名唤龙马三太子	1	0	-0.2434	1	0.7084	0	-0.2043
只因纵火烧了殿上明珠	1	0	-0.2434	1	0.7084	0	-0.2043
身犯天条	1	0	-0.2434	1	0.7084	0	-0.2043
多亏观音菩萨救了他的性命	1	0	-0.2434	1	0.7084	0	-0.2043
叫他变做白马	1	0	-0.2434	1	0.7084	0	-0.2043
驮师父西天取经	1	0	-0.2434	1	0.7084	0	-0.2043
这都是各人的命运	1	0	-0.2434	1	0.7084	0	-0.2043
你莫与他攀比	1	0	-0.2434	1	0.7084	0	-0.2043
那沙和尚听了问	1	0	-0.2434	1	0.7084	0	-0.2043
白马真是龙	1	0	-0.2434	1	0.7084	0	-0.2043
是龙	1	0	-0.2434	1	0.7084	0	-0.2043
我听说龙能喷云吐雾	1	0	-0.2434	1	0.7084	0	-0.2043
播土扬沙	1	0	-0.2434	1	0.7084	0	-0.2043
怎么他这样慢慢儿走	1	0	-0.2434	1	0.7084	0	-0.2043
我叫他快走	1	0	-0.2434	1	0.7084	0	-0.2043
你看看	1	0	-0.2434	1	0.7084	0	-0.2043
只见大圣把金箍棒一举	1	0	-0.2434	1	0.7084	0	-0.2043
那马恐怕打来	1	0	-0.2434	1	0.7084	0	-0.2043
慌得四只蹄疾如飞电	1	0	-0.2434	1	0.7084	0	-0.2043
地跑将去了	1	0	-0.2434	1	0.7084	0	-0.2043
唐僧手软勒不住	1	0	-0.2434	1	0.7084	0	-0.2043
那马直奔上山	1	0	-0.2434	1	0.7084	0	-0.2043
唐僧喘息刚定	1	0	-0.2434	1	0.7084	0	-0.2043
看见前面有一座庄院	1	0	-0.2434	1	0.7084	0	-0.2043
沙和尚赶上师父后	1	0	-0.2434	1	0.7084	0	-0.2043
徒弟呵	1	0	-0.2434	1	0.7084	0	-0.2043
你们看前面有个庄院	1	0	-0.2434	1	0.7084	0	-0.2043
我们借宿去吧	1	0	-0.2434	1	0.7084	0	-0.2043
行者急抬头观看	1	0	-0.2434	1	0.7084	0	-0.2043
见半空中庆云笼罩	1	0	-0.2434	1	0.7084	0	-0.2043
情知是菩萨施的计	1	0	-0.2434	1	0.7084	0	-0.2043
但不敢泄露天机	1	0	-0.2434	1	0.7084	0	-0.2043
只说	1	0	-0.2434	1	0.7084	0	-0.2043
我们借宿去	1	0	-0.2434	1	0.7084	0	-0.2043
到了庄院门口	1	0	-0.2434	1	0.7084	0	-0.2043
沙和尚在外等侯	1	0	-0.2434	1	0.7084	0	-0.2043
行者悄悄进去察看	1	0	-0.2434	1	0.7084	0	-0.2043
正看时	1	0	-0.2434	1	0.7084	0	-0.2043
忽听得后门内有脚步声	1	0	-0.2434	1	0.7084	0	-0.2043
走出一个半老不老的女人来	1	0	-0.2434	1	0.7084	0	-0.2043
娇声问道	1	0	-0.2434	1	0.7084	0	-0.2043
你是什么人	1	0	-0.2434	1	0.7084	0	-0.2043
擅入我寡妇之门	1	0	-0.2434	1	0.7084	0	-0.2043
大圣连忙说	1	0	-0.2434	1	0.7084	0	-0.2043
小僧是从东土大唐来的	1	0	-0.2434	1	0.7084	0	-0.2043
奉旨去西天拜佛求经	1	0	-0.2434	1	0.7084	0	-0.2043
一行四人路过此地	1	0	-0.2434	1	0.7084	0	-0.2043
想借宿一宵	1	0	-0.2434	1	0.7084	0	-0.2043
那妇人笑睑相迎道	1	0	-0.2434	1	0.7084	0	-0.2043
那三位在何处	1	0	-0.2434	1	0.7084	0	-0.2043
行者高声喊	1	0	-0.2434	1	0.7084	0	-0.2043
请进来吧	1	0	-0.2434	1	0.7084	0	-0.2043
唐僧才与八戒	1	0	-0.2434	1	0.7084	0	-0.2043
沙和尚进来	1	0	-0.2434	1	0.7084	0	-0.2043
那女人见了他三人更加欣喜	1	0	-0.2434	1	0.7084	0	-0.2043
迎入厅内	1	0	-0.2434	1	0.7084	0	-0.2043
唐僧问道	1	0	-0.2434	1	0.7084	0	-0.2043
老菩萨高姓	1	0	-0.2434	1	0.7084	0	-0.2043
贵地是甚地名	1	0	-0.2434	1	0.7084	0	-0.2043
女人说	1	0	-0.2434	1	0.7084	0	-0.2043
此间乃是西牛贺洲之地	1	0	-0.2434	1	0.7084	0	-0.2043
小妇人娘家姓贾	1	0	-0.2434	1	0.7084	0	-0.2043
夫家姓莫	1	0	-0.2434	1	0.7084	0	-0.2043
幼年不幸公婆早亡	1	0	-0.2434	1	0.7084	0	-0.2043
与丈夫守承祖业	1	0	-0.2434	1	0.7084	0	-0.2043
有家资万贯	1	0	-0.2434	1	0.7084	0	-0.2043
良田千顷	1	0	-0.2434	1	0.7084	0	-0.2043
夫妻命里无子	1	0	-0.2434	1	0.7084	0	-0.2043
只生了三个女儿	1	0	-0.2434	1	0.7084	0	-0.2043
前年不幸	1	0	-0.2434	1	0.7084	0	-0.2043
又丧了丈夫	1	0	-0.2434	1	0.7084	0	-0.2043
欲嫁他人又难舍家业	1	0	-0.2434	1	0.7084	0	-0.2043
小妇母女四人想坐山招夫	1	0	-0.2434	1	0.7084	0	-0.2043
长老师徒四人正好	1	0	-0.2434	1	0.7084	0	-0.2043
不知尊意如何	1	0	-0.2434	1	0.7084	0	-0.2043
唐僧闻言	1	0	-0.2434	1	0.7084	0	-0.2043
作聋装哑	1	0	-0.2434	1	0.7084	0	-0.2043
瞑目宁心	1	0	-0.2434	1	0.7084	0	-0.2043
寂然不答	1	0	-0.2434	1	0.7084	0	-0.2043
那妇人又说	1	0	-0.2434	1	0.7084	0	-0.2043
我家有水田三百余顷	1	0	-0.2434	1	0.7084	0	-0.2043
旱田三百余顷	1	0	-0.2434	1	0.7084	0	-0.2043
果树三百余顷	1	0	-0.2434	1	0.7084	0	-0.2043
水牛一千余头	1	0	-0.2434	1	0.7084	0	-0.2043
骡马成群猪羊无数	1	0	-0.2434	1	0.7084	0	-0.2043
家有九年用不着的米谷	1	0	-0.2434	1	0.7084	0	-0.2043
十年穿不着的绫罗	1	0	-0.2434	1	0.7084	0	-0.2043
一生使不完的金银	1	0	-0.2434	1	0.7084	0	-0.2043
你师徒若肯招在我家	1	0	-0.2434	1	0.7084	0	-0.2043
自自在在享用荣华	1	0	-0.2434	1	0.7084	0	-0.2043
何必往西天劳累受苦	1	0	-0.2434	1	0.7084	0	-0.2043
唐僧仍默默无言	1	0	-0.2434	1	0.7084	0	-0.2043
那女人又说	1	0	-0.2434	1	0.7084	0	-0.2043
我今年四十五岁	1	0	-0.2434	1	0.7084	0	-0.2043
大女儿叫真真	1	0	-0.2434	1	0.7084	0	-0.2043
今年二十岁	1	0	-0.2434	1	0.7084	0	-0.2043
二女儿叫爱爱	1	0	-0.2434	1	0.7084	0	-0.2043
今年十八岁	1	0	-0.2434	1	0.7084	0	-0.2043
三女儿叫怜怜	1	0	-0.2434	1	0.7084	0	-0.2043
今年十六岁	1	0	-0.2434	1	0.7084	0	-0.2043
都没有许配人家	1	0	-0.2434	1	0.7084	0	-0.2043
那猪八戒听得这般富贵	1	0	-0.2434	1	0.7084	0	-0.2043
这般美色	1	0	-0.2434	1	0.7084	0	-0.2043
心中早痒痒难挠	1	0	-0.2434	1	0.7084	0	-0.2043
坐在那椅子上	1	0	-0.2434	1	0.7084	0	-0.2043
似针戳屁股	1	0	-0.2434	1	0.7084	0	-0.2043
左扭右扭的	1	0	-0.2434	1	0.7084	0	-0.2043
忍耐不住	1	0	-0.2434	1	0.7084	0	-0.2043
他走上前扯了师父一把说	1	0	-0.2434	1	0.7084	0	-0.2043
这娘子说的话你怎么不理睬	1	0	-0.2434	1	0.7084	0	-0.2043
赶快拿个主意才是	1	0	-0.2434	1	0.7084	0	-0.2043
唐僧喝退了八戒道	1	0	-0.2434	1	0.7084	0	-0.2043
你这个孽种	1	0	-0.2434	1	0.7084	0	-0.2043
我们是出家人	1	0	-0.2434	1	0.7084	0	-0.2043
岂能富贵动心	1	0	-0.2434	1	0.7084	0	-0.2043
美色留意	1	0	-0.2434	1	0.7084	0	-0.2043
这成什么道理	1	0	-0.2434	1	0.7084	0	-0.2043
你受了戒	1	0	-0.2434	1	0.7084	0	-0.2043
发了愿	1	0	-0.2434	1	0.7084	0	-0.2043
永不还俗	1	0	-0.2434	1	0.7084	0	-0.2043
那你手下的人	1	0	-0.2434	1	0.7084	0	-0.2043
你在这里吧	1	0	-0.2434	1	0.7084	0	-0.2043
我从小儿不晓得干那种事	1	0	-0.2434	1	0.7084	0	-0.2043
叫八戒在这里罢	1	0	-0.2434	1	0.7084	0	-0.2043
不要取笑人	1	0	-0.2434	1	0.7084	0	-0.2043
大家可从长计议	1	0	-0.2434	1	0.7084	0	-0.2043
你两个不肯	1	0	-0.2434	1	0.7084	0	-0.2043
沙和尚在这里吧	1	0	-0.2434	1	0.7084	0	-0.2043
沙僧道	1	0	-0.2434	1	0.7084	0	-0.2043
你看师父说的哪里话	1	0	-0.2434	1	0.7084	0	-0.2043
我宁死也要往西天去	1	0	-0.2434	1	0.7084	0	-0.2043
决不在此干欺心之事	1	0	-0.2434	1	0.7084	0	-0.2043
那女人见他们都不动心	1	0	-0.2434	1	0.7084	0	-0.2043
把门一关	1	0	-0.2434	1	0.7084	0	-0.2043
进了后院	1	0	-0.2434	1	0.7084	0	-0.2043
再不出来	1	0	-0.2434	1	0.7084	0	-0.2043
他们师徒四人	1	0	-0.2434	1	0.7084	0	-0.2043
茶饭全无	1	0	-0.2434	1	0.7084	0	-0.2043
猪八戒有些沉不住气了	1	0	-0.2434	1	0.7084	0	-0.2043
不要把话说死	1	0	-0.2434	1	0.7084	0	-0.2043
只含糊答应	1	0	-0.2434	1	0.7084	0	-0.2043
哄她些饭吃算了	1	0	-0.2434	1	0.7084	0	-0.2043
你在她家做个女婿罢	1	0	-0.2434	1	0.7084	0	-0.2043
计议什么	1	0	-0.2434	1	0.7084	0	-0.2043
你要肯	1	0	-0.2434	1	0.7084	0	-0.2043
就请师父做媒	1	0	-0.2434	1	0.7084	0	-0.2043
你就做个倒插门的女婿	1	0	-0.2434	1	0.7084	0	-0.2043
好是好	1	0	-0.2434	1	0.7084	0	-0.2043
却是我脱俗又还俗	1	0	-0.2434	1	0.7084	0	-0.2043
停妻再娶妻了	1	0	-0.2434	1	0.7084	0	-0.2043
沙和尚道	1	0	-0.2434	1	0.7084	0	-0.2043
二哥原来是有嫂子的	1	0	-0.2434	1	0.7084	0	-0.2043
你还不知道他哩	1	0	-0.2434	1	0.7084	0	-0.2043
他在高老庄也是个倒插门的女婿	1	0	-0.2434	1	0.7084	0	-0.2043
因被老孙降了	1	0	-0.2434	1	0.7084	0	-0.2043
捉来做了个和尚	1	0	-0.2434	1	0.7084	0	-0.2043
所以弃了前妻	1	0	-0.2434	1	0.7084	0	-0.2043
你与这家当了女婿	1	0	-0.2434	1	0.7084	0	-0.2043
只是多拜老孙几拜	1	0	-0.2434	1	0.7084	0	-0.2043
我不检举你罢了	1	0	-0.2434	1	0.7084	0	-0.2043
那呆子道	1	0	-0.2434	1	0.7084	0	-0.2043
这大白马已经熬了一夜	1	0	-0.2434	1	0.7084	0	-0.2043
明天又要驮人又要走路	1	0	-0.2434	1	0.7084	0	-0.2043
你们坐着	1	0	-0.2434	1	0.7084	0	-0.2043
等老猪放放马去	1	0	-0.2434	1	0.7084	0	-0.2043
猪八戒急忙解了缰绳	1	0	-0.2434	1	0.7084	0	-0.2043
拉马出去	1	0	-0.2434	1	0.7084	0	-0.2043
沙师弟	1	0	-0.2434	1	0.7084	0	-0.2043
你陪师父坐坐	1	0	-0.2434	1	0.7084	0	-0.2043
等我老孙跟八戒去	1	0	-0.2434	1	0.7084	0	-0.2043
看他往哪里去放马	1	0	-0.2434	1	0.7084	0	-0.2043
这大圣走出厅房	1	0	-0.2434	1	0.7084	0	-0.2043
变成一只红蜻蜓	1	0	-0.2434	1	0.7084	0	-0.2043
飞出前门赶上八戒	1	0	-0.2434	1	0.7084	0	-0.2043
那呆子拉着马转到后门去	1	0	-0.2434	1	0.7084	0	-0.2043
只见那妇人带着三个女儿	1	0	-0.2434	1	0.7084	0	-0.2043
在后院闲坐着	1	0	-0.2434	1	0.7084	0	-0.2043
看见八戒来了	1	0	-0.2434	1	0.7084	0	-0.2043
三个女儿闪了进去	1	0	-0.2434	1	0.7084	0	-0.2043
长老哪里去呀	1	0	-0.2434	1	0.7084	0	-0.2043
这呆子丢了缰绳	1	0	-0.2434	1	0.7084	0	-0.2043
上前道	1	0	-0.2434	1	0.7084	0	-0.2043
我是来放马的	1	0	-0.2434	1	0.7084	0	-0.2043
你师父不识好赖	1	0	-0.2434	1	0.7084	0	-0.2043
在我家做个女婿	1	0	-0.2434	1	0.7084	0	-0.2043
还不如上西天受苦	1	0	-0.2434	1	0.7084	0	-0.2043
他是奉了唐王的旨意	1	0	-0.2434	1	0.7084	0	-0.2043
不敢有违君命	1	0	-0.2434	1	0.7084	0	-0.2043
我倒愿意	1	0	-0.2434	1	0.7084	0	-0.2043
只怕娘嫌我嘴长耳大	1	0	-0.2434	1	0.7084	0	-0.2043
我也不嫌	1	0	-0.2434	1	0.7084	0	-0.2043
只是家里没个家长	1	0	-0.2434	1	0.7084	0	-0.2043
招一个就罢了	1	0	-0.2434	1	0.7084	0	-0.2043
但恐小女儿有些嫌你丑	1	0	-0.2434	1	0.7084	0	-0.2043
你告诉女儿	1	0	-0.2434	1	0.7084	0	-0.2043
不要这样挑汉	1	0	-0.2434	1	0.7084	0	-0.2043
想那唐僧人才虽俊	1	0	-0.2434	1	0.7084	0	-0.2043
其实不中用	1	0	-0.2434	1	0.7084	0	-0.2043
我人虽丑	1	0	-0.2434	1	0.7084	0	-0.2043
着实有些功	1	0	-0.2434	1	0.7084	0	-0.2043
若言千顷地	1	0	-0.2434	1	0.7084	0	-0.2043
不用使牛耕	1	0	-0.2434	1	0.7084	0	-0.2043
只消一顿耙	1	0	-0.2434	1	0.7084	0	-0.2043
布种及时生	1	0	-0.2434	1	0.7084	0	-0.2043
没雨能求雨	1	0	-0.2434	1	0.7084	0	-0.2043
无风会唤风	1	0	-0.2434	1	0.7084	0	-0.2043
房舍若嫌矮	1	0	-0.2434	1	0.7084	0	-0.2043
起上二三层	1	0	-0.2434	1	0.7084	0	-0.2043
地下不扫扫一扫	1	0	-0.2434	1	0.7084	0	-0.2043
阴沟不通通一通	1	0	-0.2434	1	0.7084	0	-0.2043
家长里短诸般事	1	0	-0.2434	1	0.7084	0	-0.2043
塌天弄井我皆能	1	0	-0.2434	1	0.7084	0	-0.2043
那妇人听了说	1	0	-0.2434	1	0.7084	0	-0.2043
既然你能干家务	1	0	-0.2434	1	0.7084	0	-0.2043
就招了你吧	1	0	-0.2434	1	0.7084	0	-0.2043
你和你师父商量商量	1	0	-0.2434	1	0.7084	0	-0.2043
八戒忙说	1	0	-0.2434	1	0.7084	0	-0.2043
不用商量	1	0	-0.2434	1	0.7084	0	-0.2043
他又不是我的生身父母	1	0	-0.2434	1	0.7084	0	-0.2043
干与不干全在于我	1	0	-0.2434	1	0.7084	0	-0.2043
妇人道	1	0	-0.2434	1	0.7084	0	-0.2043
等我与小女说说	1	0	-0.2434	1	0.7084	0	-0.2043
那妇人闪了进去关上后门	1	0	-0.2434	1	0.7084	0	-0.2043
八戒也不放马	1	0	-0.2434	1	0.7084	0	-0.2043
将马拉向前来	1	0	-0.2434	1	0.7084	0	-0.2043
那孙大圣把他说的话都听清了	1	0	-0.2434	1	0.7084	0	-0.2043
悄悄告诉师父	1	0	-0.2434	1	0.7084	0	-0.2043
唐僧半信半疑	1	0	-0.2434	1	0.7084	0	-0.2043
猪八戒拉着马来到师父面前	1	0	-0.2434	1	0.7084	0	-0.2043
你放马了	1	0	-0.2434	1	0.7084	0	-0.2043
无甚好草	1	0	-0.2434	1	0.7084	0	-0.2043
悟空接上话碴说	1	0	-0.2434	1	0.7084	0	-0.2043
可有处牵马吗	1	0	-0.2434	1	0.7084	0	-0.2043
呆子一听此言	1	0	-0.2434	1	0.7084	0	-0.2043
知道走漏了消息	1	0	-0.2434	1	0.7084	0	-0.2043
也就垂头扭颈	1	0	-0.2434	1	0.7084	0	-0.2043
努嘴皱眉	1	0	-0.2434	1	0.7084	0	-0.2043
半晌不言	1	0	-0.2434	1	0.7084	0	-0.2043
又听得门声响	1	0	-0.2434	1	0.7084	0	-0.2043
那妇人带着三个女儿出来了	1	0	-0.2434	1	0.7084	0	-0.2043
果然长得标致	1	0	-0.2434	1	0.7084	0	-0.2043
那猪八戒目不转睛连连叫娘	1	0	-0.2434	1	0.7084	0	-0.2043
三个女儿进里屋后	1	0	-0.2434	1	0.7084	0	-0.2043
四位长老	1	0	-0.2434	1	0.7084	0	-0.2043
可曾看清	1	0	-0.2434	1	0.7084	0	-0.2043
哪个愿配我的女儿	1	0	-0.2434	1	0.7084	0	-0.2043
我们已经商议好了	1	0	-0.2434	1	0.7084	0	-0.2043
就让那个姓猪的当你的女婿吧	1	0	-0.2434	1	0.7084	0	-0.2043
!	1	0	-0.2434	1	0.7084	0	-0.2043
不要取笑于我	1	0	-0.2434	1	0.7084	0	-0.2043
还是从长计议罢	1	0	-0.2434	1	0.7084	0	-0.2043
你在后院早说好了	1	0	-0.2434	1	0.7084	0	-0.2043
娘都叫了	1	0	-0.2434	1	0.7084	0	-0.2043
还计议什么	1	0	-0.2434	1	0.7084	0	-0.2043
我看师父做个男亲家	1	0	-0.2434	1	0.7084	0	-0.2043
这妇人做个女亲家	1	0	-0.2434	1	0.7084	0	-0.2043
我老孙做个保亲	1	0	-0.2434	1	0.7084	0	-0.2043
沙师弟做个媒人	1	0	-0.2434	1	0.7084	0	-0.2043
拜了师父	1	0	-0.2434	1	0.7084	0	-0.2043
你就进去当女婿罢	1	0	-0.2434	1	0.7084	0	-0.2043
猪八戒哪里知道这是开玩笑	1	0	-0.2434	1	0.7084	0	-0.2043
果真跟着丈母娘到里面去了	1	0	-0.2434	1	0.7084	0	-0.2043
进到里屋后	1	0	-0.2434	1	0.7084	0	-0.2043
你请上坐	1	0	-0.2434	1	0.7084	0	-0.2043
受我拜上几拜	1	0	-0.2434	1	0.7084	0	-0.2043
那妇人笑道	1	0	-0.2434	1	0.7084	0	-0.2043
我坐着	1	0	-0.2434	1	0.7084	0	-0.2043
你拜罢	1	0	-0.2434	1	0.7084	0	-0.2043
拜毕	1	0	-0.2434	1	0.7084	0	-0.2043
这呆子又问	1	0	-0.2434	1	0.7084	0	-0.2043
你把哪个姐姐配我呢	1	0	-0.2434	1	0.7084	0	-0.2043
他丈母娘说	1	0	-0.2434	1	0.7084	0	-0.2043
我正为这事发愁	1	0	-0.2434	1	0.7084	0	-0.2043
要是把大女儿配你	1	0	-0.2434	1	0.7084	0	-0.2043
怕二女儿怪	1	0	-0.2434	1	0.7084	0	-0.2043
要把二女儿配你	1	0	-0.2434	1	0.7084	0	-0.2043
又恐三女儿怪	1	0	-0.2434	1	0.7084	0	-0.2043
要把三女儿给你	1	0	-0.2434	1	0.7084	0	-0.2043
又怕大女儿怪	1	0	-0.2434	1	0.7084	0	-0.2043
所以难定	1	0	-0.2434	1	0.7084	0	-0.2043
猪八戒道	1	0	-0.2434	1	0.7084	0	-0.2043
既怕三人相争	1	0	-0.2434	1	0.7084	0	-0.2043
那就都给我罢	1	0	-0.2434	1	0.7084	0	-0.2043
省得吵吵闹闹	1	0	-0.2434	1	0.7084	0	-0.2043
乱了家法	1	0	-0.2434	1	0.7084	0	-0.2043
他丈母娘道	1	0	-0.2434	1	0.7084	0	-0.2043
岂有此理	1	0	-0.2434	1	0.7084	0	-0.2043
你一个人就要占我三个女儿	1	0	-0.2434	1	0.7084	0	-0.2043
哪个没有三房四妾	1	0	-0.2434	1	0.7084	0	-0.2043
就再多几个	1	0	-0.2434	1	0.7084	0	-0.2043
你女婿也笑纳了	1	0	-0.2434	1	0.7084	0	-0.2043
我这里有一块手帕	1	0	-0.2434	1	0.7084	0	-0.2043
你顶在头上遮住脸	1	0	-0.2434	1	0.7084	0	-0.2043
叫我女儿从你跟前走过	1	0	-0.2434	1	0.7084	0	-0.2043
你伸手拽到哪个就将哪个配给你	1	0	-0.2434	1	0.7084	0	-0.2043
呆子接了手帕	1	0	-0.2434	1	0.7084	0	-0.2043
顶在头上说	1	0	-0.2434	1	0.7084	0	-0.2043
快请姐姐们出来吧	1	0	-0.2434	1	0.7084	0	-0.2043
丈母娘一声唤	1	0	-0.2434	1	0.7084	0	-0.2043
怜怜都出来了	1	0	-0.2434	1	0.7084	0	-0.2043
那呆子真的伸手去捞人	1	0	-0.2434	1	0.7084	0	-0.2043
两边乱扑	1	0	-0.2434	1	0.7084	0	-0.2043
左也撞不着	1	0	-0.2434	1	0.7084	0	-0.2043
右也撞不着	1	0	-0.2434	1	0.7084	0	-0.2043
不知有多少女子走动	1	0	-0.2434	1	0.7084	0	-0.2043
只是一个也捞不着	1	0	-0.2434	1	0.7084	0	-0.2043
呆子东扑抱住了柱子	1	0	-0.2434	1	0.7084	0	-0.2043
西扑又碰到墙板上	1	0	-0.2434	1	0.7084	0	-0.2043
两头跑晕了头	1	0	-0.2434	1	0.7084	0	-0.2043
站立不稳	1	0	-0.2434	1	0.7084	0	-0.2043
摔了个大跟头	1	0	-0.2434	1	0.7084	0	-0.2043
跌得嘴肿皮青	1	0	-0.2434	1	0.7084	0	-0.2043
坐在地下气呼呼地道	1	0	-0.2434	1	0.7084	0	-0.2043
我一个也捞不着	1	0	-0.2434	1	0.7084	0	-0.2043
这可怎么办	1	0	-0.2434	1	0.7084	0	-0.2043
那妇人与他揭了盖头说	1	0	-0.2434	1	0.7084	0	-0.2043
我女儿互相谦让	1	0	-0.2434	1	0.7084	0	-0.2043
不肯招你	1	0	-0.2434	1	0.7084	0	-0.2043
既是他们不肯招我	1	0	-0.2434	1	0.7084	0	-0.2043
你就招了我罢	1	0	-0.2434	1	0.7084	0	-0.2043
这样没大没小	1	0	-0.2434	1	0.7084	0	-0.2043
连丈母娘也要了	1	0	-0.2434	1	0.7084	0	-0.2043
我这三个女儿	1	0	-0.2434	1	0.7084	0	-0.2043
手儿最巧	1	0	-0.2434	1	0.7084	0	-0.2043
他们一人做了一件汗衫儿	1	0	-0.2434	1	0.7084	0	-0.2043
你穿上谁的合身	1	0	-0.2434	1	0.7084	0	-0.2043
就叫哪个招你罢	1	0	-0.2434	1	0.7084	0	-0.2043
把三件都拿来我穿了看	1	0	-0.2434	1	0.7084	0	-0.2043
若都穿着合适	1	0	-0.2434	1	0.7084	0	-0.2043
就都招了罢	1	0	-0.2434	1	0.7084	0	-0.2043
那妇人走进屋里	1	0	-0.2434	1	0.7084	0	-0.2043
取出一件来	1	0	-0.2434	1	0.7084	0	-0.2043
递给八戒	1	0	-0.2434	1	0.7084	0	-0.2043
那呆子脱下自已的衣服	1	0	-0.2434	1	0.7084	0	-0.2043
拿过衫儿	1	0	-0.2434	1	0.7084	0	-0.2043
就穿在身上	1	0	-0.2434	1	0.7084	0	-0.2043
还没系上带子	1	0	-0.2434	1	0.7084	0	-0.2043
他就跌到在地	1	0	-0.2434	1	0.7084	0	-0.2043
原来是几条绳子紧紧地捆住了他	1	0	-0.2434	1	0.7084	0	-0.2043
那呆子疼得直叫	1	0	-0.2434	1	0.7084	0	-0.2043
而那些女人早巳无影无踪了	1	0	-0.2434	1	0.7084	0	-0.2043
悟空和沙和尚昨晚睡了一个好觉	1	0	-0.2434	1	0.7084	0	-0.2043
早晨睁开眼睛一看	1	0	-0.2434	1	0.7084	0	-0.2043
哪里有什么庄院	1	0	-0.2434	1	0.7084	0	-0.2043
原来他们是睡在森林中	1	0	-0.2434	1	0.7084	0	-0.2043
沙和尚忙说	1	0	-0.2434	1	0.7084	0	-0.2043
我们遇见鬼了吧	1	0	-0.2434	1	0.7084	0	-0.2043
孙大圣心里明白是怎么回事	1	0	-0.2434	1	0.7084	0	-0.2043
只笑着说	1	0	-0.2434	1	0.7084	0	-0.2043
我们在这树林子里睡得快活	1	0	-0.2434	1	0.7084	0	-0.2043
但不知那呆子在什么地方受罪哩	1	0	-0.2434	1	0.7084	0	-0.2043
沙和尚看见一棵树上挂着一张简帖	1	0	-0.2434	1	0.7084	0	-0.2043
拿下来与唐僧看时	1	0	-0.2434	1	0.7084	0	-0.2043
上面写着八句话	1	0	-0.2434	1	0.7084	0	-0.2043
黎山老母不思凡	1	0	-0.2434	1	0.7084	0	-0.2043
南海菩萨请下山	1	0	-0.2434	1	0.7084	0	-0.2043
普贤文殊皆是客	1	0	-0.2434	1	0.7084	0	-0.2043
化成美女在林间	1	0	-0.2434	1	0.7084	0	-0.2043
圣僧有德还无俗	1	0	-0.2434	1	0.7084	0	-0.2043
八戒无禅更有凡	1	0	-0.2434	1	0.7084	0	-0.2043
从此静心须改过	1	0	-0.2434	1	0.7084	0	-0.2043
若生邪念路途难	1	0	-0.2434	1	0.7084	0	-0.2043
唐僧等正念此帖	1	0	-0.2434	1	0.7084	0	-0.2043
只听得林深处高声叫道	1	0	-0.2434	1	0.7084	0	-0.2043
勒死我了	1	0	-0.2434	1	0.7084	0	-0.2043
救救我吧	1	0	-0.2434	1	0.7084	0	-0.2043
下次再不敢了	1	0	-0.2434	1	0.7084	0	-0.2043
喊叫的那个可是悟能吧	1	0	-0.2434	1	0.7084	0	-0.2043
莫理睬他	1	0	-0.2434	1	0.7084	0	-0.2043
咱们走罢	1	0	-0.2434	1	0.7084	0	-0.2043
那呆子虽是心性愚顽	1	0	-0.2434	1	0.7084	0	-0.2043
倒也有些气力	1	0	-0.2434	1	0.7084	0	-0.2043
可以挑行李	1	0	-0.2434	1	0.7084	0	-0.2043
还看当日菩萨之念	1	0	-0.2434	1	0.7084	0	-0.2043
救他和我们—块走罢	1	0	-0.2434	1	0.7084	0	-0.2043
悟空和沙僧三人走进树林深处	1	0	-0.2434	1	0.7084	0	-0.2043
只见那呆子被绑在树上连声叫喊	1	0	-0.2434	1	0.7084	0	-0.2043
痛苦万状	1	0	-0.2434	1	0.7084	0	-0.2043
孙大圣上前笑道	1	0	-0.2434	1	0.7084	0	-0.2043
这么晚了还不起来谢亲	1	0	-0.2434	1	0.7084	0	-0.2043
也不到师父面前报喜	1	0	-0.2434	1	0.7084	0	-0.2043
你的娘呢	1	0	-0.2434	1	0.7084	0	-0.2043
你的老婆呢	1	0	-0.2434	1	0.7084	0	-0.2043
那呆子见悟空羞他	1	0	-0.2434	1	0.7084	0	-0.2043
咬着牙忍着疼	1	0	-0.2434	1	0.7084	0	-0.2043
不敢再叫喊	1	0	-0.2434	1	0.7084	0	-0.2043
沙和尚可怜他	1	0	-0.2434	1	0.7084	0	-0.2043
把他救下来了	1	0	-0.2434	1	0.7084	0	-0.2043
大圣问八戒	1	0	-0.2434	1	0.7084	0	-0.2043
你可认得那些女菩萨吗	1	0	-0.2434	1	0.7084	0	-0.2043
我已晕头转向眼花撩乱	1	0	-0.2434	1	0.7084	0	-0.2043
哪认得是谁	1	0	-0.2434	1	0.7084	0	-0.2043
行者将那帖子给八戒看了	1	0	-0.2434	1	0.7084	0	-0.2043
他更加惭愧	1	0	-0.2434	1	0.7084	0	-0.2043
我再也不给人当儿子了	1	0	-0.2434	1	0.7084	0	-0.2043
从今后	1	0	-0.2434	1	0.7084	0	-0.2043
再也不敢妄为	1	0	-0.2434	1	0.7084	0	-0.2043
就是累断了骨头	1	0	-0.2434	1	0.7084	0	-0.2043
也随师父西天取经	1	0	-0.2434	1	0.7084	0	-0.2043
不生邪念了	1	0	-0.2434	1	0.7084	0	-0.2043
这就对了	1	0	-0.2434	1	0.7084	0	-0.2043
师徒四人	1	0	-0.2434	1	0.7084	0	-0.2043
又上了去西天取经之路	1	0	-0.2434	1	0.7084	0	-0.2043
红桃	1	1	0.3674	0	-0.0946	0	-0.2043
压枝	1	1	0.3674	0	-0.0946	0	-0.2043
翠叶	1	1	0.3674	0	-0.0946	0	-0.2043
含露	1	1	0.3674	0	-0.0946	0	-0.2043
景致	1	1	0.3674	0	-0.0946	0	-0.2043
拔	1	1	0.3674	0	-0.0946	0	-0.2043
几根	1	1	0.3674	0	-0.0946	0	-0.2043
毫毛	1	1	0.3674	0	-0.0946	0	-0.2043
瞌睡虫	1	1	0.3674	0	-0.0946	0	-0.2043
草坡	1	1	0.3674	0	-0.0946	0	-0.2043
这才	1	1	0.3674	0	-0.0946	0	-0.2043
采了	1	1	0.3674	0	-0.0946	0	-0.2043
山顶	1	1	0.3674	0	-0.0946	0	-0.2043
惊动	1	1	0.3674	0	-0.0946	0	-0.2043
白虎岭	1	1	0.3674	0	-0.0946	0	-0.2043
灵气	1	1	0.3674	0	-0.0946	0	-0.2043
人形	1	1	0.3674	0	-0.0946	0	-0.2043
长生	1	1	0.3674	0	-0.0946	0	-0.2043
睡得	1	1	0.3674	0	-0.0946	0	-0.2043
正沉	1	1	0.3674	0	-0.0946	0	-0.2043
尤其	1	1	0.3674	0	-0.0946	0	-0.2043
毛脸	1	1	0.3674	0	-0.0946	0	-0.2043
心生	1	1	0.3674	0	-0.0946	0	-0.2043
村姑	1	1	0.3674	0	-0.0946	0	-0.2043
青砂	1	1	0.3674	0	-0.0946	0	-0.2043
罐儿	1	1	0.3674	0	-0.0946	0	-0.2043
右手	1	1	0.3674	0	-0.0946	0	-0.2043
绿	1	1	0.3674	0	-0.0946	0	-0.2043
磁瓶	1	1	0.3674	0	-0.0946	0	-0.2043
袅袅娜娜	1	1	0.3674	0	-0.0946	0	-0.2043
觉醒	1	1	0.3674	0	-0.0946	0	-0.2043
未回	1	1	0.3674	0	-0.0946	0	-0.2043
肚	1	1	0.3674	0	-0.0946	0	-0.2043
难耐	1	1	0.3674	0	-0.0946	0	-0.2043
叫醒	1	1	0.3674	0	-0.0946	0	-0.2043
眉如翠羽	1	1	0.3674	0	-0.0946	0	-0.2043
秋波	1	1	0.3674	0	-0.0946	0	-0.2043
湛湛	1	1	0.3674	0	-0.0946	0	-0.2043
春笋	1	1	0.3674	0	-0.0946	0	-0.2043
娇媚	1	1	0.3674	0	-0.0946	0	-0.2043
姿	1	1	0.3674	0	-0.0946	0	-0.2043
犯疑	1	1	0.3674	0	-0.0946	0	-0.2043
这厢	1	1	0.3674	0	-0.0946	0	-0.2043
罐瓶	1	1	0.3674	0	-0.0946	0	-0.2043
小女子	1	1	0.3674	0	-0.0946	0	-0.2043
父母	1	1	0.3674	0	-0.0946	0	-0.2043
堂	1	1	0.3674	0	-0.0946	0	-0.2043
日色	1	1	0.3674	0	-0.0946	0	-0.2043
已晚	1	1	0.3674	0	-0.0946	0	-0.2043
这罐	1	1	0.3674	0	-0.0946	0	-0.2043
瓶里	1	1	0.3674	0	-0.0946	0	-0.2043
摆手	1	1	0.3674	0	-0.0946	0	-0.2043
诳语	1	1	0.3674	0	-0.0946	0	-0.2043
坏	1	1	0.3674	0	-0.0946	0	-0.2043
斋供	1	1	0.3674	0	-0.0946	0	-0.2043
巧笑	1	1	0.3674	0	-0.0946	0	-0.2043
厉喝	1	1	0.3674	0	-0.0946	0	-0.2043
摘	1	1	0.3674	0	-0.0946	0	-0.2043
桃子	1	1	0.3674	0	-0.0946	0	-0.2043
睁	1	1	0.3674	0	-0.0946	0	-0.2043
拦时	1	1	0.3674	0	-0.0946	0	-0.2043
拦得	1	1	0.3674	0	-0.0946	0	-0.2043
啪	1	1	0.3674	0	-0.0946	0	-0.2043
解尸法	1	1	0.3674	0	-0.0946	0	-0.2043
清风	1	1	0.3674	0	-0.0946	0	-0.2043
地下	1	1	0.3674	0	-0.0946	0	-0.2043
好人家	1	1	0.3674	0	-0.0946	0	-0.2043
平白无故	1	1	0.3674	0	-0.0946	0	-0.2043
专门	1	1	0.3674	0	-0.0946	0	-0.2043
肯信	1	1	0.3674	0	-0.0946	0	-0.2043
怒道	1	1	0.3674	0	-0.0946	0	-0.2043
以此	1	1	0.3674	0	-0.0946	0	-0.2043
掩饰	1	1	0.3674	0	-0.0946	0	-0.2043
怎做	1	1	0.3674	0	-0.0946	0	-0.2043
求饶	1	1	0.3674	0	-0.0946	0	-0.2043
早就	1	1	0.3674	0	-0.0946	0	-0.2043
乱撞	1	1	0.3674	0	-0.0946	0	-0.2043
揭开	1	1	0.3674	0	-0.0946	0	-0.2043
一罐	1	1	0.3674	0	-0.0946	0	-0.2043
蛆	1	1	0.3674	0	-0.0946	0	-0.2043
那瓶里	1	1	0.3674	0	-0.0946	0	-0.2043
而是	1	1	0.3674	0	-0.0946	0	-0.2043
几只	1	1	0.3674	0	-0.0946	0	-0.2043
蛆虫	1	1	0.3674	0	-0.0946	0	-0.2043
蛤蟆	1	1	0.3674	0	-0.0946	0	-0.2043
发毛	1	1	0.3674	0	-0.0946	0	-0.2043
清秀	1	1	0.3674	0	-0.0946	0	-0.2043
障眼法	1	1	0.3674	0	-0.0946	0	-0.2043
饭菜	1	1	0.3674	0	-0.0946	0	-0.2043
人命	1	1	0.3674	0	-0.0946	0	-0.2043
虽信	1	1	0.3674	0	-0.0946	0	-0.2043
到底	1	1	0.3674	0	-0.0946	0	-0.2043
掘个	1	1	0.3674	0	-0.0946	0	-0.2043
坑	1	1	0.3674	0	-0.0946	0	-0.2043
埋	1	1	0.3674	0	-0.0946	0	-0.2043
几人	1	1	0.3674	0	-0.0946	0	-0.2043
行装	1	1	0.3674	0	-0.0946	0	-0.2043
哭喊	1	1	0.3674	0	-0.0946	0	-0.2043
拄着	1	1	0.3674	0	-0.0946	0	-0.2043
拐杖	1	1	0.3674	0	-0.0946	0	-0.2043
一步	1	1	0.3674	0	-0.0946	0	-0.2043
一哭	1	1	0.3674	0	-0.0946	0	-0.2043
寻来	1	1	0.3674	0	-0.0946	0	-0.2043
睁眼	1	1	0.3674	0	-0.0946	0	-0.2043
打话	1	1	0.3674	0	-0.0946	0	-0.2043
故技重施	1	1	0.3674	0	-0.0946	0	-0.2043
丢下	1	1	0.3674	0	-0.0946	0	-0.2043
假尸	1	1	0.3674	0	-0.0946	0	-0.2043
气得	1	1	0.3674	0	-0.0946	0	-0.2043
伤二命	1	1	0.3674	0	-0.0946	0	-0.2043
简直	1	1	0.3674	0	-0.0946	0	-0.2043
无法无天	1	1	0.3674	0	-0.0946	0	-0.2043
不信	1	1	0.3674	0	-0.0946	0	-0.2043
八十岁	1	1	0.3674	0	-0.0946	0	-0.2043
走路	1	1	0.3674	0	-0.0946	0	-0.2043
寻女	1	1	0.3674	0	-0.0946	0	-0.2043
心切	1	1	0.3674	0	-0.0946	0	-0.2043
自然	1	1	0.3674	0	-0.0946	0	-0.2043
走得快	1	1	0.3674	0	-0.0946	0	-0.2043
留得	1	1	0.3674	0	-0.0946	0	-0.2043
再有	1	1	0.3674	0	-0.0946	0	-0.2043
三遭	1	1	0.3674	0	-0.0946	0	-0.2043
苦苦哀求	1	1	0.3674	0	-0.0946	0	-0.2043
再犯	1	1	0.3674	0	-0.0946	0	-0.2043
轻饶	1	1	0.3674	0	-0.0946	0	-0.2043
一程	1	1	0.3674	0	-0.0946	0	-0.2043
山前	1	1	0.3674	0	-0.0946	0	-0.2043
捻	1	1	0.3674	0	-0.0946	0	-0.2043
佛珠	1	1	0.3674	0	-0.0946	0	-0.2043
口诵	1	1	0.3674	0	-0.0946	0	-0.2043
经文	1	1	0.3674	0	-0.0946	0	-0.2043
行来	1	1	0.3674	0	-0.0946	0	-0.2043
装作	1	1	0.3674	0	-0.0946	0	-0.2043
寻妻	1	1	0.3674	0	-0.0946	0	-0.2043
觅	1	1	0.3674	0	-0.0946	0	-0.2043
样子	1	1	0.3674	0	-0.0946	0	-0.2043
三番五次	1	1	0.3674	0	-0.0946	0	-0.2043
作证	1	1	0.3674	0	-0.0946	0	-0.2043
然后	1	1	0.3674	0	-0.0946	0	-0.2043
识破	1	1	0.3674	0	-0.0946	0	-0.2043
顶门	1	1	0.3674	0	-0.0946	0	-0.2043
脊梁	1	1	0.3674	0	-0.0946	0	-0.2043
看清楚	1	1	0.3674	0	-0.0946	0	-0.2043
成	1	1	0.3674	0	-0.0946	0	-0.2043
森森	1	1	0.3674	0	-0.0946	0	-0.2043
恻然	1	1	0.3674	0	-0.0946	0	-0.2043
煽风点火	1	1	0.3674	0	-0.0946	0	-0.2043
野了	1	1	0.3674	0	-0.0946	0	-0.2043
想起	1	1	0.3674	0	-0.0946	0	-0.2043
管束	1	1	0.3674	0	-0.0946	0	-0.2043
太过	1	1	0.3674	0	-0.0946	0	-0.2043
狠毒	1	1	0.3674	0	-0.0946	0	-0.2043
我本	1	1	0.3674	0	-0.0946	0	-0.2043
慈悲为怀	1	1	0.3674	0	-0.0946	0	-0.2043
带你去	1	1	0.3674	0	-0.0946	0	-0.2043
下手	1	1	0.3674	0	-0.0946	0	-0.2043
连累	1	1	0.3674	0	-0.0946	0	-0.2043
无辜	1	1	0.3674	0	-0.0946	0	-0.2043
了解	1	1	0.3674	0	-0.0946	0	-0.2043
尸法	1	1	0.3674	0	-0.0946	0	-0.2043
现	1	1	0.3674	0	-0.0946	0	-0.2043
巧言令色	1	1	0.3674	0	-0.0946	0	-0.2043
我观	1	1	0.3674	0	-0.0946	0	-0.2043
野性	1	1	0.3674	0	-0.0946	0	-0.2043
未驯	1	1	0.3674	0	-0.0946	0	-0.2043
难入	1	1	0.3674	0	-0.0946	0	-0.2043
遭雷击	1	1	0.3674	0	-0.0946	0	-0.2043
叩头	1	1	0.3674	0	-0.0946	0	-0.2043
千辛万苦	1	1	0.3674	0	-0.0946	0	-0.2043
保得	1	1	0.3674	0	-0.0946	0	-0.2043
怎可因	1	1	0.3674	0	-0.0946	0	-0.2043
我留	1	1	0.3674	0	-0.0946	0	-0.2043
何用	1	1	0.3674	0	-0.0946	0	-0.2043
免得	1	1	0.3674	0	-0.0946	0	-0.2043
惹出	1	1	0.3674	0	-0.0946	0	-0.2043
祸端	1	1	0.3674	0	-0.0946	0	-0.2043
悲愤交加	1	1	0.3674	0	-0.0946	0	-0.2043
泪来	1	1	0.3674	0	-0.0946	0	-0.2043
身影	1	1	0.3674	0	-0.0946	0	-0.2043
怅然	1	1	0.3674	0	-0.0946	0	-0.2043
虽死	1	1	0.3674	0	-0.0946	0	-0.2043
磨难	1	1	0.3674	0	-0.0946	0	-0.2043
纤指	1	1	0.3674	0	-0.0946	0	-0.2043
攥	1	1	0.3674	0	-0.0946	0	-0.2043
额角	1	1	0.3674	0	-0.0946	0	-0.2043
沁出	1	1	0.3674	0	-0.0946	0	-0.2043
细汗	1	1	0.3674	0	-0.0946	0	-0.2043
强撑	1	1	0.3674	0	-0.0946	0	-0.2043
绞痛	1	1	0.3674	0	-0.0946	0	-0.2043
恐非	1	1	0.3674	0	-0.0946	0	-0.2043
寻常	1	1	0.3674	0	-0.0946	0	-0.2043
病症	1	1	0.3674	0	-0.0946	0	-0.2043
跌落	1	1	0.3674	0	-0.0946	0	-0.2043
瘫坐	1	1	0.3674	0	-0.0946	0	-0.2043
肚皮	1	1	0.3674	0	-0.0946	0	-0.2043
咧	1	1	0.3674	0	-0.0946	0	-0.2043
活物	1	1	0.3674	0	-0.0946	0	-0.2043
似的	1	1	0.3674	0	-0.0946	0	-0.2043
直往	1	1	0.3674	0	-0.0946	0	-0.2043
外顶	1	1	0.3674	0	-0.0946	0	-0.2043
搀	1	1	0.3674	0	-0.0946	0	-0.2043
邪祟	1	1	0.3674	0	-0.0946	0	-0.2043
一闪	1	1	0.3674	0	-0.0946	0	-0.2043
跃上	1	1	0.3674	0	-0.0946	0	-0.2043
放眼望去	1	1	0.3674	0	-0.0946	0	-0.2043
不远处	1	1	0.3674	0	-0.0946	0	-0.2043
炊烟袅袅	1	1	0.3674	0	-0.0946	0	-0.2043
打探	1	1	0.3674	0	-0.0946	0	-0.2043
郎中	1	1	0.3674	0	-0.0946	0	-0.2043
那户	1	1	0.3674	0	-0.0946	0	-0.2043
白发苍苍	1	1	0.3674	0	-0.0946	0	-0.2043
佛礼	1	1	0.3674	0	-0.0946	0	-0.2043
先是	1	1	0.3674	0	-0.0946	0	-0.2043
愣	1	1	0.3674	0	-0.0946	0	-0.2043
随即	1	1	0.3674	0	-0.0946	0	-0.2043
打量	1	1	0.3674	0	-0.0946	0	-0.2043
尖嘴	1	1	0.3674	0	-0.0946	0	-0.2043
毛茸茸	1	1	0.3674	0	-0.0946	0	-0.2043
偏生作	1	1	0.3674	0	-0.0946	0	-0.2043
掩嘴	1	1	0.3674	0	-0.0946	0	-0.2043
屋	1	1	0.3674	0	-0.0946	0	-0.2043
屋内	1	1	0.3674	0	-0.0946	0	-0.2043
陈设	1	1	0.3674	0	-0.0946	0	-0.2043
简单	1	1	0.3674	0	-0.0946	0	-0.2043
干净	1	1	0.3674	0	-0.0946	0	-0.2043
整洁	1	1	0.3674	0	-0.0946	0	-0.2043
坐下	1	1	0.3674	0	-0.0946	0	-0.2043
杯	1	1	0.3674	0	-0.0946	0	-0.2043
热茶	1	1	0.3674	0	-0.0946	0	-0.2043
全国上下	1	1	0.3674	0	-0.0946	0	-0.2043
河水	1	1	0.3674	0	-0.0946	0	-0.2043
神奇	1	1	0.3674	0	-0.0946	0	-0.2043
便会	1	1	0.3674	0	-0.0946	0	-0.2043
生子	1	1	0.3674	0	-0.0946	0	-0.2043
已有	1	1	0.3674	0	-0.0946	0	-0.2043
身孕	1	1	0.3674	0	-0.0946	0	-0.2043
瞪	1	1	0.3674	0	-0.0946	0	-0.2043
可能	1	1	0.3674	0	-0.0946	0	-0.2043
常事	1	1	0.3674	0	-0.0946	0	-0.2043
需	1	1	0.3674	0	-0.0946	0	-0.2043
受孕	1	1	0.3674	0	-0.0946	0	-0.2043
怎能治得	1	1	0.3674	0	-0.0946	0	-0.2043
一个头	1	1	0.3674	0	-0.0946	0	-0.2043
法子	1	1	0.3674	0	-0.0946	0	-0.2043
打胎	1	1	0.3674	0	-0.0946	0	-0.2043
颇为	1	1	0.3674	0	-0.0946	0	-0.2043
不易	1	1	0.3674	0	-0.0946	0	-0.2043
山青水秀	1	1	0.3674	0	-0.0946	0	-0.2043
景色宜人	1	1	0.3674	0	-0.0946	0	-0.2043
气息	1	1	0.3674	0	-0.0946	0	-0.2043
人正	1	1	0.3674	0	-0.0946	0	-0.2043
闭目养神	1	1	0.3674	0	-0.0946	0	-0.2043
求取	1	1	0.3674	0	-0.0946	0	-0.2043
名叫	1	1	0.3674	0	-0.0946	0	-0.2043
弟弟	1	1	0.3674	0	-0.0946	0	-0.2043
叔叔	1	1	0.3674	0	-0.0946	0	-0.2043
怒火中烧	1	1	0.3674	0	-0.0946	0	-0.2043
双眼	1	1	0.3674	0	-0.0946	0	-0.2043
这儿	1	1	0.3674	0	-0.0946	0	-0.2043
侄子	1	1	0.3674	0	-0.0946	0	-0.2043
算账	1	1	0.3674	0	-0.0946	0	-0.2043
差	1	1	0.3674	0	-0.0946	0	-0.2043
作恶多端	1	1	0.3674	0	-0.0946	0	-0.2043
收服	1	1	0.3674	0	-0.0946	0	-0.2043
识相	1	1	0.3674	0	-0.0946	0	-0.2043
乖乖	1	1	0.3674	0	-0.0946	0	-0.2043
真仙大怒	1	1	0.3674	0	-0.0946	0	-0.2043
便朝	1	1	0.3674	0	-0.0946	0	-0.2043
攻	1	1	0.3674	0	-0.0946	0	-0.2043
不惧	1	1	0.3674	0	-0.0946	0	-0.2043
真仙战	1	1	0.3674	0	-0.0946	0	-0.2043
你来我往	1	1	0.3674	0	-0.0946	0	-0.2043
胜负	1	1	0.3674	0	-0.0946	0	-0.2043
本事	1	1	0.3674	0	-0.0946	0	-0.2043
这落胎	1	1	0.3674	0	-0.0946	0	-0.2043
救命	1	1	0.3674	0	-0.0946	0	-0.2043
智取	1	1	0.3674	0	-0.0946	0	-0.2043
破绽	1	1	0.3674	0	-0.0946	0	-0.2043
佯装	1	1	0.3674	0	-0.0946	0	-0.2043
敌	1	1	0.3674	0	-0.0946	0	-0.2043
紧追不舍	1	1	0.3674	0	-0.0946	0	-0.2043
引着	1	1	0.3674	0	-0.0946	0	-0.2043
真仙绕	1	1	0.3674	0	-0.0946	0	-0.2043
几圈	1	1	0.3674	0	-0.0946	0	-0.2043
气喘吁吁	1	1	0.3674	0	-0.0946	0	-0.2043
突然	1	1	0.3674	0	-0.0946	0	-0.2043
停住	1	1	0.3674	0	-0.0946	0	-0.2043
打落	1	1	0.3674	0	-0.0946	0	-0.2043
真仙大惊	1	1	0.3674	0	-0.0946	0	-0.2043
捡	1	1	0.3674	0	-0.0946	0	-0.2043
趁机	1	1	0.3674	0	-0.0946	0	-0.2043
便用	1	1	0.3674	0	-0.0946	0	-0.2043
一敲	1	1	0.3674	0	-0.0946	0	-0.2043
便开	1	1	0.3674	0	-0.0946	0	-0.2043
洞内	1	1	0.3674	0	-0.0946	0	-0.2043
清澈见底	1	1	0.3674	0	-0.0946	0	-0.2043
灌	1	1	0.3674	0	-0.0946	0	-0.2043
休走	1	1	0.3674	0	-0.0946	0	-0.2043
不服	1	1	0.3674	0	-0.0946	0	-0.2043
好好	1	1	0.3674	0	-0.0946	0	-0.2043
已经	1	1	0.3674	0	-0.0946	0	-0.2043
大得	1	1	0.3674	0	-0.0946	0	-0.2043
皮球	1	1	0.3674	0	-0.0946	0	-0.2043
死去活来	1	1	0.3674	0	-0.0946	0	-0.2043
急得	1	1	0.3674	0	-0.0946	0	-0.2043
团团转	1	1	0.3674	0	-0.0946	0	-0.2043
迎上去	1	1	0.3674	0	-0.0946	0	-0.2043
可算	1	1	0.3674	0	-0.0946	0	-0.2043
递给	1	1	0.3674	0	-0.0946	0	-0.2043
喝些	1	1	0.3674	0	-0.0946	0	-0.2043
接过	1	1	0.3674	0	-0.0946	0	-0.2043
几口	1	1	0.3674	0	-0.0946	0	-0.2043
抢	1	1	0.3674	0	-0.0946	0	-0.2043
咕咚咕咚	1	1	0.3674	0	-0.0946	0	-0.2043
精光	1	1	0.3674	0	-0.0946	0	-0.2043
翻江倒海	1	1	0.3674	0	-0.0946	0	-0.2043
平了	1	1	0.3674	0	-0.0946	0	-0.2043
长舒	1	1	0.3674	0	-0.0946	0	-0.2043
犯	1	1	0.3674	0	-0.0946	0	-0.2043
大错	1	1	0.3674	0	-0.0946	0	-0.2043
活过来	1	1	0.3674	0	-0.0946	0	-0.2043
这子	1	1	0.3674	0	-0.0946	0	-0.2043
尘土飞扬	1	1	0.3674	0	-0.0946	0	-0.2043
一队	1	1	0.3674	0	-0.0946	0	-0.2043
为首	1	1	0.3674	0	-0.0946	0	-0.2043
一人	1	1	0.3674	0	-0.0946	0	-0.2043
身着	1	1	0.3674	0	-0.0946	0	-0.2043
凤冠霞帔	1	1	0.3674	0	-0.0946	0	-0.2043
容貌	1	1	0.3674	0	-0.0946	0	-0.2043
绝美	1	1	0.3674	0	-0.0946	0	-0.2043
眼前一亮	1	1	0.3674	0	-0.0946	0	-0.2043
若能	1	1	0.3674	0	-0.0946	0	-0.2043
马车	1	1	0.3674	0	-0.0946	0	-0.2043
此地	1	1	0.3674	0	-0.0946	0	-0.2043
共商国事	1	1	0.3674	0	-0.0946	0	-0.2043
看上	1	1	0.3674	0	-0.0946	0	-0.2043
对本王	1	1	0.3674	0	-0.0946	0	-0.2043
得不到	1	1	0.3674	0	-0.0946	0	-0.2043
带走	1	1	0.3674	0	-0.0946	0	-0.2043
能奈	1	1	0.3674	0	-0.0946	0	-0.2043
我何	1	1	0.3674	0	-0.0946	0	-0.2043
从耳中	1	1	0.3674	0	-0.0946	0	-0.2043
迎风	1	1	0.3674	0	-0.0946	0	-0.2043
一晃	1	1	0.3674	0	-0.0946	0	-0.2043
碗口	1	1	0.3674	0	-0.0946	0	-0.2043
粗细	1	1	0.3674	0	-0.0946	0	-0.2043
尔	1	1	0.3674	0	-0.0946	0	-0.2043
若敢	1	1	0.3674	0	-0.0946	0	-0.2043
若真	1	1	0.3674	0	-0.0946	0	-0.2043
动起	1	1	0.3674	0	-0.0946	0	-0.2043
手来	1	1	0.3674	0	-0.0946	0	-0.2043
强压怒火	1	1	0.3674	0	-0.0946	0	-0.2043
为难	1	1	0.3674	0	-0.0946	0	-0.2043
先随	1	1	0.3674	0	-0.0946	0	-0.2043
别无他法	1	1	0.3674	0	-0.0946	0	-0.2043
便点	1	1	0.3674	0	-0.0946	0	-0.2043
之言	1	1	0.3674	0	-0.0946	0	-0.2043
接入	1	1	0.3674	0	-0.0946	0	-0.2043
人入	1	1	0.3674	0	-0.0946	0	-0.2043
巍峨	1	1	0.3674	0	-0.0946	0	-0.2043
皇宫	1	1	0.3674	0	-0.0946	0	-0.2043
相比	1	1	0.3674	0	-0.0946	0	-0.2043
遑	1	1	0.3674	0	-0.0946	0	-0.2043
敬酒	1	1	0.3674	0	-0.0946	0	-0.2043
夹菜	1	1	0.3674	0	-0.0946	0	-0.2043
眼馋	1	1	0.3674	0	-0.0946	0	-0.2043
胡吃海喝	1	1	0.3674	0	-0.0946	0	-0.2043
默默不语	1	1	0.3674	0	-0.0946	0	-0.2043
偶尔	1	1	0.3674	0	-0.0946	0	-0.2043
神色	1	1	0.3674	0	-0.0946	0	-0.2043
如常	1	1	0.3674	0	-0.0946	0	-0.2043
稍安	1	1	0.3674	0	-0.0946	0	-0.2043
盘算着	1	1	0.3674	0	-0.0946	0	-0.2043
气度不凡	1	1	0.3674	0	-0.0946	0	-0.2043
共治	1	1	0.3674	0	-0.0946	0	-0.2043
收回成命	1	1	0.3674	0	-0.0946	0	-0.2043
我西粱	1	1	0.3674	0	-0.0946	0	-0.2043
小国	1	1	0.3674	0	-0.0946	0	-0.2043
百万	1	1	0.3674	0	-0.0946	0	-0.2043
之众	1	1	0.3674	0	-0.0946	0	-0.2043
竟以	1	1	0.3674	0	-0.0946	0	-0.2043
相诱	1	1	0.3674	0	-0.0946	0	-0.2043
怎可破	1	1	0.3674	0	-0.0946	0	-0.2043
色戒	1	1	0.3674	0	-0.0946	0	-0.2043
立下	1	1	0.3674	0	-0.0946	0	-0.2043
誓言	1	1	0.3674	0	-0.0946	0	-0.2043
此生	1	1	0.3674	0	-0.0946	0	-0.2043
娶	1	1	0.3674	0	-0.0946	0	-0.2043
体谅	1	1	0.3674	0	-0.0946	0	-0.2043
逼迫	1	1	0.3674	0	-0.0946	0	-0.2043
适得其反	1	1	0.3674	0	-0.0946	0	-0.2043
若想	1	1	0.3674	0	-0.0946	0	-0.2043
不算	1	1	0.3674	0	-0.0946	0	-0.2043
纠缠	1	1	0.3674	0	-0.0946	0	-0.2043
事端	1	1	0.3674	0	-0.0946	0	-0.2043
四处	1	1	0.3674	0	-0.0946	0	-0.2043
转悠	1	1	0.3674	0	-0.0946	0	-0.2043
闲逛	1	1	0.3674	0	-0.0946	0	-0.2043
幽静	1	1	0.3674	0	-0.0946	0	-0.2043
百花盛开	1	1	0.3674	0	-0.0946	0	-0.2043
姹紫嫣红	1	1	0.3674	0	-0.0946	0	-0.2043
正看	1	1	0.3674	0	-0.0946	0	-0.2043
入神	1	1	0.3674	0	-0.0946	0	-0.2043
花丛	1	1	0.3674	0	-0.0946	0	-0.2043
那日	1	1	0.3674	0	-0.0946	0	-0.2043
撑船	1	1	0.3674	0	-0.0946	0	-0.2043
知晓	1	1	0.3674	0	-0.0946	0	-0.2043
何不	1	1	0.3674	0	-0.0946	0	-0.2043
一事	1	1	0.3674	0	-0.0946	0	-0.2043
相求	1	1	0.3674	0	-0.0946	0	-0.2043
何事	1	1	0.3674	0	-0.0946	0	-0.2043
帮	1	1	0.3674	0	-0.0946	0	-0.2043
尽力	1	1	0.3674	0	-0.0946	0	-0.2043
之法	1	1	0.3674	0	-0.0946	0	-0.2043
沉思	1	1	0.3674	0	-0.0946	0	-0.2043
片刻	1	1	0.3674	0	-0.0946	0	-0.2043
或许	1	1	0.3674	0	-0.0946	0	-0.2043
可行	1	1	0.3674	0	-0.0946	0	-0.2043
妙计	1	1	0.3674	0	-0.0946	0	-0.2043
宴请	1	1	0.3674	0	-0.0946	0	-0.2043
群臣	1	1	0.3674	0	-0.0946	0	-0.2043
届时	1	1	0.3674	0	-0.0946	0	-0.2043
守卫	1	1	0.3674	0	-0.0946	0	-0.2043
必定	1	1	0.3674	0	-0.0946	0	-0.2043
松懈	1	1	0.3674	0	-0.0946	0	-0.2043
趁此机会	1	1	0.3674	0	-0.0946	0	-0.2043
指点	1	1	0.3674	0	-0.0946	0	-0.2043
记下	1	1	0.3674	0	-0.0946	0	-0.2043
想助	1	1	0.3674	0	-0.0946	0	-0.2043
感激	1	1	0.3674	0	-0.0946	0	-0.2043
闲话	1	1	0.3674	0	-0.0946	0	-0.2043
邀请	1	1	0.3674	0	-0.0946	0	-0.2043
参加	1	1	0.3674	0	-0.0946	0	-0.2043
回房	1	1	0.3674	0	-0.0946	0	-0.2043
既醉	1	1	0.3674	0	-0.0946	0	-0.2043
饮酒作乐	1	1	0.3674	0	-0.0946	0	-0.2043
按照	1	1	0.3674	0	-0.0946	0	-0.2043
事先	1	1	0.3674	0	-0.0946	0	-0.2043
一会儿	1	1	0.3674	0	-0.0946	0	-0.2043
借口	1	1	0.3674	0	-0.0946	0	-0.2043
便知	1	1	0.3674	0	-0.0946	0	-0.2043
追出	1	1	0.3674	0	-0.0946	0	-0.2043
长叹一声	1	1	0.3674	0	-0.0946	0	-0.2043
无缘	1	1	0.3674	0	-0.0946	0	-0.2043
回首	1	1	0.3674	0	-0.0946	0	-0.2043
那西粱	1	1	0.3674	0	-0.0946	0	-0.2043
城墙	1	1	0.3674	0	-0.0946	0	-0.2043
夕阳	1	1	0.3674	0	-0.0946	0	-0.2043
余晖	1	1	0.3674	0	-0.0946	0	-0.2043
格外	1	1	0.3674	0	-0.0946	0	-0.2043
凄凉	1	1	0.3674	0	-0.0946	0	-0.2043
诸多	1	1	0.3674	0	-0.0946	0	-0.2043
停留	1	1	0.3674	0	-0.0946	0	-0.2043
人道	1	1	0.3674	0	-0.0946	0	-0.2043
河中孕	1	1	0.3674	0	-0.0946	0	-0.2043
取泉	1	1	0.3674	0	-0.0946	0	-0.2043
归	1	1	0.3674	0	-0.0946	0	-0.2043
中逢	1	1	0.3674	0	-0.0946	0	-0.2043
艳遇	1	1	0.3674	0	-0.0946	0	-0.2043
四人别	1	1	0.3674	0	-0.0946	0	-0.2043
顺路	1	1	0.3674	0	-0.0946	0	-0.2043
身披	1	1	0.3674	0	-0.0946	0	-0.2043
剃	1	1	0.3674	0	-0.0946	0	-0.2043
眉宇	1	1	0.3674	0	-0.0946	0	-0.2043
那股	1	1	0.3674	0	-0.0946	0	-0.2043
出尘	1	1	0.3674	0	-0.0946	0	-0.2043
勒住	1	1	0.3674	0	-0.0946	0	-0.2043
城池	1	1	0.3674	0	-0.0946	0	-0.2043
越来越近	1	1	0.3674	0	-0.0946	0	-0.2043
都城	1	1	0.3674	0	-0.0946	0	-0.2043
谨慎	1	1	0.3674	0	-0.0946	0	-0.2043
切匆	1	1	0.3674	0	-0.0946	0	-0.2043
放荡	1	1	0.3674	0	-0.0946	0	-0.2043
情怀	1	1	0.3674	0	-0.0946	0	-0.2043
紊乱	1	1	0.3674	0	-0.0946	0	-0.2043
法门	1	1	0.3674	0	-0.0946	0	-0.2043
规矩	1	1	0.3674	0	-0.0946	0	-0.2043
虎皮	1	1	0.3674	0	-0.0946	0	-0.2043
转	1	1	0.3674	0	-0.0946	0	-0.2043
铁打	1	1	0.3674	0	-0.0946	0	-0.2043
满城	1	1	0.3674	0	-0.0946	0	-0.2043
脂粉气	1	1	0.3674	0	-0.0946	0	-0.2043
熏	1	1	0.3674	0	-0.0946	0	-0.2043
可得	1	1	0.3674	0	-0.0946	0	-0.2043
看紧	1	1	0.3674	0	-0.0946	0	-0.2043
旁边	1	1	0.3674	0	-0.0946	0	-0.2043
女流之辈	1	1	0.3674	0	-0.0946	0	-0.2043
世面	1	1	0.3674	0	-0.0946	0	-0.2043
木讷	1	1	0.3674	0	-0.0946	0	-0.2043
多嘴	1	1	0.3674	0	-0.0946	0	-0.2043
东关	1	1	0.3674	0	-0.0946	0	-0.2043
提篮	1	1	0.3674	0	-0.0946	0	-0.2043
负贩	1	1	0.3674	0	-0.0946	0	-0.2043
裙钗	1	1	0.3674	0	-0.0946	0	-0.2043
男相	1	1	0.3674	0	-0.0946	0	-0.2043
其实	1	1	0.3674	0	-0.0946	0	-0.2043
女扮男装	1	1	0.3674	0	-0.0946	0	-0.2043
异类	1	1	0.3674	0	-0.0946	0	-0.2043
惊得	1	1	0.3674	0	-0.0946	0	-0.2043
人群	1	1	0.3674	0	-0.0946	0	-0.2043
如同	1	1	0.3674	0	-0.0946	0	-0.2043
滚油里	1	1	0.3674	0	-0.0946	0	-0.2043
撒	1	1	0.3674	0	-0.0946	0	-0.2043
盐	1	1	0.3674	0	-0.0946	0	-0.2043
满街	1	1	0.3674	0	-0.0946	0	-0.2043
围	1	1	0.3674	0	-0.0946	0	-0.2043
僧袍	1	1	0.3674	0	-0.0946	0	-0.2043
书生	1	1	0.3674	0	-0.0946	0	-0.2043
贵气	1	1	0.3674	0	-0.0946	0	-0.2043
心猿意马	1	1	0.3674	0	-0.0946	0	-0.2043
争看	1	1	0.3674	0	-0.0946	0	-0.2043
坐立不安	1	1	0.3674	0	-0.0946	0	-0.2043
只念	1	1	0.3674	0	-0.0946	0	-0.2043
见众	1	1	0.3674	0	-0.0946	0	-0.2043
不看	1	1	0.3674	0	-0.0946	0	-0.2043
反而	1	1	0.3674	0	-0.0946	0	-0.2043
围着	1	1	0.3674	0	-0.0946	0	-0.2043
不忿	1	1	0.3674	0	-0.0946	0	-0.2043
一努	1	1	0.3674	0	-0.0946	0	-0.2043
眼浊睛	1	1	0.3674	0	-0.0946	0	-0.2043
怎不识	1	1	0.3674	0	-0.0946	0	-0.2043
之美	1	1	0.3674	0	-0.0946	0	-0.2043
故意	1	1	0.3674	0	-0.0946	0	-0.2043
想博人	1	1	0.3674	0	-0.0946	0	-0.2043
眼球	1	1	0.3674	0	-0.0946	0	-0.2043
掩鼻	1	1	0.3674	0	-0.0946	0	-0.2043
避让	1	1	0.3674	0	-0.0946	0	-0.2043
行进	1	1	0.3674	0	-0.0946	0	-0.2043
一女	1	1	0.3674	0	-0.0946	0	-0.2043
侍立	1	1	0.3674	0	-0.0946	0	-0.2043
街下	1	1	0.3674	0	-0.0946	0	-0.2043
高声	1	1	0.3674	0	-0.0946	0	-0.2043
使客	1	1	0.3674	0	-0.0946	0	-0.2043
擅入	1	1	0.3674	0	-0.0946	0	-0.2043
签名	1	1	0.3674	0	-0.0946	0	-0.2043
上册	1	1	0.3674	0	-0.0946	0	-0.2043
下官	1	1	0.3674	0	-0.0946	0	-0.2043
执名	1	1	0.3674	0	-0.0946	0	-0.2043
奏	1	1	0.3674	0	-0.0946	0	-0.2043
衙门	1	1	0.3674	0	-0.0946	0	-0.2043
匾	1	1	0.3674	0	-0.0946	0	-0.2043
写	1	1	0.3674	0	-0.0946	0	-0.2043
真的	1	1	0.3674	0	-0.0946	0	-0.2043
有迎	1	1	0.3674	0	-0.0946	0	-0.2043
逗趣	1	1	0.3674	0	-0.0946	0	-0.2043
照胎泉	1	1	0.3674	0	-0.0946	0	-0.2043
有没有	1	1	0.3674	0	-0.0946	0	-0.2043
别是	1	1	0.3674	0	-0.0946	0	-0.2043
一抹	1	1	0.3674	0	-0.0946	0	-0.2043
胀气	1	1	0.3674	0	-0.0946	0	-0.2043
打下	1	1	0.3674	0	-0.0946	0	-0.2043
胎来	1	1	0.3674	0	-0.0946	0	-0.2043
还照	1	1	0.3674	0	-0.0946	0	-0.2043
它	1	1	0.3674	0	-0.0946	0	-0.2043
干什么	1	1	0.3674	0	-0.0946	0	-0.2043
四人进	1	1	0.3674	0	-0.0946	0	-0.2043
中年	1	1	0.3674	0	-0.0946	0	-0.2043
眼都直	1	1	0.3674	0	-0.0946	0	-0.2043
正吃间	1	1	0.3674	0	-0.0946	0	-0.2043
忽报	1	1	0.3674	0	-0.0946	0	-0.2043
当驾	1	1	0.3674	0	-0.0946	0	-0.2043
本官	1	1	0.3674	0	-0.0946	0	-0.2043
老姆来	1	1	0.3674	0	-0.0946	0	-0.2043
风韵犹存	1	1	0.3674	0	-0.0946	0	-0.2043
半老徐娘	1	1	0.3674	0	-0.0946	0	-0.2043
光来	1	1	0.3674	0	-0.0946	0	-0.2043
之喜	1	1	0.3674	0	-0.0946	0	-0.2043
何德能	1	1	0.3674	0	-0.0946	0	-0.2043
敢劳	1	1	0.3674	0	-0.0946	0	-0.2043
大人	1	1	0.3674	0	-0.0946	0	-0.2043
不管三七二十一	1	1	0.3674	0	-0.0946	0	-0.2043
自来	1	1	0.3674	0	-0.0946	0	-0.2043
今幸	1	1	0.3674	0	-0.0946	0	-0.2043
臣	1	1	0.3674	0	-0.0946	0	-0.2043
求亲	1	1	0.3674	0	-0.0946	0	-0.2043
王愿	1	1	0.3674	0	-0.0946	0	-0.2043
南面称孤	1	1	0.3674	0	-0.0946	0	-0.2043
唬得	1	1	0.3674	0	-0.0946	0	-0.2043
站不住	1	1	0.3674	0	-0.0946	0	-0.2043
满面	1	1	0.3674	0	-0.0946	0	-0.2043
通红	1	1	0.3674	0	-0.0946	0	-0.2043
骨碌	1	1	0.3674	0	-0.0946	0	-0.2043
压低	1	1	0.3674	0	-0.0946	0	-0.2043
过得去	1	1	0.3674	0	-0.0946	0	-0.2043
依老孙	1	1	0.3674	0	-0.0946	0	-0.2043
权且	1	1	0.3674	0	-0.0946	0	-0.2043
应承	1	1	0.3674	0	-0.0946	0	-0.2043
怎好	1	1	0.3674	0	-0.0946	0	-0.2043
扮作	1	1	0.3674	0	-0.0946	0	-0.2043
多情	1	1	0.3674	0	-0.0946	0	-0.2043
无事	1	1	0.3674	0	-0.0946	0	-0.2043
松动	1	1	0.3674	0	-0.0946	0	-0.2043
大喜过望	1	1	0.3674	0	-0.0946	0	-0.2043
既蒙	1	1	0.3674	0	-0.0946	0	-0.2043
允诺	1	1	0.3674	0	-0.0946	0	-0.2043
凤辇	1	1	0.3674	0	-0.0946	0	-0.2043
朝见	1	1	0.3674	0	-0.0946	0	-0.2043
大驾	1	1	0.3674	0	-0.0946	0	-0.2043
之容	1	1	0.3674	0	-0.0946	0	-0.2043
闭月羞花	1	1	0.3674	0	-0.0946	0	-0.2043
之貌	1	1	0.3674	0	-0.0946	0	-0.2043
卷帘	1	1	0.3674	0	-0.0946	0	-0.2043
闪凤目	1	1	0.3674	0	-0.0946	0	-0.2043
簇	1	1	0.3674	0	-0.0946	0	-0.2043
僧家	1	1	0.3674	0	-0.0946	0	-0.2043
齿白唇红	1	1	0.3674	0	-0.0946	0	-0.2043
身姿	1	1	0.3674	0	-0.0946	0	-0.2043
挺拔	1	1	0.3674	0	-0.0946	0	-0.2043
王夫	1	1	0.3674	0	-0.0946	0	-0.2043
走近	1	1	0.3674	0	-0.0946	0	-0.2043
俏语	1	1	0.3674	0	-0.0946	0	-0.2043
同上	1	1	0.3674	0	-0.0946	0	-0.2043
金銮宝	1	1	0.3674	0	-0.0946	0	-0.2043
匹配	1	1	0.3674	0	-0.0946	0	-0.2043
夫妇	1	1	0.3674	0	-0.0946	0	-0.2043
一扯	1	1	0.3674	0	-0.0946	0	-0.2043
耳红面赤	1	1	0.3674	0	-0.0946	0	-0.2043
羞答答	1	1	0.3674	0	-0.0946	0	-0.2043
千军万马	1	1	0.3674	0	-0.0946	0	-0.2043
奔腾	1	1	0.3674	0	-0.0946	0	-0.2043
暗念	1	1	0.3674	0	-0.0946	0	-0.2043
清	1	1	0.3674	0	-0.0946	0	-0.2043
心咒	1	1	0.3674	0	-0.0946	0	-0.2043
教道	1	1	0.3674	0	-0.0946	0	-0.2043
太谦	1	1	0.3674	0	-0.0946	0	-0.2043
共	1	1	0.3674	0	-0.0946	0	-0.2043
师娘	1	1	0.3674	0	-0.0946	0	-0.2043
没及	1	1	0.3674	0	-0.0946	0	-0.2043
依从	1	1	0.3674	0	-0.0946	0	-0.2043
揩	1	1	0.3674	0	-0.0946	0	-0.2043
眼泪	1	1	0.3674	0	-0.0946	0	-0.2043
强整欢	1	1	0.3674	0	-0.0946	0	-0.2043
容	1	1	0.3674	0	-0.0946	0	-0.2043
移步	1	1	0.3674	0	-0.0946	0	-0.2043
喜孜孜	1	1	0.3674	0	-0.0946	0	-0.2043
欲配	1	1	0.3674	0	-0.0946	0	-0.2043
忧	1	1	0.3674	0	-0.0946	0	-0.2043
惶惶	1	1	0.3674	0	-0.0946	0	-0.2043
只思	1	1	0.3674	0	-0.0946	0	-0.2043
洞房花烛	1	1	0.3674	0	-0.0946	0	-0.2043
交	1	1	0.3674	0	-0.0946	0	-0.2043
鸳侣	1	1	0.3674	0	-0.0946	0	-0.2043
西宇	1	1	0.3674	0	-0.0946	0	-0.2043
灵山	1	1	0.3674	0	-0.0946	0	-0.2043
世尊	1	1	0.3674	0	-0.0946	0	-0.2043
行至	1	1	0.3674	0	-0.0946	0	-0.2043
五凤楼	1	1	0.3674	0	-0.0946	0	-0.2043
往前	1	1	0.3674	0	-0.0946	0	-0.2043
乱跑	1	1	0.3674	0	-0.0946	0	-0.2043
嚷	1	1	0.3674	0	-0.0946	0	-0.2043
现成	1	1	0.3674	0	-0.0946	0	-0.2043
喜酒	1	1	0.3674	0	-0.0946	0	-0.2043
进亲	1	1	0.3674	0	-0.0946	0	-0.2043
闻奏	1	1	0.3674	0	-0.0946	0	-0.2043
倚香肩	1	1	0.3674	0	-0.0946	0	-0.2043
偎	1	1	0.3674	0	-0.0946	0	-0.2043
桃	1	1	0.3674	0	-0.0946	0	-0.2043
第二个	1	1	0.3674	0	-0.0946	0	-0.2043
食肠	1	1	0.3674	0	-0.0946	0	-0.2043
宽大	1	1	0.3674	0	-0.0946	0	-0.2043
一生	1	1	0.3674	0	-0.0946	0	-0.2043
要图	1	1	0.3674	0	-0.0946	0	-0.2043
口肥	1	1	0.3674	0	-0.0946	0	-0.2043
酒食	1	1	0.3674	0	-0.0946	0	-0.2043
急令	1	1	0.3674	0	-0.0946	0	-0.2043
光禄寺	1	1	0.3674	0	-0.0946	0	-0.2043
摆宴	1	1	0.3674	0	-0.0946	0	-0.2043
放开	1	1	0.3674	0	-0.0946	0	-0.2043
只情	1	1	0.3674	0	-0.0946	0	-0.2043
不管	1	1	0.3674	0	-0.0946	0	-0.2043
玉屑	1	1	0.3674	0	-0.0946	0	-0.2043
一骨辣	1	1	0.3674	0	-0.0946	0	-0.2043
几杯酒	1	1	0.3674	0	-0.0946	0	-0.2043
色胆包天	1	1	0.3674	0	-0.0946	0	-0.2043
挤眉弄眼	1	1	0.3674	0	-0.0946	0	-0.2043
下凡	1	1	0.3674	0	-0.0946	0	-0.2043
弃	1	1	0.3674	0	-0.0946	0	-0.2043
入赘	1	1	0.3674	0	-0.0946	0	-0.2043
驸马	1	1	0.3674	0	-0.0946	0	-0.2043
一遭	1	1	0.3674	0	-0.0946	0	-0.2043
好气	1	1	0.3674	0	-0.0946	0	-0.2043
怎配	1	1	0.3674	0	-0.0946	0	-0.2043
退下去	1	1	0.3674	0	-0.0946	0	-0.2043
没趣	1	1	0.3674	0	-0.0946	0	-0.2043
身板	1	1	0.3674	0	-0.0946	0	-0.2043
抢手货	1	1	0.3674	0	-0.0946	0	-0.2043
令取	1	1	0.3674	0	-0.0946	0	-0.2043
御	1	1	0.3674	0	-0.0946	0	-0.2043
酒来	1	1	0.3674	0	-0.0946	0	-0.2043
共饮	1	1	0.3674	0	-0.0946	0	-0.2043
合卺	1	1	0.3674	0	-0.0946	0	-0.2043
之杯	1	1	0.3674	0	-0.0946	0	-0.2043
虽不愿	1	1	0.3674	0	-0.0946	0	-0.2043
接杯	1	1	0.3674	0	-0.0946	0	-0.2043
饮	1	1	0.3674	0	-0.0946	0	-0.2043
即令	1	1	0.3674	0	-0.0946	0	-0.2043
驾回	1	1	0.3674	0	-0.0946	0	-0.2043
惯	1	1	0.3674	0	-0.0946	0	-0.2043
以一国	1	1	0.3674	0	-0.0946	0	-0.2043
阻挠	1	1	0.3674	0	-0.0946	0	-0.2043
息怒	1	1	0.3674	0	-0.0946	0	-0.2043
金蝉子	1	1	0.3674	0	-0.0946	0	-0.2043
转世	1	1	0.3674	0	-0.0946	0	-0.2043
十	1	1	0.3674	0	-0.0946	0	-0.2043
世修行	1	1	0.3674	0	-0.0946	0	-0.2043
若破	1	1	0.3674	0	-0.0946	0	-0.2043
遭天	1	1	0.3674	0	-0.0946	0	-0.2043
谴	1	1	0.3674	0	-0.0946	0	-0.2043
正果	1	1	0.3674	0	-0.0946	0	-0.2043
再来	1	1	0.3674	0	-0.0946	0	-0.2043
沉吟	1	1	0.3674	0	-0.0946	0	-0.2043
有理	1	1	0.3674	0	-0.0946	0	-0.2043
西去	1	1	0.3674	0	-0.0946	0	-0.2043
依允	1	1	0.3674	0	-0.0946	0	-0.2043
过关	1	1	0.3674	0	-0.0946	0	-0.2043
文	1	1	0.3674	0	-0.0946	0	-0.2043
画押	1	1	0.3674	0	-0.0946	0	-0.2043
言相告	1	1	0.3674	0	-0.0946	0	-0.2043
玉玺	1	1	0.3674	0	-0.0946	0	-0.2043
朝门	1	1	0.3674	0	-0.0946	0	-0.2043
虽放	1	1	0.3674	0	-0.0946	0	-0.2043
真心	1	1	0.3674	0	-0.0946	0	-0.2043
君臣	1	1	0.3674	0	-0.0946	0	-0.2043
徒儿	1	1	0.3674	0	-0.0946	0	-0.2043
言之有理	1	1	0.3674	0	-0.0946	0	-0.2043
便念动	1	1	0.3674	0	-0.0946	0	-0.2043
咒语	1	1	0.3674	0	-0.0946	0	-0.2043
文武百官	1	1	0.3674	0	-0.0946	0	-0.2043
当场	1	1	0.3674	0	-0.0946	0	-0.2043
加鞭	1	1	0.3674	0	-0.0946	0	-0.2043
径出	1	1	0.3674	0	-0.0946	0	-0.2043
正行	1	1	0.3674	0	-0.0946	0	-0.2043
处	1	1	0.3674	0	-0.0946	0	-0.2043
风响	1	1	0.3674	0	-0.0946	0	-0.2043
一伙	1	1	0.3674	0	-0.0946	0	-0.2043
香风	1	1	0.3674	0	-0.0946	0	-0.2043
摄去	1	1	0.3674	0	-0.0946	0	-0.2043
摄着	1	1	0.3674	0	-0.0946	0	-0.2043
叫嚣	1	1	0.3674	0	-0.0946	0	-0.2043
孙	1	1	0.3674	0	-0.0946	0	-0.2043
外公	1	1	0.3674	0	-0.0946	0	-0.2043
挺枪	1	1	0.3674	0	-0.0946	0	-0.2043
渐感	1	1	0.3674	0	-0.0946	0	-0.2043
不支	1	1	0.3674	0	-0.0946	0	-0.2043
精见	1	1	0.3674	0	-0.0946	0	-0.2043
官啼	1	1	0.3674	0	-0.0946	0	-0.2043
精便现	1	1	0.3674	0	-0.0946	0	-0.2043
一啼	1	1	0.3674	0	-0.0946	0	-0.2043
入洞	1	1	0.3674	0	-0.0946	0	-0.2043
救命之恩	1	1	0.3674	0	-0.0946	0	-0.2043
出城	1	1	0.3674	0	-0.0946	0	-0.2043
担忧	1	1	0.3674	0	-0.0946	0	-0.2043
告辞	1	1	0.3674	0	-0.0946	0	-0.2043
城楼	1	1	0.3674	0	-0.0946	0	-0.2043
欲静花	1	1	0.3674	0	-0.0946	0	-0.2043
道念	1	1	0.3674	0	-0.0946	0	-0.2043
坚情	1	1	0.3674	0	-0.0946	0	-0.2043
欲知	1	1	0.3674	0	-0.0946	0	-0.2043
后事	1	1	0.3674	0	-0.0946	0	-0.2043
豆沙	1	1	0.3674	0	-0.0946	0	-0.2043
馅	1	1	0.3674	0	-0.0946	0	-0.2043
两样	1	1	0.3674	0	-0.0946	0	-0.2043
搀出	1	1	0.3674	0	-0.0946	0	-0.2043
彩衣	1	1	0.3674	0	-0.0946	0	-0.2043
绣服	1	1	0.3674	0	-0.0946	0	-0.2043
后房	1	1	0.3674	0	-0.0946	0	-0.2043
唐僧扶	1	1	0.3674	0	-0.0946	0	-0.2043
走向前去	1	1	0.3674	0	-0.0946	0	-0.2043
比不上	1	1	0.3674	0	-0.0946	0	-0.2043
作个	1	1	0.3674	0	-0.0946	0	-0.2043
来个	1	1	0.3674	0	-0.0946	0	-0.2043
百岁	1	1	0.3674	0	-0.0946	0	-0.2043
和谐	1	1	0.3674	0	-0.0946	0	-0.2043
白头到老	1	1	0.3674	0	-0.0946	0	-0.2043
眼似	1	1	0.3674	0	-0.0946	0	-0.2043
衬得	1	1	0.3674	0	-0.0946	0	-0.2043
脱俗	1	1	0.3674	0	-0.0946	0	-0.2043
宛如	1	1	0.3674	0	-0.0946	0	-0.2043
姑射	1	1	0.3674	0	-0.0946	0	-0.2043
仙子	1	1	0.3674	0	-0.0946	0	-0.2043
破戒	1	1	0.3674	0	-0.0946	0	-0.2043
实难	1	1	0.3674	0	-0.0946	0	-0.2043
下咽	1	1	0.3674	0	-0.0946	0	-0.2043
柳眉倒竖	1	1	0.3674	0	-0.0946	0	-0.2043
粉	1	1	0.3674	0	-0.0946	0	-0.2043
面生	1	1	0.3674	0	-0.0946	0	-0.2043
嗔	1	1	0.3674	0	-0.0946	0	-0.2043
柔情	1	1	0.3674	0	-0.0946	0	-0.2043
许	1	1	0.3674	0	-0.0946	0	-0.2043
正室	1	1	0.3674	0	-0.0946	0	-0.2043
之位	1	1	0.3674	0	-0.0946	0	-0.2043
国王	1	1	0.3674	0	-0.0946	0	-0.2043
之尊	1	1	0.3674	0	-0.0946	0	-0.2043
怎比得	1	1	0.3674	0	-0.0946	0	-0.2043
长生不老	1	1	0.3674	0	-0.0946	0	-0.2043
主人	1	1	0.3674	0	-0.0946	0	-0.2043
少不得	1	1	0.3674	0	-0.0946	0	-0.2043
喝令	1	1	0.3674	0	-0.0946	0	-0.2043
且关	1	1	0.3674	0	-0.0946	0	-0.2043
一拥而上	1	1	0.3674	0	-0.0946	0	-0.2043
推推搡搡	1	1	0.3674	0	-0.0946	0	-0.2043
往后面	1	1	0.3674	0	-0.0946	0	-0.2043
摄在	1	1	0.3674	0	-0.0946	0	-0.2043
关	1	1	0.3674	0	-0.0946	0	-0.2043
魔头	1	1	0.3674	0	-0.0946	0	-0.2043
嘟着	1	1	0.3674	0	-0.0946	0	-0.2043
硬拼	1	1	0.3674	0	-0.0946	0	-0.2043
先去	1	1	0.3674	0	-0.0946	0	-0.2043
请个	1	1	0.3674	0	-0.0946	0	-0.2043
救兵	1	1	0.3674	0	-0.0946	0	-0.2043
专吃	1	1	0.3674	0	-0.0946	0	-0.2043
正该	1	1	0.3674	0	-0.0946	0	-0.2043
耐不住	1	1	0.3674	0	-0.0946	0	-0.2043
此守	1	1	0.3674	0	-0.0946	0	-0.2043
皮糙肉厚	1	1	0.3674	0	-0.0946	0	-0.2043
不怕	1	1	0.3674	0	-0.0946	0	-0.2043
哄	1	1	0.3674	0	-0.0946	0	-0.2043
先救	1	1	0.3674	0	-0.0946	0	-0.2043
轰	1	1	0.3674	0	-0.0946	0	-0.2043
被筑	1	1	0.3674	0	-0.0946	0	-0.2043
巨响	1	1	0.3674	0	-0.0946	0	-0.2043
打碎	1	1	0.3674	0	-0.0946	0	-0.2043
口口声声	1	1	0.3674	0	-0.0946	0	-0.2043
不知死活	1	1	0.3674	0	-0.0946	0	-0.2043
放肆	1	1	0.3674	0	-0.0946	0	-0.2043
那泼	1	1	0.3674	0	-0.0946	0	-0.2043
举	1	1	0.3674	0	-0.0946	0	-0.2043
战作	1	1	0.3674	0	-0.0946	0	-0.2043
力气	1	1	0.3674	0	-0.0946	0	-0.2043
抱头鼠窜	1	1	0.3674	0	-0.0946	0	-0.2043
怎么样	1	1	0.3674	0	-0.0946	0	-0.2043
鸡鸣	1	1	0.3674	0	-0.0946	0	-0.2043
啼	1	1	0.3674	0	-0.0946	0	-0.2043
拜谢	1	1	0.3674	0	-0.0946	0	-0.2043
成精	1	1	0.3674	0	-0.0946	0	-0.2043
多年	1	1	0.3674	0	-0.0946	0	-0.2043
甚痛	1	1	0.3674	0	-0.0946	0	-0.2043
我来	1	1	0.3674	0	-0.0946	0	-0.2043
毒手	1	1	0.3674	0	-0.0946	0	-0.2043
法相	1	1	0.3674	0	-0.0946	0	-0.2043
忙入	1	1	0.3674	0	-0.0946	0	-0.2043
一应	1	1	0.3674	0	-0.0946	0	-0.2043
走后	1	1	0.3674	0	-0.0946	0	-0.2043
思念	1	1	0.3674	0	-0.0946	0	-0.2043
劳	1	1	0.3674	0	-0.0946	0	-0.2043
远送	1	1	0.3674	0	-0.0946	0	-0.2043
欣慰	1	1	0.3674	0	-0.0946	0	-0.2043
地笑	1	1	0.3674	0	-0.0946	0	-0.2043
懂事	1	1	0.3674	0	-0.0946	0	-0.2043
整理	1	1	0.3674	0	-0.0946	0	-0.2043
紫金	1	1	0.3674	0	-0.0946	0	-0.2043
手中	1	1	0.3674	0	-0.0946	0	-0.2043
迈开	1	1	0.3674	0	-0.0946	0	-0.2043
莲步	1	1	0.3674	0	-0.0946	0	-0.2043
瑞气	1	1	0.3674	0	-0.0946	0	-0.2043
千条	1	1	0.3674	0	-0.0946	0	-0.2043
隐隐	1	1	0.3674	0	-0.0946	0	-0.2043
暗惊	1	1	0.3674	0	-0.0946	0	-0.2043
正倚	1	1	0.3674	0	-0.0946	0	-0.2043
打盹	1	1	0.3674	0	-0.0946	0	-0.2043
多心	1	1	0.3674	0	-0.0946	0	-0.2043
积德	1	1	0.3674	0	-0.0946	0	-0.2043
行善	1	1	0.3674	0	-0.0946	0	-0.2043
鸟语花香	1	1	0.3674	0	-0.0946	0	-0.2043
定是	1	1	0.3674	0	-0.0946	0	-0.2043
那家	1	1	0.3674	0	-0.0946	0	-0.2043
顿	1	1	0.3674	0	-0.0946	0	-0.2043
小媳妇	1	1	0.3674	0	-0.0946	0	-0.2043
粉墙黛瓦	1	1	0.3674	0	-0.0946	0	-0.2043
气派	1	1	0.3674	0	-0.0946	0	-0.2043
嬉笑	1	1	0.3674	0	-0.0946	0	-0.2043
声	1	1	0.3674	0	-0.0946	0	-0.2043
踢球	1	1	0.3674	0	-0.0946	0	-0.2043
上衣	1	1	0.3674	0	-0.0946	0	-0.2043
小小	1	1	0.3674	0	-0.0946	0	-0.2043
红	1	1	0.3674	0	-0.0946	0	-0.2043
雪白	1	1	0.3674	0	-0.0946	0	-0.2043
肌肤	1	1	0.3674	0	-0.0946	0	-0.2043
阳光	1	1	0.3674	0	-0.0946	0	-0.2043
下晃得	1	1	0.3674	0	-0.0946	0	-0.2043
眼晕	1	1	0.3674	0	-0.0946	0	-0.2043
惊	1	1	0.3674	0	-0.0946	0	-0.2043
蝴蝶	1	1	0.3674	0	-0.0946	0	-0.2043
花枝	1	1	0.3674	0	-0.0946	0	-0.2043
一回	1	1	0.3674	0	-0.0946	0	-0.2043
球	1	1	0.3674	0	-0.0946	0	-0.2043
其中	1	1	0.3674	0	-0.0946	0	-0.2043
洗个	1	1	0.3674	0	-0.0946	0	-0.2043
澡	1	1	0.3674	0	-0.0946	0	-0.2043
齐声叫好	1	1	0.3674	0	-0.0946	0	-0.2043
地往	1	1	0.3674	0	-0.0946	0	-0.2043
亮	1	1	0.3674	0	-0.0946	0	-0.2043
好去处	1	1	0.3674	0	-0.0946	0	-0.2043
压寨夫人	1	1	0.3674	0	-0.0946	0	-0.2043
小题大做	1	1	0.3674	0	-0.0946	0	-0.2043
家家	1	1	0.3674	0	-0.0946	0	-0.2043
爱美	1	1	0.3674	0	-0.0946	0	-0.2043
不慕强	1	1	0.3674	0	-0.0946	0	-0.2043
威猛	1	1	0.3674	0	-0.0946	0	-0.2043
喜欢	1	1	0.3674	0	-0.0946	0	-0.2043
不许	1	1	0.3674	0	-0.0946	0	-0.2043
胡来	1	1	0.3674	0	-0.0946	0	-0.2043
若伤	1	1	0.3674	0	-0.0946	0	-0.2043
喜滋滋	1	1	0.3674	0	-0.0946	0	-0.2043
地应	1	1	0.3674	0	-0.0946	0	-0.2043
那濯垢泉	1	1	0.3674	0	-0.0946	0	-0.2043
热气腾腾	1	1	0.3674	0	-0.0946	0	-0.2043
水声	1	1	0.3674	0	-0.0946	0	-0.2043
潺潺	1	1	0.3674	0	-0.0946	0	-0.2043
嬉戏	1	1	0.3674	0	-0.0946	0	-0.2043
看得	1	1	0.3674	0	-0.0946	0	-0.2043
口水直流	1	1	0.3674	0	-0.0946	0	-0.2043
皮肤	1	1	0.3674	0	-0.0946	0	-0.2043
身段	1	1	0.3674	0	-0.0946	0	-0.2043
赛过	1	1	0.3674	0	-0.0946	0	-0.2043
西施	1	1	0.3674	0	-0.0946	0	-0.2043
强	1	1	0.3674	0	-0.0946	0	-0.2043
貂蝉	1	1	0.3674	0	-0.0946	0	-0.2043
眼	1	1	0.3674	0	-0.0946	0	-0.2043
舍得	1	1	0.3674	0	-0.0946	0	-0.2043
携带	1	1	0.3674	0	-0.0946	0	-0.2043
洗洗	1	1	0.3674	0	-0.0946	0	-0.2043
正玩得	1	1	0.3674	0	-0.0946	0	-0.2043
高兴	1	1	0.3674	0	-0.0946	0	-0.2043
齐声	1	1	0.3674	0	-0.0946	0	-0.2043
尖叫	1	1	0.3674	0	-0.0946	0	-0.2043
法名	1	1	0.3674	0	-0.0946	0	-0.2043
滚出去	1	1	0.3674	0	-0.0946	0	-0.2043
吐	1	1	0.3674	0	-0.0946	0	-0.2043
筑去	1	1	0.3674	0	-0.0946	0	-0.2043
坚韧	1	1	0.3674	0	-0.0946	0	-0.2043
上面	1	1	0.3674	0	-0.0946	0	-0.2043
发出	1	1	0.3674	0	-0.0946	0	-0.2043
脆响	1	1	0.3674	0	-0.0946	0	-0.2043
毫发无损	1	1	0.3674	0	-0.0946	0	-0.2043
缠住	1	1	0.3674	0	-0.0946	0	-0.2043
结结实实	1	1	0.3674	0	-0.0946	0	-0.2043
定不饶	1	1	0.3674	0	-0.0946	0	-0.2043
只顾	1	1	0.3674	0	-0.0946	0	-0.2043
虽能	1	1	0.3674	0	-0.0946	0	-0.2043
防水	1	1	0.3674	0	-0.0946	0	-0.2043
周旋	1	1	0.3674	0	-0.0946	0	-0.2043
裤裆	1	1	0.3674	0	-0.0946	0	-0.2043
腋下	1	1	0.3674	0	-0.0946	0	-0.2043
痒	1	1	0.3674	0	-0.0946	0	-0.2043
直笑	1	1	0.3674	0	-0.0946	0	-0.2043
别闹	1	1	0.3674	0	-0.0946	0	-0.2043
勒死	1	1	0.3674	0	-0.0946	0	-0.2043
自找	1	1	0.3674	0	-0.0946	0	-0.2043
久	1	1	0.3674	0	-0.0946	0	-0.2043
忙吐出	1	1	0.3674	0	-0.0946	0	-0.2043
呼呼	1	1	0.3674	0	-0.0946	0	-0.2043
风	1	1	0.3674	0	-0.0946	0	-0.2043
尽数	1	1	0.3674	0	-0.0946	0	-0.2043
打散	1	1	0.3674	0	-0.0946	0	-0.2043
救救	1	1	0.3674	0	-0.0946	0	-0.2043
遭难	1	1	0.3674	0	-0.0946	0	-0.2043
手抚	1	1	0.3674	0	-0.0946	0	-0.2043
胸口	1	1	0.3674	0	-0.0946	0	-0.2043
惊魂未定	1	1	0.3674	0	-0.0946	0	-0.2043
顽皮	1	1	0.3674	0	-0.0946	0	-0.2043
老骨头	1	1	0.3674	0	-0.0946	0	-0.2043
颠散	1	1	0.3674	0	-0.0946	0	-0.2043
手背	1	1	0.3674	0	-0.0946	0	-0.2043
眨巴	1	1	0.3674	0	-0.0946	0	-0.2043
马儿	1	1	0.3674	0	-0.0946	0	-0.2043
烈	1	1	0.3674	0	-0.0946	0	-0.2043
妖魔鬼怪	1	1	0.3674	0	-0.0946	0	-0.2043
瞧	1	1	0.3674	0	-0.0946	0	-0.2043
可莫要	1	1	0.3674	0	-0.0946	0	-0.2043
得直	1	1	0.3674	0	-0.0946	0	-0.2043
翻白眼	1	1	0.3674	0	-0.0946	0	-0.2043
那座	1	1	0.3674	0	-0.0946	0	-0.2043
朱门	1	1	0.3674	0	-0.0946	0	-0.2043
门环	1	1	0.3674	0	-0.0946	0	-0.2043
两盏	1	1	0.3674	0	-0.0946	0	-0.2043
秋风	1	1	0.3674	0	-0.0946	0	-0.2043
上空	1	1	0.3674	0	-0.0946	0	-0.2043
弥漫	1	1	0.3674	0	-0.0946	0	-0.2043
古怪	1	1	0.3674	0	-0.0946	0	-0.2043
别处	1	1	0.3674	0	-0.0946	0	-0.2043
眉头	1	1	0.3674	0	-0.0946	0	-0.2043
微	1	1	0.3674	0	-0.0946	0	-0.2043
蹙	1	1	0.3674	0	-0.0946	0	-0.2043
疑神疑鬼	1	1	0.3674	0	-0.0946	0	-0.2043
许是	1	1	0.3674	0	-0.0946	0	-0.2043
哪家	1	1	0.3674	0	-0.0946	0	-0.2043
迷	1	1	0.3674	0	-0.0946	0	-0.2043
心窍	1	1	0.3674	0	-0.0946	0	-0.2043
四五十岁	1	1	0.3674	0	-0.0946	0	-0.2043
面如满月	1	1	0.3674	0	-0.0946	0	-0.2043
衣裳	1	1	0.3674	0	-0.0946	0	-0.2043
其	1	1	0.3674	0	-0.0946	0	-0.2043
造访	1	1	0.3674	0	-0.0946	0	-0.2043
去往	1	1	0.3674	0	-0.0946	0	-0.2043
来宝庄	1	1	0.3674	0	-0.0946	0	-0.2043
还望	1	1	0.3674	0	-0.0946	0	-0.2043
行个	1	1	0.3674	0	-0.0946	0	-0.2043
方便	1	1	0.3674	0	-0.0946	0	-0.2043
母女	1	1	0.3674	0	-0.0946	0	-0.2043
缘分	1	1	0.3674	0	-0.0946	0	-0.2043
宽敞明亮	1	1	0.3674	0	-0.0946	0	-0.2043
端上	1	1	0.3674	0	-0.0946	0	-0.2043
茶来	1	1	0.3674	0	-0.0946	0	-0.2043
问起	1	1	0.3674	0	-0.0946	0	-0.2043
来历	1	1	0.3674	0	-0.0946	0	-0.2043
一一	1	1	0.3674	0	-0.0946	0	-0.2043
作答	1	1	0.3674	0	-0.0946	0	-0.2043
尽显	1	1	0.3674	0	-0.0946	0	-0.2043
大家风范	1	1	0.3674	0	-0.0946	0	-0.2043
一言	1	1	0.3674	0	-0.0946	0	-0.2043
当讲	1	1	0.3674	0	-0.0946	0	-0.2043
不当	1	1	0.3674	0	-0.0946	0	-0.2043
有话	1	1	0.3674	0	-0.0946	0	-0.2043
无妨	1	1	0.3674	0	-0.0946	0	-0.2043
四十五岁	1	1	0.3674	0	-0.0946	0	-0.2043
贾莫氏	1	1	0.3674	0	-0.0946	0	-0.2043
膝下	1	1	0.3674	0	-0.0946	0	-0.2043
二十岁	1	1	0.3674	0	-0.0946	0	-0.2043
十八岁	1	1	0.3674	0	-0.0946	0	-0.2043
土来	1	1	0.3674	0	-0.0946	0	-0.2043
高僧	1	1	0.3674	0	-0.0946	0	-0.2043
仰慕	1	1	0.3674	0	-0.0946	0	-0.2043
许配给	1	1	0.3674	0	-0.0946	0	-0.2043
设下	1	1	0.3674	0	-0.0946	0	-0.2043
婚嫁	1	1	0.3674	0	-0.0946	0	-0.2043
年龄	1	1	0.3674	0	-0.0946	0	-0.2043
直	1	1	0.3674	0	-0.0946	0	-0.2043
一拜	1	1	0.3674	0	-0.0946	0	-0.2043
不取	1	1	0.3674	0	-0.0946	0	-0.2043
强似	1	1	0.3674	0	-0.0946	0	-0.2043
风餐露宿	1	1	0.3674	0	-0.0946	0	-0.2043
没出息	1	1	0.3674	0	-0.0946	0	-0.2043
当真	1	1	0.3674	0	-0.0946	0	-0.2043
我若能	1	1	0.3674	0	-0.0946	0	-0.2043
这定	1	1	0.3674	0	-0.0946	0	-0.2043
夯货	1	1	0.3674	0	-0.0946	0	-0.2043
为了	1	1	0.3674	0	-0.0946	0	-0.2043
加害于	1	1	0.3674	0	-0.0946	0	-0.2043
舍己为人	1	1	0.3674	0	-0.0946	0	-0.2043
说出	1	1	0.3674	0	-0.0946	0	-0.2043
意见	1	1	0.3674	0	-0.0946	0	-0.2043
选	1	1	0.3674	0	-0.0946	0	-0.2043
点头应允	1	1	0.3674	0	-0.0946	0	-0.2043
娇小玲珑	1	1	0.3674	0	-0.0946	0	-0.2043
活泼可爱	1	1	0.3674	0	-0.0946	0	-0.2043
看中	1	1	0.3674	0	-0.0946	0	-0.2043
无兄	1	1	0.3674	0	-0.0946	0	-0.2043
无弟	1	1	0.3674	0	-0.0946	0	-0.2043
他人	1	1	0.3674	0	-0.0946	0	-0.2043
有情有义	1	1	0.3674	0	-0.0946	0	-0.2043
抱住	1	1	0.3674	0	-0.0946	0	-0.2043
大腿	1	1	0.3674	0	-0.0946	0	-0.2043
好不容易	1	1	0.3674	0	-0.0946	0	-0.2043
错过	1	1	0.3674	0	-0.0946	0	-0.2043
关上	1	1	0.3674	0	-0.0946	0	-0.2043
多大	1	1	0.3674	0	-0.0946	0	-0.2043
妾	1	1	0.3674	0	-0.0946	0	-0.2043
便来	1	1	0.3674	0	-0.0946	0	-0.2043
告诉	1	1	0.3674	0	-0.0946	0	-0.2043
大红	1	1	0.3674	0	-0.0946	0	-0.2043
嫁衣	1	1	0.3674	0	-0.0946	0	-0.2043
一张	1	1	0.3674	0	-0.0946	0	-0.2043
这便入	1	1	0.3674	0	-0.0946	0	-0.2043
去取	1	1	0.3674	0	-0.0946	0	-0.2043
房内	1	1	0.3674	0	-0.0946	0	-0.2043
桃花运	1	1	0.3674	0	-0.0946	0	-0.2043
脚步声	1	1	0.3674	0	-0.0946	0	-0.2043
放在	1	1	0.3674	0	-0.0946	0	-0.2043
床边	1	1	0.3674	0	-0.0946	0	-0.2043
正欲去	1	1	0.3674	0	-0.0946	0	-0.2043
咔嚓	1	1	0.3674	0	-0.0946	0	-0.2043
滚	1	1	0.3674	0	-0.0946	0	-0.2043
外逃	1	1	0.3674	0	-0.0946	0	-0.2043
回头一看	1	1	0.3674	0	-0.0946	0	-0.2043
羞	1	1	0.3674	0	-0.0946	0	-0.2043
笑话	1	1	0.3674	0	-0.0946	0	-0.2043
沙僧正	1	1	0.3674	0	-0.0946	0	-0.2043
四圣试	1	1	0.3674	0	-0.0946	0	-0.2043
三打	1	0	-0.2434	0	-0.0946	1	0.4257
ch18	1	0	-0.2434	0	-0.0946	1	0.4257
委屈	1	0	-0.2434	0	-0.0946	1	0.4257
一纸	1	0	-0.2434	0	-0.0946	1	0.4257
贬书	1	0	-0.2434	0	-0.0946	1	0.4257
赶回	1	0	-0.2434	0	-0.0946	1	0.4257
熟悉	1	0	-0.2434	0	-0.0946	1	0.4257
福地洞天	1	0	-0.2434	0	-0.0946	1	0.4257
往日	1	0	-0.2434	0	-0.0946	1	0.4257
归来	1	0	-0.2434	0	-0.0946	1	0.4257
满山	1	0	-0.2434	0	-0.0946	1	0.4257
猴儿	1	0	-0.2434	0	-0.0946	1	0.4257
欢呼雀跃	1	0	-0.2434	0	-0.0946	1	0.4257
美酒佳肴	1	0	-0.2434	0	-0.0946	1	0.4257
伺候	1	0	-0.2434	0	-0.0946	1	0.4257
却觉	1	0	-0.2434	0	-0.0946	1	0.4257
草木	1	0	-0.2434	0	-0.0946	1	0.4257
葱茏	1	0	-0.2434	0	-0.0946	1	0.4257
水帘洞	1	0	-0.2434	0	-0.0946	1	0.4257
口	1	0	-0.2434	0	-0.0946	1	0.4257
石座	1	0	-0.2434	0	-0.0946	1	0.4257
无意识	1	0	-0.2434	0	-0.0946	1	0.4257
摩挲	1	0	-0.2434	0	-0.0946	1	0.4257
那根	1	0	-0.2434	0	-0.0946	1	0.4257
五味杂陈	1	0	-0.2434	0	-0.0946	1	0.4257
降妖除魔	1	0	-0.2434	0	-0.0946	1	0.4257
功劳	1	0	-0.2434	0	-0.0946	1	0.4257
苦劳	1	0	-0.2434	0	-0.0946	1	0.4257
肉眼凡胎	1	0	-0.2434	0	-0.0946	1	0.4257
竟信	1	0	-0.2434	0	-0.0946	1	0.4257
谗言	1	0	-0.2434	0	-0.0946	1	0.4257
滥杀无辜	1	0	-0.2434	0	-0.0946	1	0.4257
越想	1	0	-0.2434	0	-0.0946	1	0.4257
越气	1	0	-0.2434	0	-0.0946	1	0.4257
闪烁	1	0	-0.2434	0	-0.0946	1	0.4257
恨不得	1	0	-0.2434	0	-0.0946	1	0.4257
翻	1	0	-0.2434	0	-0.0946	1	0.4257
理论	1	0	-0.2434	0	-0.0946	1	0.4257
骨气	1	0	-0.2434	0	-0.0946	1	0.4257
烦躁	1	0	-0.2434	0	-0.0946	1	0.4257
忽觉	1	0	-0.2434	0	-0.0946	1	0.4257
惨惨	1	0	-0.2434	0	-0.0946	1	0.4257
透骨	1	0	-0.2434	0	-0.0946	1	0.4257
生寒	1	0	-0.2434	0	-0.0946	1	0.4257
妖气冲天	1	0	-0.2434	0	-0.0946	1	0.4257
黑云	1	0	-0.2434	0	-0.0946	1	0.4257
压顶	1	0	-0.2434	0	-0.0946	1	0.4257
有难	1	0	-0.2434	0	-0.0946	1	0.4257
取代	1	0	-0.2434	0	-0.0946	1	0.4257
安危	1	0	-0.2434	0	-0.0946	1	0.4257
刻	1	0	-0.2434	0	-0.0946	1	0.4257
心尖	1	0	-0.2434	0	-0.0946	1	0.4257
算计	1	0	-0.2434	0	-0.0946	1	0.4257
扒	1	0	-0.2434	0	-0.0946	1	0.4257
皮	1	0	-0.2434	0	-0.0946	1	0.4257
抽	1	0	-0.2434	0	-0.0946	1	0.4257
流星赶月	1	0	-0.2434	0	-0.0946	1	0.4257
般	1	0	-0.2434	0	-0.0946	1	0.4257
朝宛子	1	0	-0.2434	0	-0.0946	1	0.4257
疾驰	1	0	-0.2434	0	-0.0946	1	0.4257
赶走	1	0	-0.2434	0	-0.0946	1	0.4257
聒噪	1	0	-0.2434	0	-0.0946	1	0.4257
起初	1	0	-0.2434	0	-0.0946	1	0.4257
还觉	1	0	-0.2434	0	-0.0946	1	0.4257
耳根清净	1	0	-0.2434	0	-0.0946	1	0.4257
远	1	0	-0.2434	0	-0.0946	1	0.4257
愈发	1	0	-0.2434	0	-0.0946	1	0.4257
艰难	1	0	-0.2434	0	-0.0946	1	0.4257
化些	1	0	-0.2434	0	-0.0946	1	0.4257
面露	1	0	-0.2434	0	-0.0946	1	0.4257
疲色	1	0	-0.2434	0	-0.0946	1	0.4257
扛着	1	0	-0.2434	0	-0.0946	1	0.4257
荒山野岭	1	0	-0.2434	0	-0.0946	1	0.4257
寻路	1	0	-0.2434	0	-0.0946	1	0.4257
滋味	1	0	-0.2434	0	-0.0946	1	0.4257
面上	1	0	-0.2434	0	-0.0946	1	0.4257
架子	1	0	-0.2434	0	-0.0946	1	0.4257
自行	1	0	-0.2434	0	-0.0946	1	0.4257
探	1	0	-0.2434	0	-0.0946	1	0.4257
探路	1	0	-0.2434	0	-0.0946	1	0.4257
野果	1	0	-0.2434	0	-0.0946	1	0.4257
撇撇嘴	1	0	-0.2434	0	-0.0946	1	0.4257
往前走	1	0	-0.2434	0	-0.0946	1	0.4257
转出	1	0	-0.2434	0	-0.0946	1	0.4257
利刃	1	0	-0.2434	0	-0.0946	1	0.4257
拦住	1	0	-0.2434	0	-0.0946	1	0.4257
呔	1	0	-0.2434	0	-0.0946	1	0.4257
买路	1	0	-0.2434	0	-0.0946	1	0.4257
财	1	0	-0.2434	0	-0.0946	1	0.4257
跌下来	1	0	-0.2434	0	-0.0946	1	0.4257
嘴上	1	0	-0.2434	0	-0.0946	1	0.4257
人多势众	1	0	-0.2434	0	-0.0946	1	0.4257
他本	1	0	-0.2434	0	-0.0946	1	0.4257
偷懒	1	0	-0.2434	0	-0.0946	1	0.4257
眼看	1	0	-0.2434	0	-0.0946	1	0.4257
支撑	1	0	-0.2434	0	-0.0946	1	0.4257
大喝	1	0	-0.2434	0	-0.0946	1	0.4257
猖狂	1	0	-0.2434	0	-0.0946	1	0.4257
擎天	1	0	-0.2434	0	-0.0946	1	0.4257
玉柱般	1	0	-0.2434	0	-0.0946	1	0.4257
脑浆	1	0	-0.2434	0	-0.0946	1	0.4257
迸裂	1	0	-0.2434	0	-0.0946	1	0.4257
惊喜交加	1	0	-0.2434	0	-0.0946	1	0.4257
杀气	1	0	-0.2434	0	-0.0946	1	0.4257
关切	1	0	-0.2434	0	-0.0946	1	0.4257
受惊	1	0	-0.2434	0	-0.0946	1	0.4257
惭愧	1	0	-0.2434	0	-0.0946	1	0.4257
虎虎生风	1	0	-0.2434	0	-0.0946	1	0.4257
片刻间	1	0	-0.2434	0	-0.0946	1	0.4257
七零八落	1	0	-0.2434	0	-0.0946	1	0.4257
之地	1	0	-0.2434	0	-0.0946	1	0.4257
竟有	1	0	-0.2434	0	-0.0946	1	0.4257
泪光	1	0	-0.2434	0	-0.0946	1	0.4257
一热	1	0	-0.2434	0	-0.0946	1	0.4257
消散	1	0	-0.2434	0	-0.0946	1	0.4257
去去就来	1	0	-0.2434	0	-0.0946	1	0.4257
得意	1	0	-0.2434	0	-0.0946	1	0.4257
囊中之物	1	0	-0.2434	0	-0.0946	1	0.4257
之事	1	0	-0.2434	0	-0.0946	1	0.4257
难成	1	0	-0.2434	0	-0.0946	1	0.4257
会会	1	0	-0.2434	0	-0.0946	1	0.4257
提了	1	0	-0.2434	0	-0.0946	1	0.4257
率众	1	0	-0.2434	0	-0.0946	1	0.4257
妖出	1	0	-0.2434	0	-0.0946	1	0.4257
等候多时	1	0	-0.2434	0	-0.0946	1	0.4257
杀机	1	0	-0.2434	0	-0.0946	1	0.4257
毕露	1	0	-0.2434	0	-0.0946	1	0.4257
定要	1	0	-0.2434	0	-0.0946	1	0.4257
管闲事	1	0	-0.2434	0	-0.0946	1	0.4257
娇喝	1	0	-0.2434	0	-0.0946	1	0.4257
双剑便	1	0	-0.2434	0	-0.0946	1	0.4257
一横	1	0	-0.2434	0	-0.0946	1	0.4257
便架	1	0	-0.2434	0	-0.0946	1	0.4257
两人战	1	0	-0.2434	0	-0.0946	1	0.4257
一时间	1	0	-0.2434	0	-0.0946	1	0.4257
碰撞	1	0	-0.2434	0	-0.0946	1	0.4257
火星	1	0	-0.2434	0	-0.0946	1	0.4257
四溅	1	0	-0.2434	0	-0.0946	1	0.4257
妖法	1	0	-0.2434	0	-0.0946	1	0.4257
节节败退	1	0	-0.2434	0	-0.0946	1	0.4257
看棒	1	0	-0.2434	0	-0.0946	1	0.4257
大喝一声	1	0	-0.2434	0	-0.0946	1	0.4257
直取	1	0	-0.2434	0	-0.0946	1	0.4257
面门	1	0	-0.2434	0	-0.0946	1	0.4257
闪身	1	0	-0.2434	0	-0.0946	1	0.4257
半拍	1	0	-0.2434	0	-0.0946	1	0.4257
扫中	1	0	-0.2434	0	-0.0946	1	0.4257
肩头	1	0	-0.2434	0	-0.0946	1	0.4257
惨叫	1	0	-0.2434	0	-0.0946	1	0.4257
死期	1	0	-0.2434	0	-0.0946	1	0.4257
雨点般	1	0	-0.2434	0	-0.0946	1	0.4257
大势已去	1	0	-0.2434	0	-0.0946	1	0.4257
布下	1	0	-0.2434	0	-0.0946	1	0.4257
天罗地网	1	0	-0.2434	0	-0.0946	1	0.4257
断喝	1	0	-0.2434	0	-0.0946	1	0.4257
正中	1	0	-0.2434	0	-0.0946	1	0.4257
天灵盖	1	0	-0.2434	0	-0.0946	1	0.4257
噗	1	0	-0.2434	0	-0.0946	1	0.4257
作对	1	0	-0.2434	0	-0.0946	1	0.4257
躬身	1	0	-0.2434	0	-0.0946	1	0.4257
已除	1	0	-0.2434	0	-0.0946	1	0.4257
可以	1	0	-0.2434	0	-0.0946	1	0.4257
复杂	1	0	-0.2434	0	-0.0946	1	0.4257
情绪	1	0	-0.2434	0	-0.0946	1	0.4257
最终	1	0	-0.2434	0	-0.0946	1	0.4257
轻声道	1	0	-0.2434	0	-0.0946	1	0.4257
挠头	1	0	-0.2434	0	-0.0946	1	0.4257
平安	1	0	-0.2434	0	-0.0946	1	0.4257
讪笑	1	0	-0.2434	0	-0.0946	1	0.4257
嘿嘿	1	0	-0.2434	0	-0.0946	1	0.4257
吓坏	1	0	-0.2434	0	-0.0946	1	0.4257
笑了笑	1	0	-0.2434	0	-0.0946	1	0.4257
安心	1	0	-0.2434	0	-0.0946	1	0.4257
眼前	1	0	-0.2434	0	-0.0946	1	0.4257
百感交集	1	0	-0.2434	0	-0.0946	1	0.4257
缺	1	0	-0.2434	0	-0.0946	1	0.4257
糊涂	1	0	-0.2434	0	-0.0946	1	0.4257
怨	1	0	-0.2434	0	-0.0946	1	0.4257
鼓起勇气	1	0	-0.2434	0	-0.0946	1	0.4257
哈哈	1	0	-0.2434	0	-0.0946	1	0.4257
心甘情愿	1	0	-0.2434	0	-0.0946	1	0.4257
些许	1	0	-0.2434	0	-0.0946	1	0.4257
误会	1	0	-0.2434	0	-0.0946	1	0.4257
算得了	1	0	-0.2434	0	-0.0946	1	0.4257
大石	1	0	-0.2434	0	-0.0946	1	0.4257
落地	1	0	-0.2434	0	-0.0946	1	0.4257
冰释	1	0	-0.2434	0	-0.0946	1	0.4257
前嫌	1	0	-0.2434	0	-0.0946	1	0.4257
再次	1	0	-0.2434	0	-0.0946	1	0.4257
似乎	1	0	-0.2434	0	-0.0946	1	0.4257
贴	1	0	-0.2434	0	-0.0946	1	0.4257
夕阳西下	1	0	-0.2434	0	-0.0946	1	0.4257
影子	1	0	-0.2434	0	-0.0946	1	0.4257
拉得	1	0	-0.2434	0	-0.0946	1	0.4257
老长	1	0	-0.2434	0	-0.0946	1	0.4257
最	1	0	-0.2434	0	-0.0946	1	0.4257
前头	1	0	-0.2434	0	-0.0946	1	0.4257
扛	1	0	-0.2434	0	-0.0946	1	0.4257
肩上	1	0	-0.2434	0	-0.0946	1	0.4257
调	1	0	-0.2434	0	-0.0946	1	0.4257
小曲	1	0	-0.2434	0	-0.0946	1	0.4257
默默无言	1	0	-0.2434	0	-0.0946	1	0.4257
坚定	1	0	-0.2434	0	-0.0946	1	0.4257
温暖	1	0	-0.2434	0	-0.0946	1	0.4257
艰险	1	0	-0.2434	0	-0.0946	1	0.4257
重重	1	0	-0.2434	0	-0.0946	1	0.4257
彼此	1	0	-0.2434	0	-0.0946	1	0.4257
无所畏惧	1	0	-0.2434	0	-0.0946	1	0.4257
路西	1	0	-0.2434	0	-0.0946	1	0.4257
不上	1	0	-0.2434	0	-0.0946	1	0.4257
声唤	1	0	-0.2434	0	-0.0946	1	0.4257
手摸	1	0	-0.2434	0	-0.0946	1	0.4257
血团	1	0	-0.2434	0	-0.0946	1	0.4257
肉块	1	0	-0.2434	0	-0.0946	1	0.4257
骨	1	0	-0.2434	0	-0.0946	1	0.4257
冗骨	1	0	-0.2434	0	-0.0946	1	0.4257
冗	1	0	-0.2434	0	-0.0946	1	0.4257
乱动	1	0	-0.2434	0	-0.0946	1	0.4257
稳便	1	0	-0.2434	0	-0.0946	1	0.4257
树梢	1	0	-0.2434	0	-0.0946	1	0.4257
草	1	0	-0.2434	0	-0.0946	1	0.4257
那厢	1	0	-0.2434	0	-0.0946	1	0.4257
酒	1	0	-0.2434	0	-0.0946	1	0.4257
他些	1	0	-0.2434	0	-0.0946	1	0.4257
讨贴	1	0	-0.2434	0	-0.0946	1	0.4257
甚喜	1	0	-0.2434	0	-0.0946	1	0.4257
纳鞋	1	0	-0.2434	0	-0.0946	1	0.4257
厉声	1	0	-0.2434	0	-0.0946	1	0.4257
高叫	1	0	-0.2434	0	-0.0946	1	0.4257
丰姿	1	0	-0.2434	0	-0.0946	1	0.4257
英伟	1	0	-0.2434	0	-0.0946	1	0.4257
相貌	1	0	-0.2434	0	-0.0946	1	0.4257
立住	1	0	-0.2434	0	-0.0946	1	0.4257
歹人	1	0	-0.2434	0	-0.0946	1	0.4257
实	1	0	-0.2434	0	-0.0946	1	0.4257
这村	1	0	-0.2434	0	-0.0946	1	0.4257
中唤	1	0	-0.2434	0	-0.0946	1	0.4257
这一国	1	0	-0.2434	0	-0.0946	1	0.4257
那水	1	0	-0.2434	0	-0.0946	1	0.4257
那条	1	0	-0.2434	0	-0.0946	1	0.4257
河唤	1	0	-0.2434	0	-0.0946	1	0.4257
做子	1	0	-0.2434	0	-0.0946	1	0.4257
登五旬	1	0	-0.2434	0	-0.0946	1	0.4257
尚且	1	0	-0.2434	0	-0.0946	1	0.4257
不曾	1	0	-0.2434	0	-0.0946	1	0.4257
嫁人	1	0	-0.2434	0	-0.0946	1	0.4257
贪嘴	1	0	-0.2434	0	-0.0946	1	0.4257
有胎	1	0	-0.2434	0	-0.0946	1	0.4257
那迎	1	0	-0.2434	0	-0.0946	1	0.4257
照一照	1	0	-0.2434	0	-0.0946	1	0.4257
生儿育女	1	0	-0.2434	0	-0.0946	1	0.4257
怎治得	1	0	-0.2434	0	-0.0946	1	0.4257
男身	1	0	-0.2434	0	-0.0946	1	0.4257
能产	1	0	-0.2434	0	-0.0946	1	0.4257
哭丧着脸	1	0	-0.2434	0	-0.0946	1	0.4257
要生	1	0	-0.2434	0	-0.0946	1	0.4257
裂个	1	0	-0.2434	0	-0.0946	1	0.4257
钻出来	1	0	-0.2434	0	-0.0946	1	0.4257
瓜熟	1	0	-0.2434	0	-0.0946	1	0.4257
自落	1	0	-0.2434	0	-0.0946	1	0.4257
时节	1	0	-0.2434	0	-0.0946	1	0.4257
下裂	1	0	-0.2434	0	-0.0946	1	0.4257
出个	1	0	-0.2434	0	-0.0946	1	0.4257
娃娃	1	0	-0.2434	0	-0.0946	1	0.4257
一说	1	0	-0.2434	0	-0.0946	1	0.4257
扭错	1	0	-0.2434	0	-0.0946	1	0.4257
养儿	1	0	-0.2434	0	-0.0946	1	0.4257
肠	1	0	-0.2434	0	-0.0946	1	0.4257
弄个	1	0	-0.2434	0	-0.0946	1	0.4257
胎前	1	0	-0.2434	0	-0.0946	1	0.4257
病	1	0	-0.2434	0	-0.0946	1	0.4257
越发	1	0	-0.2434	0	-0.0946	1	0.4257
手轻	1	0	-0.2434	0	-0.0946	1	0.4257
产婆	1	0	-0.2434	0	-0.0946	1	0.4257
预先	1	0	-0.2434	0	-0.0946	1	0.4257
半会子	1	0	-0.2434	0	-0.0946	1	0.4257
一阵阵	1	0	-0.2434	0	-0.0946	1	0.4257
地痛	1	0	-0.2434	0	-0.0946	1	0.4257
快要	1	0	-0.2434	0	-0.0946	1	0.4257
生产	1	0	-0.2434	0	-0.0946	1	0.4257
医生	1	0	-0.2434	0	-0.0946	1	0.4257
一包	1	0	-0.2434	0	-0.0946	1	0.4257
堕胎	1	0	-0.2434	0	-0.0946	1	0.4257
胎	1	0	-0.2434	0	-0.0946	1	0.4257
那婆子	1	0	-0.2434	0	-0.0946	1	0.4257
有药	1	0	-0.2434	0	-0.0946	1	0.4257
不济事	1	0	-0.2434	0	-0.0946	1	0.4257
听后	1	0	-0.2434	0	-0.0946	1	0.4257
小桥	1	0	-0.2434	0	-0.0946	1	0.4257
通	1	0	-0.2434	0	-0.0946	1	0.4257
活水	1	0	-0.2434	0	-0.0946	1	0.4257
茅舍	1	0	-0.2434	0	-0.0946	1	0.4257
倚	1	0	-0.2434	0	-0.0946	1	0.4257
青山	1	0	-0.2434	0	-0.0946	1	0.4257
村犬	1	0	-0.2434	0	-0.0946	1	0.4257
汪	1	0	-0.2434	0	-0.0946	1	0.4257
篱落	1	0	-0.2434	0	-0.0946	1	0.4257
幽人	1	0	-0.2434	0	-0.0946	1	0.4257
自往	1	0	-0.2434	0	-0.0946	1	0.4257
说明	1	0	-0.2434	0	-0.0946	1	0.4257
来意	1	0	-0.2434	0	-0.0946	1	0.4257
自称	1	0	-0.2434	0	-0.0946	1	0.4257
带来	1	0	-0.2434	0	-0.0946	1	0.4257
过路	1	0	-0.2434	0	-0.0946	1	0.4257
僧人	1	0	-0.2434	0	-0.0946	1	0.4257
傻	1	0	-0.2434	0	-0.0946	1	0.4257
山泉	1	0	-0.2434	0	-0.0946	1	0.4257
白送	1	0	-0.2434	0	-0.0946	1	0.4257
人水	1	0	-0.2434	0	-0.0946	1	0.4257
别想	1	0	-0.2434	0	-0.0946	1	0.4257
弄水	1	0	-0.2434	0	-0.0946	1	0.4257
人情	1	0	-0.2434	0	-0.0946	1	0.4257
大似	1	0	-0.2434	0	-0.0946	1	0.4257
圣旨	1	0	-0.2434	0	-0.0946	1	0.4257
必然	1	0	-0.2434	0	-0.0946	1	0.4257
个人	1	0	-0.2434	0	-0.0946	1	0.4257
情	1	0	-0.2434	0	-0.0946	1	0.4257
说不定	1	0	-0.2434	0	-0.0946	1	0.4257
连井	1	0	-0.2434	0	-0.0946	1	0.4257
送给	1	0	-0.2434	0	-0.0946	1	0.4257
通传	1	0	-0.2434	0	-0.0946	1	0.4257
战	1	0	-0.2434	0	-0.0946	1	0.4257
身法	1	0	-0.2434	0	-0.0946	1	0.4257
不济	1	0	-0.2434	0	-0.0946	1	0.4257
打倒	1	0	-0.2434	0	-0.0946	1	0.4257
报	1	0	-0.2434	0	-0.0946	1	0.4257
庵	1	0	-0.2434	0	-0.0946	1	0.4257
拆	1	0	-0.2434	0	-0.0946	1	0.4257
心慌	1	0	-0.2434	0	-0.0946	1	0.4257
入内	1	0	-0.2434	0	-0.0946	1	0.4257
少顷	1	0	-0.2434	0	-0.0946	1	0.4257
门来	1	0	-0.2434	0	-0.0946	1	0.4257
我山	1	0	-0.2434	0	-0.0946	1	0.4257
五百年	1	0	-0.2434	0	-0.0946	1	0.4257
大闹天宫	1	0	-0.2434	0	-0.0946	1	0.4257
子母河	1	0	-0.2434	0	-0.0946	1	0.4257
误饮	1	0	-0.2434	0	-0.0946	1	0.4257
求些	1	0	-0.2434	0	-0.0946	1	0.4257
之弟	1	0	-0.2434	0	-0.0946	1	0.4257
之叔	1	0	-0.2434	0	-0.0946	1	0.4257
侄儿	1	0	-0.2434	0	-0.0946	1	0.4257
我正	1	0	-0.2434	0	-0.0946	1	0.4257
没处	1	0	-0.2434	0	-0.0946	1	0.4257
报仇	1	0	-0.2434	0	-0.0946	1	0.4257
那山	1	0	-0.2434	0	-0.0946	1	0.4257
一钩	1	0	-0.2434	0	-0.0946	1	0.4257
闪入	1	0	-0.2434	0	-0.0946	1	0.4257
不然	1	0	-0.2434	0	-0.0946	1	0.4257
休想	1	0	-0.2434	0	-0.0946	1	0.4257
白	1	0	-0.2434	0	-0.0946	1	0.4257
一跃	1	0	-0.2434	0	-0.0946	1	0.4257
墙头	1	0	-0.2434	0	-0.0946	1	0.4257
跳墙	1	0	-0.2434	0	-0.0946	1	0.4257
急取	1	0	-0.2434	0	-0.0946	1	0.4257
弓箭	1	0	-0.2434	0	-0.0946	1	0.4257
来射	1	0	-0.2434	0	-0.0946	1	0.4257
绣花针儿	1	0	-0.2434	0	-0.0946	1	0.4257
藏	1	0	-0.2434	0	-0.0946	1	0.4257
耳内	1	0	-0.2434	0	-0.0946	1	0.4257
对敌	1	0	-0.2434	0	-0.0946	1	0.4257
森严	1	0	-0.2434	0	-0.0946	1	0.4257
难以	1	0	-0.2434	0	-0.0946	1	0.4257
决一死战	1	0	-0.2434	0	-0.0946	1	0.4257
提钩	1	0	-0.2434	0	-0.0946	1	0.4257
战且	1	0	-0.2434	0	-0.0946	1	0.4257
旁见机	1	0	-0.2434	0	-0.0946	1	0.4257
忙取	1	0	-0.2434	0	-0.0946	1	0.4257
潜入	1	0	-0.2434	0	-0.0946	1	0.4257
圈外	1	0	-0.2434	0	-0.0946	1	0.4257
纵云	1	0	-0.2434	0	-0.0946	1	0.4257
如获至宝	1	0	-0.2434	0	-0.0946	1	0.4257
各饮	1	0	-0.2434	0	-0.0946	1	0.4257
渐止	1	0	-0.2434	0	-0.0946	1	0.4257
平复	1	0	-0.2434	0	-0.0946	1	0.4257
行囊	1	0	-0.2434	0	-0.0946	1	0.4257
饮子	1	0	-0.2434	0	-0.0946	1	0.4257
脱灾	1	0	-0.2434	0	-0.0946	1	0.4257
迍	1	0	-0.2434	0	-0.0946	1	0.4257
续	1	0	-0.2434	0	-0.0946	1	0.4257
女官	1	0	-0.2434	0	-0.0946	1	0.4257
备好	1	0	-0.2434	0	-0.0946	1	0.4257
茶素	1	0	-0.2434	0	-0.0946	1	0.4257
果	1	0	-0.2434	0	-0.0946	1	0.4257
晶莹剔透	1	0	-0.2434	0	-0.0946	1	0.4257
背上	1	0	-0.2434	0	-0.0946	1	0.4257
处处	1	0	-0.2434	0	-0.0946	1	0.4257
蹊跷	1	0	-0.2434	0	-0.0946	1	0.4257
红印	1	0	-0.2434	0	-0.0946	1	0.4257
小气	1	0	-0.2434	0	-0.0946	1	0.4257
饥荒	1	0	-0.2434	0	-0.0946	1	0.4257
一卷	1	0	-0.2434	0	-0.0946	1	0.4257
文书	1	0	-0.2434	0	-0.0946	1	0.4257
四位	1	0	-0.2434	0	-0.0946	1	0.4257
有旨	1	0	-0.2434	0	-0.0946	1	0.4257
唐长老	1	0	-0.2434	0	-0.0946	1	0.4257
单独	1	0	-0.2434	0	-0.0946	1	0.4257
有要	1	0	-0.2434	0	-0.0946	1	0.4257
相商	1	0	-0.2434	0	-0.0946	1	0.4257
瓜葛	1	0	-0.2434	0	-0.0946	1	0.4257
笑而不答	1	0	-0.2434	0	-0.0946	1	0.4257
眼神	1	0	-0.2434	0	-0.0946	1	0.4257
桌子	1	0	-0.2434	0	-0.0946	1	0.4257
耍	1	0	-0.2434	0	-0.0946	1	0.4257
把戏	1	0	-0.2434	0	-0.0946	1	0.4257
小虫儿	1	0	-0.2434	0	-0.0946	1	0.4257
差池	1	0	-0.2434	0	-0.0946	1	0.4257
皱眉	1	0	-0.2434	0	-0.0946	1	0.4257
不可造次	1	0	-0.2434	0	-0.0946	1	0.4257
既来之	1	0	-0.2434	0	-0.0946	1	0.4257
则安之	1	0	-0.2434	0	-0.0946	1	0.4257
有分寸	1	0	-0.2434	0	-0.0946	1	0.4257
罢整	1	0	-0.2434	0	-0.0946	1	0.4257
整	1	0	-0.2434	0	-0.0946	1	0.4257
外早	1	0	-0.2434	0	-0.0946	1	0.4257
一辆	1	0	-0.2434	0	-0.0946	1	0.4257
锦车	1	0	-0.2434	0	-0.0946	1	0.4257
车帘用	1	0	-0.2434	0	-0.0946	1	0.4257
金丝	1	0	-0.2434	0	-0.0946	1	0.4257
银线	1	0	-0.2434	0	-0.0946	1	0.4257
凤凰	1	0	-0.2434	0	-0.0946	1	0.4257
牡丹	1	0	-0.2434	0	-0.0946	1	0.4257
车辕	1	0	-0.2434	0	-0.0946	1	0.4257
铜铃	1	0	-0.2434	0	-0.0946	1	0.4257
叮当作响	1	0	-0.2434	0	-0.0946	1	0.4257
坐进	1	0	-0.2434	0	-0.0946	1	0.4257
车里	1	0	-0.2434	0	-0.0946	1	0.4257
香气扑鼻	1	0	-0.2434	0	-0.0946	1	0.4257
车内	1	0	-0.2434	0	-0.0946	1	0.4257
玫瑰	1	0	-0.2434	0	-0.0946	1	0.4257
花瓣	1	0	-0.2434	0	-0.0946	1	0.4257
透过	1	0	-0.2434	0	-0.0946	1	0.4257
纱窗	1	0	-0.2434	0	-0.0946	1	0.4257
探头	1	0	-0.2434	0	-0.0946	1	0.4257
张望	1	0	-0.2434	0	-0.0946	1	0.4257
偷笑	1	0	-0.2434	0	-0.0946	1	0.4257
指指点点	1	0	-0.2434	0	-0.0946	1	0.4257
车子	1	0	-0.2434	0	-0.0946	1	0.4257
朱漆	1	0	-0.2434	0	-0.0946	1	0.4257
两侧	1	0	-0.2434	0	-0.0946	1	0.4257
立着	1	0	-0.2434	0	-0.0946	1	0.4257
两排	1	0	-0.2434	0	-0.0946	1	0.4257
女兵	1	0	-0.2434	0	-0.0946	1	0.4257
长枪	1	0	-0.2434	0	-0.0946	1	0.4257
短剑	1	0	-0.2434	0	-0.0946	1	0.4257
威风凛凛	1	0	-0.2434	0	-0.0946	1	0.4257
穿过	1	0	-0.2434	0	-0.0946	1	0.4257
大殿	1	0	-0.2434	0	-0.0946	1	0.4257
低垂	1	0	-0.2434	0	-0.0946	1	0.4257
香气	1	0	-0.2434	0	-0.0946	1	0.4257
氤氲	1	0	-0.2434	0	-0.0946	1	0.4257
端坐	1	0	-0.2434	0	-0.0946	1	0.4257
凤冠	1	0	-0.2434	0	-0.0946	1	0.4257
霞帔	1	0	-0.2434	0	-0.0946	1	0.4257
眼若	1	0	-0.2434	0	-0.0946	1	0.4257
皇帝	1	0	-0.2434	0	-0.0946	1	0.4257
之命	1	0	-0.2434	0	-0.0946	1	0.4257
前往	1	0	-0.2434	0	-0.0946	1	0.4257
梦见	1	0	-0.2434	0	-0.0946	1	0.4257
金屏生	1	0	-0.2434	0	-0.0946	1	0.4257
彩艳	1	0	-0.2434	0	-0.0946	1	0.4257
玉镜展	1	0	-0.2434	0	-0.0946	1	0.4257
到来	1	0	-0.2434	0	-0.0946	1	0.4257
天赐良缘	1	0	-0.2434	0	-0.0946	1	0.4257
开天辟地	1	0	-0.2434	0	-0.0946	1	0.4257
以来	1	0	-0.2434	0	-0.0946	1	0.4257
愿以	1	0	-0.2434	0	-0.0946	1	0.4257
永传	1	0	-0.2434	0	-0.0946	1	0.4257
帝业	1	0	-0.2434	0	-0.0946	1	0.4257
犹	1	0	-0.2434	0	-0.0946	1	0.4257
如雷轰顶	1	0	-0.2434	0	-0.0946	1	0.4257
面红耳赤	1	0	-0.2434	0	-0.0946	1	0.4257
何曾	1	0	-0.2434	0	-0.0946	1	0.4257
想过	1	0	-0.2434	0	-0.0946	1	0.4257
当下	1	0	-0.2434	0	-0.0946	1	0.4257
手足无措	1	0	-0.2434	0	-0.0946	1	0.4257
半晌	1	0	-0.2434	0	-0.0946	1	0.4257
身负	1	0	-0.2434	0	-0.0946	1	0.4257
重任	1	0	-0.2434	0	-0.0946	1	0.4257
微变	1	0	-0.2434	0	-0.0946	1	0.4257
固然	1	0	-0.2434	0	-0.0946	1	0.4257
重要	1	0	-0.2434	0	-0.0946	1	0.4257
享受	1	0	-0.2434	0	-0.0946	1	0.4257
全力支持	1	0	-0.2434	0	-0.0946	1	0.4257
修建	1	0	-0.2434	0	-0.0946	1	0.4257
寺庙	1	0	-0.2434	0	-0.0946	1	0.4257
广招	1	0	-0.2434	0	-0.0946	1	0.4257
僧众	1	0	-0.2434	0	-0.0946	1	0.4257
弘扬	1	0	-0.2434	0	-0.0946	1	0.4257
佛法	1	0	-0.2434	0	-0.0946	1	0.4257
莫慌	1	0	-0.2434	0	-0.0946	1	0.4257
孙有	1	0	-0.2434	0	-0.0946	1	0.4257
应允	1	0	-0.2434	0	-0.0946	1	0.4257
机灵	1	0	-0.2434	0	-0.0946	1	0.4257
既然如此	1	0	-0.2434	0	-0.0946	1	0.4257
厚爱	1	0	-0.2434	0	-0.0946	1	0.4257
辜负	1	0	-0.2434	0	-0.0946	1	0.4257
商议	1	0	-0.2434	0	-0.0946	1	0.4257
进宫	1	0	-0.2434	0	-0.0946	1	0.4257
领命	1	0	-0.2434	0	-0.0946	1	0.4257
美女如云	1	0	-0.2434	0	-0.0946	1	0.4257
早看	1	0	-0.2434	0	-0.0946	1	0.4257
东张西望	1	0	-0.2434	0	-0.0946	1	0.4257
姿色	1	0	-0.2434	0	-0.0946	1	0.4257
难怪	1	0	-0.2434	0	-0.0946	1	0.4257
拘束	1	0	-0.2434	0	-0.0946	1	0.4257
罢命	1	0	-0.2434	0	-0.0946	1	0.4257
山珍海味	1	0	-0.2434	0	-0.0946	1	0.4257
应有尽有	1	0	-0.2434	0	-0.0946	1	0.4257
窘迫	1	0	-0.2434	0	-0.0946	1	0.4257
抓起	1	0	-0.2434	0	-0.0946	1	0.4257
鸡腿	1	0	-0.2434	0	-0.0946	1	0.4257
啃	1	0	-0.2434	0	-0.0946	1	0.4257
含糊不清	1	0	-0.2434	0	-0.0946	1	0.4257
地说	1	0	-0.2434	0	-0.0946	1	0.4257
喝酒	1	0	-0.2434	0	-0.0946	1	0.4257
不时	1	0	-0.2434	0	-0.0946	1	0.4257
瞟向	1	0	-0.2434	0	-0.0946	1	0.4257
提起	1	0	-0.2434	0	-0.0946	1	0.4257
招亲	1	0	-0.2434	0	-0.0946	1	0.4257
反悔	1	0	-0.2434	0	-0.0946	1	0.4257
命女	1	0	-0.2434	0	-0.0946	1	0.4257
用印	1	0	-0.2434	0	-0.0946	1	0.4257
就此	1	0	-0.2434	0	-0.0946	1	0.4257
往外	1	0	-0.2434	0	-0.0946	1	0.4257
眼含	1	0	-0.2434	0	-0.0946	1	0.4257
热泪	1	0	-0.2434	0	-0.0946	1	0.4257
一去	1	0	-0.2434	0	-0.0946	1	0.4257
何时	1	0	-0.2434	0	-0.0946	1	0.4257
相见	1	0	-0.2434	0	-0.0946	1	0.4257
一国之君	1	0	-0.2434	0	-0.0946	1	0.4257
知心人	1	0	-0.2434	0	-0.0946	1	0.4257
本想	1	0	-0.2434	0	-0.0946	1	0.4257
共度	1	0	-0.2434	0	-0.0946	1	0.4257
余生	1	0	-0.2434	0	-0.0946	1	0.4257
只望	1	0	-0.2434	0	-0.0946	1	0.4257
感动	1	0	-0.2434	0	-0.0946	1	0.4257
不负	1	0	-0.2434	0	-0.0946	1	0.4257
厚望	1	0	-0.2434	0	-0.0946	1	0.4257
挣脱	1	0	-0.2434	0	-0.0946	1	0.4257
不放	1	0	-0.2434	0	-0.0946	1	0.4257
忍心	1	0	-0.2434	0	-0.0946	1	0.4257
狂风	1	0	-0.2434	0	-0.0946	1	0.4257
吹得	1	0	-0.2434	0	-0.0946	1	0.4257
烛火	1	0	-0.2434	0	-0.0946	1	0.4257
乱响	1	0	-0.2434	0	-0.0946	1	0.4257
黑影	1	0	-0.2434	0	-0.0946	1	0.4257
瘫倒	1	0	-0.2434	0	-0.0946	1	0.4257
何方	1	0	-0.2434	0	-0.0946	1	0.4257
捣乱	1	0	-0.2434	0	-0.0946	1	0.4257
反应	1	0	-0.2434	0	-0.0946	1	0.4257
空战	1	0	-0.2434	0	-0.0946	1	0.4257
不分胜负	1	0	-0.2434	0	-0.0946	1	0.4257
快来助	1	0	-0.2434	0	-0.0946	1	0.4257
腿软	1	0	-0.2434	0	-0.0946	1	0.4257
硬着头皮	1	0	-0.2434	0	-0.0946	1	0.4257
这次	1	0	-0.2434	0	-0.0946	1	0.4257
直叫	1	0	-0.2434	0	-0.0946	1	0.4257
杖	1	0	-0.2434	0	-0.0946	1	0.4257
七十二变	1	0	-0.2434	0	-0.0946	1	0.4257
大鹏鸟	1	0	-0.2434	0	-0.0946	1	0.4257
躲闪	1	0	-0.2434	0	-0.0946	1	0.4257
抓住机会	1	0	-0.2434	0	-0.0946	1	0.4257
脑袋	1	0	-0.2434	0	-0.0946	1	0.4257
鹤唳	1	0	-0.2434	0	-0.0946	1	0.4257
派来	1	0	-0.2434	0	-0.0946	1	0.4257
精叫	1	0	-0.2434	0	-0.0946	1	0.4257
已死	1	0	-0.2434	0	-0.0946	1	0.4257
官笑	1	0	-0.2434	0	-0.0946	1	0.4257
迎上来	1	0	-0.2434	0	-0.0946	1	0.4257
松	1	0	-0.2434	0	-0.0946	1	0.4257
城	1	0	-0.2434	0	-0.0946	1	0.4257
送到	1	0	-0.2434	0	-0.0946	1	0.4257
城门口	1	0	-0.2434	0	-0.0946	1	0.4257
唐僧合	1	0	-0.2434	0	-0.0946	1	0.4257
十道	1	0	-0.2434	0	-0.0946	1	0.4257
不舍	1	0	-0.2434	0	-0.0946	1	0.4257
喃喃	1	0	-0.2434	0	-0.0946	1	0.4257
来世	1	0	-0.2434	0	-0.0946	1	0.4257
定当	1	0	-0.2434	0	-0.0946	1	0.4257
再续	1	0	-0.2434	0	-0.0946	1	0.4257
前缘	1	0	-0.2434	0	-0.0946	1	0.4257
贪吃懒做	1	0	-0.2434	0	-0.0946	1	0.4257
此次	1	0	-0.2434	0	-0.0946	1	0.4257
全靠	1	0	-0.2434	0	-0.0946	1	0.4257
感激不尽	1	0	-0.2434	0	-0.0946	1	0.4257
应该	1	0	-0.2434	0	-0.0946	1	0.4257
痴情	1	0	-0.2434	0	-0.0946	1	0.4257
感慨	1	0	-0.2434	0	-0.0946	1	0.4257
日子	1	0	-0.2434	0	-0.0946	1	0.4257
故事	1	0	-0.2434	0	-0.0946	1	0.4257
却成	1	0	-0.2434	0	-0.0946	1	0.4257
一段	1	0	-0.2434	0	-0.0946	1	0.4257
佳话	1	0	-0.2434	0	-0.0946	1	0.4257
锦绣	1	0	-0.2434	0	-0.0946	1	0.4257
娇容	1	0	-0.2434	0	-0.0946	1	0.4257
金珠	1	0	-0.2434	0	-0.0946	1	0.4257
肌香肤	1	0	-0.2434	0	-0.0946	1	0.4257
腻	1	0	-0.2434	0	-0.0946	1	0.4257
软玉温香	1	0	-0.2434	0	-0.0946	1	0.4257
弱柳扶风	1	0	-0.2434	0	-0.0946	1	0.4257
眉黛	1	0	-0.2434	0	-0.0946	1	0.4257
月初	1	0	-0.2434	0	-0.0946	1	0.4257
升	1	0	-0.2434	0	-0.0946	1	0.4257
斜插	1	0	-0.2434	0	-0.0946	1	0.4257
金钗	1	0	-0.2434	0	-0.0946	1	0.4257
轻披	1	0	-0.2434	0	-0.0946	1	0.4257
罗绮	1	0	-0.2434	0	-0.0946	1	0.4257
倾国	1	0	-0.2434	0	-0.0946	1	0.4257
色	1	0	-0.2434	0	-0.0946	1	0.4257
窈窕	1	0	-0.2434	0	-0.0946	1	0.4257
人心	1	0	-0.2434	0	-0.0946	1	0.4257
花蕊	1	0	-0.2434	0	-0.0946	1	0.4257
笑语	1	0	-0.2434	0	-0.0946	1	0.4257
虽不比	1	0	-0.2434	0	-0.0946	1	0.4257
乐	1	0	-0.2434	0	-0.0946	1	0.4257
双目	1	0	-0.2434	0	-0.0946	1	0.4257
面皮	1	0	-0.2434	0	-0.0946	1	0.4257
蜡黄	1	0	-0.2434	0	-0.0946	1	0.4257
显是	1	0	-0.2434	0	-0.0946	1	0.4257
毒气	1	0	-0.2434	0	-0.0946	1	0.4257
惊慌	1	0	-0.2434	0	-0.0946	1	0.4257
袖中	1	0	-0.2434	0	-0.0946	1	0.4257
架住	1	0	-0.2434	0	-0.0946	1	0.4257
前斗	1	0	-0.2434	0	-0.0946	1	0.4257
斗不过	1	0	-0.2434	0	-0.0946	1	0.4257
喷出	1	0	-0.2434	0	-0.0946	1	0.4257
浓烟	1	0	-0.2434	0	-0.0946	1	0.4257
中之事	1	0	-0.2434	0	-0.0946	1	0.4257
乱筑	1	0	-0.2434	0	-0.0946	1	0.4257
提叉	1	0	-0.2434	0	-0.0946	1	0.4257
好个	1	0	-0.2434	0	-0.0946	1	0.4257
打坏	1	0	-0.2434	0	-0.0946	1	0.4257
门户	1	0	-0.2434	0	-0.0946	1	0.4257
挺叉	1	0	-0.2434	0	-0.0946	1	0.4257
抡	1	0	-0.2434	0	-0.0946	1	0.4257
左右夹攻	1	0	-0.2434	0	-0.0946	1	0.4257
斗经	1	0	-0.2434	0	-0.0946	1	0.4257
五七个	1	0	-0.2434	0	-0.0946	1	0.4257
肯舍	1	0	-0.2434	0	-0.0946	1	0.4257
追得	1	0	-0.2434	0	-0.0946	1	0.4257
一扭	1	0	-0.2434	0	-0.0946	1	0.4257
金光灿灿	1	0	-0.2434	0	-0.0946	1	0.4257
望行者	1	0	-0.2434	0	-0.0946	1	0.4257
额上	1	0	-0.2434	0	-0.0946	1	0.4257
剧痛	1	0	-0.2434	0	-0.0946	1	0.4257
苦	1	0	-0.2434	0	-0.0946	1	0.4257
前乱筑	1	0	-0.2434	0	-0.0946	1	0.4257
紫	1	0	-0.2434	0	-0.0946	1	0.4257
茄子	1	0	-0.2434	0	-0.0946	1	0.4257
败	1	0	-0.2434	0	-0.0946	1	0.4257
恋战	1	0	-0.2434	0	-0.0946	1	0.4257
护着	1	0	-0.2434	0	-0.0946	1	0.4257
得胜	1	0	-0.2434	0	-0.0946	1	0.4257
回洞	1	0	-0.2434	0	-0.0946	1	0.4257
石上	1	0	-0.2434	0	-0.0946	1	0.4257
口齿不清	1	0	-0.2434	0	-0.0946	1	0.4257
扎得	1	0	-0.2434	0	-0.0946	1	0.4257
一夜	1	0	-0.2434	0	-0.0946	1	0.4257
虽消	1	0	-0.2434	0	-0.0946	1	0.4257
感麻痒	1	0	-0.2434	0	-0.0946	1	0.4257
老高	1	0	-0.2434	0	-0.0946	1	0.4257
愁闷	1	0	-0.2434	0	-0.0946	1	0.4257
老妈妈	1	0	-0.2434	0	-0.0946	1	0.4257
青	1	0	-0.2434	0	-0.0946	1	0.4257
竹篮	1	0	-0.2434	0	-0.0946	1	0.4257
挑菜	1	0	-0.2434	0	-0.0946	1	0.4257
化身	1	0	-0.2434	0	-0.0946	1	0.4257
身下	1	0	-0.2434	0	-0.0946	1	0.4257
稽首	1	0	-0.2434	0	-0.0946	1	0.4257
生成	1	0	-0.2434	0	-0.0946	1	0.4257
钳脚	1	0	-0.2434	0	-0.0946	1	0.4257
扎人	1	0	-0.2434	0	-0.0946	1	0.4257
痛者	1	0	-0.2434	0	-0.0946	1	0.4257
尾	1	0	-0.2434	0	-0.0946	1	0.4257
雷音寺	1	0	-0.2434	0	-0.0946	1	0.4257
听佛	1	0	-0.2434	0	-0.0946	1	0.4257
谈经	1	0	-0.2434	0	-0.0946	1	0.4257
不合	1	0	-0.2434	0	-0.0946	1	0.4257
手推	1	0	-0.2434	0	-0.0946	1	0.4257
转过	1	0	-0.2434	0	-0.0946	1	0.4257
中拇指	1	0	-0.2434	0	-0.0946	1	0.4257
明	1	0	-0.2434	0	-0.0946	1	0.4257
若要	1	0	-0.2434	0	-0.0946	1	0.4257
救得	1	0	-0.2434	0	-0.0946	1	0.4257
除	1	0	-0.2434	0	-0.0946	1	0.4257
别告	1	0	-0.2434	0	-0.0946	1	0.4257
方好	1	0	-0.2434	0	-0.0946	1	0.4257
方	1	0	-0.2434	0	-0.0946	1	0.4257
才然	1	0	-0.2434	0	-0.0946	1	0.4257
我告	1	0	-0.2434	0	-0.0946	1	0.4257
老孙去	1	0	-0.2434	0	-0.0946	1	0.4257
问星官	1	0	-0.2434	0	-0.0946	1	0.4257
止疼	1	0	-0.2434	0	-0.0946	1	0.4257
药饵	1	0	-0.2434	0	-0.0946	1	0.4257
不须	1	0	-0.2434	0	-0.0946	1	0.4257
用药	1	0	-0.2434	0	-0.0946	1	0.4257
只似	1	0	-0.2434	0	-0.0946	1	0.4257
过夜	1	0	-0.2434	0	-0.0946	1	0.4257
烦叙	1	0	-0.2434	0	-0.0946	1	0.4257
快早	1	0	-0.2434	0	-0.0946	1	0.4257
增长	1	0	-0.2434	0	-0.0946	1	0.4257
天王	1	0	-0.2434	0	-0.0946	1	0.4257
当面	1	0	-0.2434	0	-0.0946	1	0.4257
路遇	1	0	-0.2434	0	-0.0946	1	0.4257
魔障	1	0	-0.2434	0	-0.0946	1	0.4257
缠身	1	0	-0.2434	0	-0.0946	1	0.4257
宫见	1	0	-0.2434	0	-0.0946	1	0.4257
走走	1	0	-0.2434	0	-0.0946	1	0.4257
陶	1	0	-0.2434	0	-0.0946	1	0.4257
邓四	1	0	-0.2434	0	-0.0946	1	0.4257
大元帅	1	0	-0.2434	0	-0.0946	1	0.4257
问何	1	0	-0.2434	0	-0.0946	1	0.4257
官去	1	0	-0.2434	0	-0.0946	1	0.4257
救师	1	0	-0.2434	0	-0.0946	1	0.4257
元帅	1	0	-0.2434	0	-0.0946	1	0.4257
今早	1	0	-0.2434	0	-0.0946	1	0.4257
巡札去	1	0	-0.2434	0	-0.0946	1	0.4257
辛天	1	0	-0.2434	0	-0.0946	1	0.4257
小将	1	0	-0.2434	0	-0.0946	1	0.4257
同下	1	0	-0.2434	0	-0.0946	1	0.4257
斗牛宫	1	0	-0.2434	0	-0.0946	1	0.4257
陶天	1	0	-0.2434	0	-0.0946	1	0.4257
如未	1	0	-0.2434	0	-0.0946	1	0.4257
即别	1	0	-0.2434	0	-0.0946	1	0.4257
宫门	1	0	-0.2434	0	-0.0946	1	0.4257
首	1	0	-0.2434	0	-0.0946	1	0.4257
果是	1	0	-0.2434	0	-0.0946	1	0.4257
复	1	0	-0.2434	0	-0.0946	1	0.4257
一行	1	0	-0.2434	0	-0.0946	1	0.4257
摆列	1	0	-0.2434	0	-0.0946	1	0.4257
驾朝衣	1	0	-0.2434	0	-0.0946	1	0.4257
金缕	1	0	-0.2434	0	-0.0946	1	0.4257
冠簪	1	0	-0.2434	0	-0.0946	1	0.4257
五岳	1	0	-0.2434	0	-0.0946	1	0.4257
金	1	0	-0.2434	0	-0.0946	1	0.4257
光彩	1	0	-0.2434	0	-0.0946	1	0.4257
笏	1	0	-0.2434	0	-0.0946	1	0.4257
执	1	0	-0.2434	0	-0.0946	1	0.4257
山河	1	0	-0.2434	0	-0.0946	1	0.4257
玉色	1	0	-0.2434	0	-0.0946	1	0.4257
琼	1	0	-0.2434	0	-0.0946	1	0.4257
袍	1	0	-0.2434	0	-0.0946	1	0.4257
星云	1	0	-0.2434	0	-0.0946	1	0.4257
叆	1	0	-0.2434	0	-0.0946	1	0.4257
叇	1	0	-0.2434	0	-0.0946	1	0.4257
腰围	1	0	-0.2434	0	-0.0946	1	0.4257
八极	1	0	-0.2434	0	-0.0946	1	0.4257
宝环明	1	0	-0.2434	0	-0.0946	1	0.4257
叮当	1	0	-0.2434	0	-0.0946	1	0.4257
佩响	1	0	-0.2434	0	-0.0946	1	0.4257
敲韵	1	0	-0.2434	0	-0.0946	1	0.4257
风声	1	0	-0.2434	0	-0.0946	1	0.4257
似摆铃	1	0	-0.2434	0	-0.0946	1	0.4257
翠	1	0	-0.2434	0	-0.0946	1	0.4257
羽扇	1	0	-0.2434	0	-0.0946	1	0.4257
开来	1	0	-0.2434	0	-0.0946	1	0.4257
天香飘袭	1	0	-0.2434	0	-0.0946	1	0.4257
门庭	1	0	-0.2434	0	-0.0946	1	0.4257
宫外	1	0	-0.2434	0	-0.0946	1	0.4257
报道	1	0	-0.2434	0	-0.0946	1	0.4257
主公	1	0	-0.2434	0	-0.0946	1	0.4257
敛	1	0	-0.2434	0	-0.0946	1	0.4257
云雾	1	0	-0.2434	0	-0.0946	1	0.4257
整束	1	0	-0.2434	0	-0.0946	1	0.4257
朝衣	1	0	-0.2434	0	-0.0946	1	0.4257
执事	1	0	-0.2434	0	-0.0946	1	0.4257
分开	1	0	-0.2434	0	-0.0946	1	0.4257
专来	1	0	-0.2434	0	-0.0946	1	0.4257
拜烦	1	0	-0.2434	0	-0.0946	1	0.4257
一难	1	0	-0.2434	0	-0.0946	1	0.4257
何难	1	0	-0.2434	0	-0.0946	1	0.4257
地方	1	0	-0.2434	0	-0.0946	1	0.4257
那山洞	1	0	-0.2434	0	-0.0946	1	0.4257
适才	1	0	-0.2434	0	-0.0946	1	0.4257
显化	1	0	-0.2434	0	-0.0946	1	0.4257
特举	1	0	-0.2434	0	-0.0946	1	0.4257
先生	1	0	-0.2434	0	-0.0946	1	0.4257
方能治得	1	0	-0.2434	0	-0.0946	1	0.4257
因此	1	0	-0.2434	0	-0.0946	1	0.4257
本欲	1	0	-0.2434	0	-0.0946	1	0.4257
回奏	1	0	-0.2434	0	-0.0946	1	0.4257
奈	1	0	-0.2434	0	-0.0946	1	0.4257
感	1	0	-0.2434	0	-0.0946	1	0.4257
举荐	1	0	-0.2434	0	-0.0946	1	0.4257
迟误	1	0	-0.2434	0	-0.0946	1	0.4257
请献茶	1	0	-0.2434	0	-0.0946	1	0.4257
来回	1	0	-0.2434	0	-0.0946	1	0.4257
旨	1	0	-0.2434	0	-0.0946	1	0.4257
即同	1	0	-0.2434	0	-0.0946	1	0.4257
出东	1	0	-0.2434	0	-0.0946	1	0.4257
望见	1	0	-0.2434	0	-0.0946	1	0.4257
不远	1	0	-0.2434	0	-0.0946	1	0.4257
指道	1	0	-0.2434	0	-0.0946	1	0.4257
此山	1	0	-0.2434	0	-0.0946	1	0.4257
请得星	1	0	-0.2434	0	-0.0946	1	0.4257
有病	1	0	-0.2434	0	-0.0946	1	0.4257
身	1	0	-0.2434	0	-0.0946	1	0.4257
修行	1	0	-0.2434	0	-0.0946	1	0.4257
何病	1	0	-0.2434	0	-0.0946	1	0.4257
早间	1	0	-0.2434	0	-0.0946	1	0.4257
交战	1	0	-0.2434	0	-0.0946	1	0.4257
至今	1	0	-0.2434	0	-0.0946	1	0.4257
千万	1	0	-0.2434	0	-0.0946	1	0.4257
手把	1	0	-0.2434	0	-0.0946	1	0.4257
下拜道	1	0	-0.2434	0	-0.0946	1	0.4257
烦星官	1	0	-0.2434	0	-0.0946	1	0.4257
摸摸	1	0	-0.2434	0	-0.0946	1	0.4257
未遭	1	0	-0.2434	0	-0.0946	1	0.4257
何为	1	0	-0.2434	0	-0.0946	1	0.4257
遭过	1	0	-0.2434	0	-0.0946	1	0.4257
麻痒	1	0	-0.2434	0	-0.0946	1	0.4257
只恐	1	0	-0.2434	0	-0.0946	1	0.4257
天阴	1	0	-0.2434	0	-0.0946	1	0.4257
烦	1	0	-0.2434	0	-0.0946	1	0.4257
解	1	0	-0.2434	0	-0.0946	1	0.4257
余毒	1	0	-0.2434	0	-0.0946	1	0.4257
不麻不痒	1	0	-0.2434	0	-0.0946	1	0.4257
乱骂	1	0	-0.2434	0	-0.0946	1	0.4257
手似	1	0	-0.2434	0	-0.0946	1	0.4257
捞	1	0	-0.2434	0	-0.0946	1	0.4257
垒	1	0	-0.2434	0	-0.0946	1	0.4257
石块	1	0	-0.2434	0	-0.0946	1	0.4257
爬开	1	0	-0.2434	0	-0.0946	1	0.4257
闯至	1	0	-0.2434	0	-0.0946	1	0.4257
一层	1	0	-0.2434	0	-0.0946	1	0.4257
那门里	1	0	-0.2434	0	-0.0946	1	0.4257
飞报	1	0	-0.2434	0	-0.0946	1	0.4257
二层	1	0	-0.2434	0	-0.0946	1	0.4257
正教	1	0	-0.2434	0	-0.0946	1	0.4257
解放	1	0	-0.2434	0	-0.0946	1	0.4257
讨素	1	0	-0.2434	0	-0.0946	1	0.4257
即便	1	0	-0.2434	0	-0.0946	1	0.4257
轮叉来	1	0	-0.2434	0	-0.0946	1	0.4257
迎架	1	0	-0.2434	0	-0.0946	1	0.4257
赶至	1	0	-0.2434	0	-0.0946	1	0.4257
下毒手	1	0	-0.2434	0	-0.0946	1	0.4257
识	1	0	-0.2434	0	-0.0946	1	0.4257
方法	1	0	-0.2434	0	-0.0946	1	0.4257
赶过	1	0	-0.2434	0	-0.0946	1	0.4257
何在	1	0	-0.2434	0	-0.0946	1	0.4257
为证	1	0	-0.2434	0	-0.0946	1	0.4257
曰	1	0	-0.2434	0	-0.0946	1	0.4257
花冠	1	0	-0.2434	0	-0.0946	1	0.4257
颈	1	0	-0.2434	0	-0.0946	1	0.4257
团缨	1	0	-0.2434	0	-0.0946	1	0.4257
爪	1	0	-0.2434	0	-0.0946	1	0.4257
距长	1	0	-0.2434	0	-0.0946	1	0.4257
目怒睛	1	0	-0.2434	0	-0.0946	1	0.4257
踊跃	1	0	-0.2434	0	-0.0946	1	0.4257
雄威	1	0	-0.2434	0	-0.0946	1	0.4257
五德	1	0	-0.2434	0	-0.0946	1	0.4257
峥嵘	1	0	-0.2434	0	-0.0946	1	0.4257
壮势	1	0	-0.2434	0	-0.0946	1	0.4257
羡三鸣	1	0	-0.2434	0	-0.0946	1	0.4257
如凡	1	0	-0.2434	0	-0.0946	1	0.4257
鸟啼	1	0	-0.2434	0	-0.0946	1	0.4257
天星	1	0	-0.2434	0	-0.0946	1	0.4257
名	1	0	-0.2434	0	-0.0946	1	0.4257
毒蝎	1	0	-0.2434	0	-0.0946	1	0.4257
修人	1	0	-0.2434	0	-0.0946	1	0.4257
道行	1	0	-0.2434	0	-0.0946	1	0.4257
还原	1	0	-0.2434	0	-0.0946	1	0.4257
返本见	1	0	-0.2434	0	-0.0946	1	0.4257
真形	1	0	-0.2434	0	-0.0946	1	0.4257
胸	1	0	-0.2434	0	-0.0946	1	0.4257
背道	1	0	-0.2434	0	-0.0946	1	0.4257
今番	1	0	-0.2434	0	-0.0946	1	0.4257
使不得	1	0	-0.2434	0	-0.0946	1	0.4257
那怪动	1	0	-0.2434	0	-0.0946	1	0.4257
不动	1	0	-0.2434	0	-0.0946	1	0.4257
捣作	1	0	-0.2434	0	-0.0946	1	0.4257
烂酱	1	0	-0.2434	0	-0.0946	1	0.4257
复聚	1	0	-0.2434	0	-0.0946	1	0.4257
朝天	1	0	-0.2434	0	-0.0946	1	0.4257
拱	1	0	-0.2434	0	-0.0946	1	0.4257
谢道	1	0	-0.2434	0	-0.0946	1	0.4257
改日	1	0	-0.2434	0	-0.0946	1	0.4257
赴	1	0	-0.2434	0	-0.0946	1	0.4257
宫拜酬	1	0	-0.2434	0	-0.0946	1	0.4257
进洞	1	0	-0.2434	0	-0.0946	1	0.4257
摄来	1	0	-0.2434	0	-0.0946	1	0.4257
房里	1	0	-0.2434	0	-0.0946	1	0.4257
哭	1	0	-0.2434	0	-0.0946	1	0.4257
遂入	1	0	-0.2434	0	-0.0946	1	0.4257
众齐来	1	0	-0.2434	0	-0.0946	1	0.4257
累及	1	0	-0.2434	0	-0.0946	1	0.4257
母蝎子	1	0	-0.2434	0	-0.0946	1	0.4257
天宫	1	0	-0.2434	0	-0.0946	1	0.4257
下降	1	0	-0.2434	0	-0.0946	1	0.4257
方敢	1	0	-0.2434	0	-0.0946	1	0.4257
深入	1	0	-0.2434	0	-0.0946	1	0.4257
于	1	0	-0.2434	0	-0.0946	1	0.4257
面	1	0	-0.2434	0	-0.0946	1	0.4257
唐僧谢	1	0	-0.2434	0	-0.0946	1	0.4257
不尽	1	0	-0.2434	0	-0.0946	1	0.4257
素米	1	0	-0.2434	0	-0.0946	1	0.4257
素面	1	0	-0.2434	0	-0.0946	1	0.4257
饮食	1	0	-0.2434	0	-0.0946	1	0.4257
将来	1	0	-0.2434	0	-0.0946	1	0.4257
下山	1	0	-0.2434	0	-0.0946	1	0.4257
回家	1	0	-0.2434	0	-0.0946	1	0.4257
点上	1	0	-0.2434	0	-0.0946	1	0.4257
几间	1	0	-0.2434	0	-0.0946	1	0.4257
房宇	1	0	-0.2434	0	-0.0946	1	0.4257
找寻	1	0	-0.2434	0	-0.0946	1	0.4257
大路	1	0	-0.2434	0	-0.0946	1	0.4257
割断	1	0	-0.2434	0	-0.0946	1	0.4257
尘缘	1	0	-0.2434	0	-0.0946	1	0.4257
推干	1	0	-0.2434	0	-0.0946	1	0.4257
金海	1	0	-0.2434	0	-0.0946	1	0.4257
几时	1	0	-0.2434	0	-0.0946	1	0.4257
朱紫国	1	0	-0.2434	0	-0.0946	1	0.4257
整顿	1	0	-0.2434	0	-0.0946	1	0.4257
鞍马	1	0	-0.2434	0	-0.0946	1	0.4257
行经	1	0	-0.2434	0	-0.0946	1	0.4257
无数	1	0	-0.2434	0	-0.0946	1	0.4257
山脉	1	0	-0.2434	0	-0.0946	1	0.4257
历尽	1	0	-0.2434	0	-0.0946	1	0.4257
无穷	1	0	-0.2434	0	-0.0946	1	0.4257
水道	1	0	-0.2434	0	-0.0946	1	0.4257
秋去冬	1	0	-0.2434	0	-0.0946	1	0.4257
残	1	0	-0.2434	0	-0.0946	1	0.4257
又值	1	0	-0.2434	0	-0.0946	1	0.4257
正边	1	0	-0.2434	0	-0.0946	1	0.4257
边观	1	0	-0.2434	0	-0.0946	1	0.4257
景色	1	0	-0.2434	0	-0.0946	1	0.4257
庵林	1	0	-0.2434	0	-0.0946	1	0.4257
大家	1	0	-0.2434	0	-0.0946	1	0.4257
俗语	1	0	-0.2434	0	-0.0946	1	0.4257
终身	1	0	-0.2434	0	-0.0946	1	0.4257
为父	1	0	-0.2434	0	-0.0946	1	0.4257
高坐	1	0	-0.2434	0	-0.0946	1	0.4257
弄饭	1	0	-0.2434	0	-0.0946	1	0.4257
之理	1	0	-0.2434	0	-0.0946	1	0.4257
平日	1	0	-0.2434	0	-0.0946	1	0.4257
无尽	1	0	-0.2434	0	-0.0946	1	0.4257
路程	1	0	-0.2434	0	-0.0946	1	0.4257
很近	1	0	-0.2434	0	-0.0946	1	0.4257
外出	1	0	-0.2434	0	-0.0946	1	0.4257
儿苦	1	0	-0.2434	0	-0.0946	1	0.4257
父辈	1	0	-0.2434	0	-0.0946	1	0.4257
古书	1	0	-0.2434	0	-0.0946	1	0.4257
服其劳	1	0	-0.2434	0	-0.0946	1	0.4257
天气晴朗	1	0	-0.2434	0	-0.0946	1	0.4257
离得	1	0	-0.2434	0	-0.0946	1	0.4257
沙僧笑	1	0	-0.2434	0	-0.0946	1	0.4257
睥气	1	0	-0.2434	0	-0.0946	1	0.4257
既然	1	0	-0.2434	0	-0.0946	1	0.4257
就让	1	0	-0.2434	0	-0.0946	1	0.4257
依言	1	0	-0.2434	0	-0.0946	1	0.4257
开步	1	0	-0.2434	0	-0.0946	1	0.4257
那庄前	1	0	-0.2434	0	-0.0946	1	0.4257
座	1	0	-0.2434	0	-0.0946	1	0.4257
住场	1	0	-0.2434	0	-0.0946	1	0.4257
潺潺流水	1	0	-0.2434	0	-0.0946	1	0.4257
接长溪	1	0	-0.2434	0	-0.0946	1	0.4257
聒聒	1	0	-0.2434	0	-0.0946	1	0.4257
幽禽	1	0	-0.2434	0	-0.0946	1	0.4257
鸣远	1	0	-0.2434	0	-0.0946	1	0.4257
岱	1	0	-0.2434	0	-0.0946	1	0.4257
桥	1	0	-0.2434	0	-0.0946	1	0.4257
有数	1	0	-0.2434	0	-0.0946	1	0.4257
椽	1	0	-0.2434	0	-0.0946	1	0.4257
清清	1	0	-0.2434	0	-0.0946	1	0.4257
雅雅	1	0	-0.2434	0	-0.0946	1	0.4257
若仙庵	1	0	-0.2434	0	-0.0946	1	0.4257
蓬窗	1	0	-0.2434	0	-0.0946	1	0.4257
白白	1	0	-0.2434	0	-0.0946	1	0.4257
道院	1	0	-0.2434	0	-0.0946	1	0.4257
窗前	1	0	-0.2434	0	-0.0946	1	0.4257
刺凤	1	0	-0.2434	0	-0.0946	1	0.4257
描鸾	1	0	-0.2434	0	-0.0946	1	0.4257
做针线	1	0	-0.2434	0	-0.0946	1	0.4257
男儿	1	0	-0.2434	0	-0.0946	1	0.4257
立定	1	0	-0.2434	0	-0.0946	1	0.4257
闪	1	0	-0.2434	0	-0.0946	1	0.4257
乔林	1	0	-0.2434	0	-0.0946	1	0.4257
闺心	1	0	-0.2434	0	-0.0946	1	0.4257
坚似	1	0	-0.2434	0	-0.0946	1	0.4257
石	1	0	-0.2434	0	-0.0946	1	0.4257
兰性	1	0	-0.2434	0	-0.0946	1	0.4257
如春	1	0	-0.2434	0	-0.0946	1	0.4257
娇脸	1	0	-0.2434	0	-0.0946	1	0.4257
红霞	1	0	-0.2434	0	-0.0946	1	0.4257
衬	1	0	-0.2434	0	-0.0946	1	0.4257
朱唇	1	0	-0.2434	0	-0.0946	1	0.4257
绛	1	0	-0.2434	0	-0.0946	1	0.4257
脂匀	1	0	-0.2434	0	-0.0946	1	0.4257
横月	1	0	-0.2434	0	-0.0946	1	0.4257
蝉	1	0	-0.2434	0	-0.0946	1	0.4257
鬓	1	0	-0.2434	0	-0.0946	1	0.4257
若到	1	0	-0.2434	0	-0.0946	1	0.4257
花间	1	0	-0.2434	0	-0.0946	1	0.4257
游蜂错	1	0	-0.2434	0	-0.0946	1	0.4257
认真	1	0	-0.2434	0	-0.0946	1	0.4257
少停	1	0	-0.2434	0	-0.0946	1	0.4257
一发	1	0	-0.2434	0	-0.0946	1	0.4257
鸡犬	1	0	-0.2434	0	-0.0946	1	0.4257
无声	1	0	-0.2434	0	-0.0946	1	0.4257
自家	1	0	-0.2434	0	-0.0946	1	0.4257
思虑	1	0	-0.2434	0	-0.0946	1	0.4257
没本事	1	0	-0.2434	0	-0.0946	1	0.4257
化顿	1	0	-0.2434	0	-0.0946	1	0.4257
化不出	1	0	-0.2434	0	-0.0946	1	0.4257
为徒	1	0	-0.2434	0	-0.0946	1	0.4257
没计奈何	1	0	-0.2434	0	-0.0946	1	0.4257
趋步	1	0	-0.2434	0	-0.0946	1	0.4257
上桥	1	0	-0.2434	0	-0.0946	1	0.4257
几步	1	0	-0.2434	0	-0.0946	1	0.4257
木香	1	0	-0.2434	0	-0.0946	1	0.4257
气球	1	0	-0.2434	0	-0.0946	1	0.4257
比	1	0	-0.2434	0	-0.0946	1	0.4257
不同	1	0	-0.2434	0	-0.0946	1	0.4257
低笼	1	0	-0.2434	0	-0.0946	1	0.4257
玉笋	1	0	-0.2434	0	-0.0946	1	0.4257
金莲	1	0	-0.2434	0	-0.0946	1	0.4257
窄窄	1	0	-0.2434	0	-0.0946	1	0.4257
形容	1	0	-0.2434	0	-0.0946	1	0.4257
体势	1	0	-0.2434	0	-0.0946	1	0.4257
脚跟	1	0	-0.2434	0	-0.0946	1	0.4257
千样	1	0	-0.2434	0	-0.0946	1	0.4257
拿头	1	0	-0.2434	0	-0.0946	1	0.4257
过论	1	0	-0.2434	0	-0.0946	1	0.4257
高低	1	0	-0.2434	0	-0.0946	1	0.4257
张泛	1	0	-0.2434	0	-0.0946	1	0.4257
送来	1	0	-0.2434	0	-0.0946	1	0.4257
真	1	0	-0.2434	0	-0.0946	1	0.4257
楷	1	0	-0.2434	0	-0.0946	1	0.4257
出墙	1	0	-0.2434	0	-0.0946	1	0.4257
翻成	1	0	-0.2434	0	-0.0946	1	0.4257
过海	1	0	-0.2434	0	-0.0946	1	0.4257
轻接	1	0	-0.2434	0	-0.0946	1	0.4257
单枪	1	0	-0.2434	0	-0.0946	1	0.4257
拐	1	0	-0.2434	0	-0.0946	1	0.4257
佛头	1	0	-0.2434	0	-0.0946	1	0.4257
实捏来	1	0	-0.2434	0	-0.0946	1	0.4257
尖靴	1	0	-0.2434	0	-0.0946	1	0.4257
窄	1	0	-0.2434	0	-0.0946	1	0.4257
砖	1	0	-0.2434	0	-0.0946	1	0.4257
偏会	1	0	-0.2434	0	-0.0946	1	0.4257
卧鱼	1	0	-0.2434	0	-0.0946	1	0.4257
跘	1	0	-0.2434	0	-0.0946	1	0.4257
平腰	1	0	-0.2434	0	-0.0946	1	0.4257
折	1	0	-0.2434	0	-0.0946	1	0.4257
膝	1	0	-0.2434	0	-0.0946	1	0.4257
蹲	1	0	-0.2434	0	-0.0946	1	0.4257
扭顶	1	0	-0.2434	0	-0.0946	1	0.4257
翘	1	0	-0.2434	0	-0.0946	1	0.4257
扳凳	1	0	-0.2434	0	-0.0946	1	0.4257
喧泛	1	0	-0.2434	0	-0.0946	1	0.4257
披肩	1	0	-0.2434	0	-0.0946	1	0.4257
甚脱	1	0	-0.2434	0	-0.0946	1	0.4257
洒	1	0	-0.2434	0	-0.0946	1	0.4257
绞裆任	1	0	-0.2434	0	-0.0946	1	0.4257
往来	1	0	-0.2434	0	-0.0946	1	0.4257
锁项	1	0	-0.2434	0	-0.0946	1	0.4257
摇摆	1	0	-0.2434	0	-0.0946	1	0.4257
黄河水	1	0	-0.2434	0	-0.0946	1	0.4257
倒流	1	0	-0.2434	0	-0.0946	1	0.4257
金鱼	1	0	-0.2434	0	-0.0946	1	0.4257
滩	1	0	-0.2434	0	-0.0946	1	0.4257
错认	1	0	-0.2434	0	-0.0946	1	0.4257
头儿	1	0	-0.2434	0	-0.0946	1	0.4257
打拐	1	0	-0.2434	0	-0.0946	1	0.4257
端然	1	0	-0.2434	0	-0.0946	1	0.4257
臁	1	0	-0.2434	0	-0.0946	1	0.4257
周正	1	0	-0.2434	0	-0.0946	1	0.4257
尖来	1	0	-0.2434	0	-0.0946	1	0.4257
草鞋	1	0	-0.2434	0	-0.0946	1	0.4257
倒插	1	0	-0.2434	0	-0.0946	1	0.4257
泛肩妆	1	0	-0.2434	0	-0.0946	1	0.4257
一歹	1	0	-0.2434	0	-0.0946	1	0.4257
版篓	1	0	-0.2434	0	-0.0946	1	0.4257
夺门	1	0	-0.2434	0	-0.0946	1	0.4257
美心	1	0	-0.2434	0	-0.0946	1	0.4257
喝采	1	0	-0.2434	0	-0.0946	1	0.4257
汗流	1	0	-0.2434	0	-0.0946	1	0.4257
粉腻	1	0	-0.2434	0	-0.0946	1	0.4257
透罗裳	1	0	-0.2434	0	-0.0946	1	0.4257
兴懒情	1	0	-0.2434	0	-0.0946	1	0.4257
疏方	1	0	-0.2434	0	-0.0946	1	0.4257
叫海	1	0	-0.2434	0	-0.0946	1	0.4257
甚房	1	0	-0.2434	0	-0.0946	1	0.4257
廊	1	0	-0.2434	0	-0.0946	1	0.4257
云烟	1	0	-0.2434	0	-0.0946	1	0.4257
通海	1	0	-0.2434	0	-0.0946	1	0.4257
岳	1	0	-0.2434	0	-0.0946	1	0.4257
门近	1	0	-0.2434	0	-0.0946	1	0.4257
九曲	1	0	-0.2434	0	-0.0946	1	0.4257
九湾	1	0	-0.2434	0	-0.0946	1	0.4257
流水	1	0	-0.2434	0	-0.0946	1	0.4257
顾	1	0	-0.2434	0	-0.0946	1	0.4257
园	1	0	-0.2434	0	-0.0946	1	0.4257
栽	1	0	-0.2434	0	-0.0946	1	0.4257
桃李	1	0	-0.2434	0	-0.0946	1	0.4257
千株	1	0	-0.2434	0	-0.0946	1	0.4257
千颗	1	0	-0.2434	0	-0.0946	1	0.4257
秾	1	0	-0.2434	0	-0.0946	1	0.4257
华	1	0	-0.2434	0	-0.0946	1	0.4257
藤	1	0	-0.2434	0	-0.0946	1	0.4257
薜	1	0	-0.2434	0	-0.0946	1	0.4257
悬	1	0	-0.2434	0	-0.0946	1	0.4257
三五	1	0	-0.2434	0	-0.0946	1	0.4257
树	1	0	-0.2434	0	-0.0946	1	0.4257
芝兰	1	0	-0.2434	0	-0.0946	1	0.4257
香散	1	0	-0.2434	0	-0.0946	1	0.4257
远观	1	0	-0.2434	0	-0.0946	1	0.4257
欺蓬岛	1	0	-0.2434	0	-0.0946	1	0.4257
近睹	1	0	-0.2434	0	-0.0946	1	0.4257
山林	1	0	-0.2434	0	-0.0946	1	0.4257
压太华	1	0	-0.2434	0	-0.0946	1	0.4257
妖仙	1	0	-0.2434	0	-0.0946	1	0.4257
寻隐处	1	0	-0.2434	0	-0.0946	1	0.4257
邻舍	1	0	-0.2434	0	-0.0946	1	0.4257
独	1	0	-0.2434	0	-0.0946	1	0.4257
成家	1	0	-0.2434	0	-0.0946	1	0.4257
石头	1	0	-0.2434	0	-0.0946	1	0.4257
推开	1	0	-0.2434	0	-0.0946	1	0.4257
铺设	1	0	-0.2434	0	-0.0946	1	0.4257
石桌	1	0	-0.2434	0	-0.0946	1	0.4257
冷气	1	0	-0.2434	0	-0.0946	1	0.4257
阴阴	1	0	-0.2434	0	-0.0946	1	0.4257
心惊	1	0	-0.2434	0	-0.0946	1	0.4257
思忖	1	0	-0.2434	0	-0.0946	1	0.4257
吉多	1	0	-0.2434	0	-0.0946	1	0.4257
凶	1	0	-0.2434	0	-0.0946	1	0.4257
断然	1	0	-0.2434	0	-0.0946	1	0.4257
不善	1	0	-0.2434	0	-0.0946	1	0.4257
没奈何	1	0	-0.2434	0	-0.0946	1	0.4257
打个	1	0	-0.2434	0	-0.0946	1	0.4257
冷禁	1	0	-0.2434	0	-0.0946	1	0.4257
何宝山	1	0	-0.2434	0	-0.0946	1	0.4257
化	1	0	-0.2434	0	-0.0946	1	0.4257
缘	1	0	-0.2434	0	-0.0946	1	0.4257
修桥补路	1	0	-0.2434	0	-0.0946	1	0.4257
建寺	1	0	-0.2434	0	-0.0946	1	0.4257
礼塔	1	0	-0.2434	0	-0.0946	1	0.4257
造佛	1	0	-0.2434	0	-0.0946	1	0.4257
印经	1	0	-0.2434	0	-0.0946	1	0.4257
缘簿	1	0	-0.2434	0	-0.0946	1	0.4257
何干	1	0	-0.2434	0	-0.0946	1	0.4257
求经者	1	0	-0.2434	0	-0.0946	1	0.4257
适过	1	0	-0.2434	0	-0.0946	1	0.4257
腹间	1	0	-0.2434	0	-0.0946	1	0.4257
饥馁	1	0	-0.2434	0	-0.0946	1	0.4257
特造	1	0	-0.2434	0	-0.0946	1	0.4257
募化	1	0	-0.2434	0	-0.0946	1	0.4257
一斋	1	0	-0.2434	0	-0.0946	1	0.4257
就行	1	0	-0.2434	0	-0.0946	1	0.4257
经	1	0	-0.2434	0	-0.0946	1	0.4257
妹妹	1	0	-0.2434	0	-0.0946	1	0.4257
快办	1	0	-0.2434	0	-0.0946	1	0.4257
言来语去	1	0	-0.2434	0	-0.0946	1	0.4257
论说	1	0	-0.2434	0	-0.0946	1	0.4257
因缘	1	0	-0.2434	0	-0.0946	1	0.4257
厨中	1	0	-0.2434	0	-0.0946	1	0.4257
撩	1	0	-0.2434	0	-0.0946	1	0.4257
衣敛	1	0	-0.2434	0	-0.0946	1	0.4257
袖	1	0	-0.2434	0	-0.0946	1	0.4257
炊火	1	0	-0.2434	0	-0.0946	1	0.4257
刷锅	1	0	-0.2434	0	-0.0946	1	0.4257
肉包子	1	0	-0.2434	0	-0.0946	1	0.4257
油炒	1	0	-0.2434	0	-0.0946	1	0.4257
炼	1	0	-0.2434	0	-0.0946	1	0.4257
人肉	1	0	-0.2434	0	-0.0946	1	0.4257
丰盛	1	0	-0.2434	0	-0.0946	1	0.4257
诚心	1	0	-0.2434	0	-0.0946	1	0.4257
食	1	0	-0.2434	0	-0.0946	1	0.4257
吃荤	1	0	-0.2434	0	-0.0946	1	0.4257
素饭	1	0	-0.2434	0	-0.0946	1	0.4257
几盘	1	0	-0.2434	0	-0.0946	1	0.4257
豆腐	1	0	-0.2434	0	-0.0946	1	0.4257
筷子	1	0	-0.2434	0	-0.0946	1	0.4257
夹	1	0	-0.2434	0	-0.0946	1	0.4257
腥气	1	0	-0.2434	0	-0.0946	1	0.4257
领受	1	0	-0.2434	0	-0.0946	1	0.4257
晓事	1	0	-0.2434	0	-0.0946	1	0.4257
吃斋	1	0	-0.2434	0	-0.0946	1	0.4257
看不起	1	0	-0.2434	0	-0.0946	1	0.4257
动手	1	0	-0.2434	0	-0.0946	1	0.4257
唐僧拿	1	0	-0.2434	0	-0.0946	1	0.4257
细皮嫩肉	1	0	-0.2434	0	-0.0946	1	0.4257
设	1	0	-0.2434	0	-0.0946	1	0.4257
不耐烦	1	0	-0.2434	0	-0.0946	1	0.4257
半日	1	0	-0.2434	0	-0.0946	1	0.4257
胡思乱想	1	0	-0.2434	0	-0.0946	1	0.4257
吉人自有天相	1	0	-0.2434	0	-0.0946	1	0.4257
庄门	1	0	-0.2434	0	-0.0946	1	0.4257
谈笑	1	0	-0.2434	0	-0.0946	1	0.4257
往濯垢泉	1	0	-0.2434	0	-0.0946	1	0.4257
所在	1	0	-0.2434	0	-0.0946	1	0.4257
草梢	1	0	-0.2434	0	-0.0946	1	0.4257
等待	1	0	-0.2434	0	-0.0946	1	0.4257
行过	1	0	-0.2434	0	-0.0946	1	0.4257
那泉	1	0	-0.2434	0	-0.0946	1	0.4257
好泉	1	0	-0.2434	0	-0.0946	1	0.4257
合水	1	0	-0.2434	0	-0.0946	1	0.4257
半合烟	1	0	-0.2434	0	-0.0946	1	0.4257
热	1	0	-0.2434	0	-0.0946	1	0.4257
温泉	1	0	-0.2434	0	-0.0946	1	0.4257
香泉	1	0	-0.2434	0	-0.0946	1	0.4257
甜泉	1	0	-0.2434	0	-0.0946	1	0.4257
咸泉	1	0	-0.2434	0	-0.0946	1	0.4257
半合酸泉	1	0	-0.2434	0	-0.0946	1	0.4257
泉半合	1	0	-0.2434	0	-0.0946	1	0.4257
浊泉	1	0	-0.2434	0	-0.0946	1	0.4257
臭泉	1	0	-0.2434	0	-0.0946	1	0.4257
苦泉	1	0	-0.2434	0	-0.0946	1	0.4257
淡泉	1	0	-0.2434	0	-0.0946	1	0.4257
半合辣泉	1	0	-0.2434	0	-0.0946	1	0.4257
滑泉	1	0	-0.2434	0	-0.0946	1	0.4257
衣服	1	0	-0.2434	0	-0.0946	1	0.4257
洗起	1	0	-0.2434	0	-0.0946	1	0.4257
澡来	1	0	-0.2434	0	-0.0946	1	0.4257
暗想	1	0	-0.2434	0	-0.0946	1	0.4257
可知	1	0	-0.2434	0	-0.0946	1	0.4257
热闹	1	0	-0.2434	0	-0.0946	1	0.4257
怎不早	1	0	-0.2434	0	-0.0946	1	0.4257
你且	1	0	-0.2434	0	-0.0946	1	0.4257
戏耍	1	0	-0.2434	0	-0.0946	1	0.4257
下水	1	0	-0.2434	0	-0.0946	1	0.4257
亲近	1	0	-0.2434	0	-0.0946	1	0.4257
腿	1	0	-0.2434	0	-0.0946	1	0.4257
裆	1	0	-0.2434	0	-0.0946	1	0.4257
钻来	1	0	-0.2434	0	-0.0946	1	0.4257
断根	1	0	-0.2434	0	-0.0946	1	0.4257
有眼无珠	1	0	-0.2434	0	-0.0946	1	0.4257
加刑	1	0	-0.2434	0	-0.0946	1	0.4257
求	1	0	-0.2434	0	-0.0946	1	0.4257
您	1	0	-0.2434	0	-0.0946	1	0.4257
贴些	1	0	-0.2434	0	-0.0946	1	0.4257
盘费	1	0	-0.2434	0	-0.0946	1	0.4257
摇头	1	0	-0.2434	0	-0.0946	1	0.4257
别说	1	0	-0.2434	0	-0.0946	1	0.4257
曾经	1	0	-0.2434	0	-0.0946	1	0.4257
糖	1	0	-0.2434	0	-0.0946	1	0.4257
君子	1	0	-0.2434	0	-0.0946	1	0.4257
哄骗	1	0	-0.2434	0	-0.0946	1	0.4257
相信	1	0	-0.2434	0	-0.0946	1	0.4257
甜言蜜语	1	0	-0.2434	0	-0.0946	1	0.4257
一味	1	0	-0.2434	0	-0.0946	1	0.4257
粗暴	1	0	-0.2434	0	-0.0946	1	0.4257
根本	1	0	-0.2434	0	-0.0946	1	0.4257
怜香惜玉	1	0	-0.2434	0	-0.0946	1	0.4257
举着	1	0	-0.2434	0	-0.0946	1	0.4257
好坏	1	0	-0.2434	0	-0.0946	1	0.4257
冲上	1	0	-0.2434	0	-0.0946	1	0.4257
顾得	1	0	-0.2434	0	-0.0946	1	0.4257
羞耻	1	0	-0.2434	0	-0.0946	1	0.4257
要紧	1	0	-0.2434	0	-0.0946	1	0.4257
用手	1	0	-0.2434	0	-0.0946	1	0.4257
羞处	1	0	-0.2434	0	-0.0946	1	0.4257
水面	1	0	-0.2434	0	-0.0946	1	0.4257
施法	1	0	-0.2434	0	-0.0946	1	0.4257
脐孔	1	0	-0.2434	0	-0.0946	1	0.4257
冒	1	0	-0.2434	0	-0.0946	1	0.4257
搭	1	0	-0.2434	0	-0.0946	1	0.4257
大丝篷	1	0	-0.2434	0	-0.0946	1	0.4257
罩	1	0	-0.2434	0	-0.0946	1	0.4257
不见天日	1	0	-0.2434	0	-0.0946	1	0.4257
无法	1	0	-0.2434	0	-0.0946	1	0.4257
抬起	1	0	-0.2434	0	-0.0946	1	0.4257
绊脚	1	0	-0.2434	0	-0.0946	1	0.4257
索	1	0	-0.2434	0	-0.0946	1	0.4257
满地	1	0	-0.2434	0	-0.0946	1	0.4257
往左边	1	0	-0.2434	0	-0.0946	1	0.4257
面朝	1	0	-0.2434	0	-0.0946	1	0.4257
往右边	1	0	-0.2434	0	-0.0946	1	0.4257
倒栽葱	1	0	-0.2434	0	-0.0946	1	0.4257
碰地	1	0	-0.2434	0	-0.0946	1	0.4257
竖蜻蜓	1	0	-0.2434	0	-0.0946	1	0.4257
跌得身	1	0	-0.2434	0	-0.0946	1	0.4257
麻脚软	1	0	-0.2434	0	-0.0946	1	0.4257
爬不动	1	0	-0.2434	0	-0.0946	1	0.4257
只能	1	0	-0.2434	0	-0.0946	1	0.4257
困住	1	0	-0.2434	0	-0.0946	1	0.4257
不伤	1	0	-0.2434	0	-0.0946	1	0.4257
门去	1	0	-0.2434	0	-0.0946	1	0.4257
天光	1	0	-0.2434	0	-0.0946	1	0.4257
本洞	1	0	-0.2434	0	-0.0946	1	0.4257
念动	1	0	-0.2434	0	-0.0946	1	0.4257
真言	1	0	-0.2434	0	-0.0946	1	0.4257
跑入	1	0	-0.2434	0	-0.0946	1	0.4257
嘲笑	1	0	-0.2434	0	-0.0946	1	0.4257
笑嘻嘻	1	0	-0.2434	0	-0.0946	1	0.4257
石房	1	0	-0.2434	0	-0.0946	1	0.4257
旧衣服	1	0	-0.2434	0	-0.0946	1	0.4257
径直	1	0	-0.2434	0	-0.0946	1	0.4257
每个	1	0	-0.2434	0	-0.0946	1	0.4257
亲生	1	0	-0.2434	0	-0.0946	1	0.4257
结拜	1	0	-0.2434	0	-0.0946	1	0.4257
干儿子	1	0	-0.2434	0	-0.0946	1	0.4257
叫蜜	1	0	-0.2434	0	-0.0946	1	0.4257
蜡	1	0	-0.2434	0	-0.0946	1	0.4257
蜻	1	0	-0.2434	0	-0.0946	1	0.4257
蜜是	1	0	-0.2434	0	-0.0946	1	0.4257
蚂是	1	0	-0.2434	0	-0.0946	1	0.4257
蚂蚁	1	0	-0.2434	0	-0.0946	1	0.4257
蟾蜍	1	0	-0.2434	0	-0.0946	1	0.4257
毛	1	0	-0.2434	0	-0.0946	1	0.4257
蜡是	1	0	-0.2434	0	-0.0946	1	0.4257
蜡虫	1	0	-0.2434	0	-0.0946	1	0.4257
蜻是	1	0	-0.2434	0	-0.0946	1	0.4257
天上	1	0	-0.2434	0	-0.0946	1	0.4257
结网	1	0	-0.2434	0	-0.0946	1	0.4257
抓住	1	0	-0.2434	0	-0.0946	1	0.4257
七种	1	0	-0.2434	0	-0.0946	1	0.4257
吃掉	1	0	-0.2434	0	-0.0946	1	0.4257
古话	1	0	-0.2434	0	-0.0946	1	0.4257
禽有	1	0	-0.2434	0	-0.0946	1	0.4257
禽言	1	0	-0.2434	0	-0.0946	1	0.4257
兽	1	0	-0.2434	0	-0.0946	1	0.4257
兽语	1	0	-0.2434	0	-0.0946	1	0.4257
当时	1	0	-0.2434	0	-0.0946	1	0.4257
哀求	1	0	-0.2434	0	-0.0946	1	0.4257
饶命	1	0	-0.2434	0	-0.0946	1	0.4257
母	1	0	-0.2434	0	-0.0946	1	0.4257
春天	1	0	-0.2434	0	-0.0946	1	0.4257
百花	1	0	-0.2434	0	-0.0946	1	0.4257
供奉	1	0	-0.2434	0	-0.0946	1	0.4257
夏天	1	0	-0.2434	0	-0.0946	1	0.4257
各种	1	0	-0.2434	0	-0.0946	1	0.4257
花草	1	0	-0.2434	0	-0.0946	1	0.4257
孝敬	1	0	-0.2434	0	-0.0946	1	0.4257
听到	1	0	-0.2434	0	-0.0946	1	0.4257
早上	1	0	-0.2434	0	-0.0946	1	0.4257
拦在	1	0	-0.2434	0	-0.0946	1	0.4257
池里	1	0	-0.2434	0	-0.0946	1	0.4257
丧	1	0	-0.2434	0	-0.0946	1	0.4257
摔得	1	0	-0.2434	0	-0.0946	1	0.4257
丝索	1	0	-0.2434	0	-0.0946	1	0.4257
慢慢	1	0	-0.2434	0	-0.0946	1	0.4257
爬起来	1	0	-0.2434	0	-0.0946	1	0.4257
忍着	1	0	-0.2434	0	-0.0946	1	0.4257
脸青	1	0	-0.2434	0	-0.0946	1	0.4257
么	1	0	-0.2434	0	-0.0946	1	0.4257
家伙	1	0	-0.2434	0	-0.0946	1	0.4257
腰	1	0	-0.2434	0	-0.0946	1	0.4257
快断	1	0	-0.2434	0	-0.0946	1	0.4257
寸步难移	1	0	-0.2434	0	-0.0946	1	0.4257
索子	1	0	-0.2434	0	-0.0946	1	0.4257
空	1	0	-0.2434	0	-0.0946	1	0.4257
得以	1	0	-0.2434	0	-0.0946	1	0.4257
逃命	1	0	-0.2434	0	-0.0946	1	0.4257
祸	1	0	-0.2434	0	-0.0946	1	0.4257
怪物	1	0	-0.2434	0	-0.0946	1	0.4257
往洞	1	0	-0.2434	0	-0.0946	1	0.4257
伤害	1	0	-0.2434	0	-0.0946	1	0.4257
急急	1	0	-0.2434	0	-0.0946	1	0.4257
看到	1	0	-0.2434	0	-0.0946	1	0.4257
挡住	1	0	-0.2434	0	-0.0946	1	0.4257
可笑	1	0	-0.2434	0	-0.0946	1	0.4257
一些	1	0	-0.2434	0	-0.0946	1	0.4257
小家伙	1	0	-0.2434	0	-0.0946	1	0.4257
身高	1	0	-0.2434	0	-0.0946	1	0.4257
两尺	1	0	-0.2434	0	-0.0946	1	0.4257
五六寸	1	0	-0.2434	0	-0.0946	1	0.4257
三尺	1	0	-0.2434	0	-0.0946	1	0.4257
八九斤	1	0	-0.2434	0	-0.0946	1	0.4257
十斤	1	0	-0.2434	0	-0.0946	1	0.4257
大声	1	0	-0.2434	0	-0.0946	1	0.4257
仙姑	1	0	-0.2434	0	-0.0946	1	0.4257
儿子	1	0	-0.2434	0	-0.0946	1	0.4257
无知	1	0	-0.2434	0	-0.0946	1	0.4257
小妖怪	1	0	-0.2434	0	-0.0946	1	0.4257
开始	1	0	-0.2434	0	-0.0946	1	0.4257
挥手	1	0	-0.2434	0	-0.0946	1	0.4257
舞脚	1	0	-0.2434	0	-0.0946	1	0.4257
乱打	1	0	-0.2434	0	-0.0946	1	0.4257
原本	1	0	-0.2434	0	-0.0946	1	0.4257
摔倒	1	0	-0.2434	0	-0.0946	1	0.4257
小虫子	1	0	-0.2434	0	-0.0946	1	0.4257
心里	1	0	-0.2434	0	-0.0946	1	0.4257
反击	1	0	-0.2434	0	-0.0946	1	0.4257
凶猛	1	0	-0.2434	0	-0.0946	1	0.4257
显出	1	0	-0.2434	0	-0.0946	1	0.4257
本来面目	1	0	-0.2434	0	-0.0946	1	0.4257
万个	1	0	-0.2434	0	-0.0946	1	0.4257
变得	1	0	-0.2434	0	-0.0946	1	0.4257
无穷无尽	1	0	-0.2434	0	-0.0946	1	0.4257
天空	1	0	-0.2434	0	-0.0946	1	0.4257
中飞满	1	0	-0.2434	0	-0.0946	1	0.4257
舞动着	1	0	-0.2434	0	-0.0946	1	0.4257
蜜	1	0	-0.2434	0	-0.0946	1	0.4257
蜂	1	0	-0.2434	0	-0.0946	1	0.4257
班毛	1	0	-0.2434	0	-0.0946	1	0.4257
前后	1	0	-0.2434	0	-0.0946	1	0.4257
咬	1	0	-0.2434	0	-0.0946	1	0.4257
扑面而来	1	0	-0.2434	0	-0.0946	1	0.4257
黑压压	1	0	-0.2434	0	-0.0946	1	0.4257
神鬼	1	0	-0.2434	0	-0.0946	1	0.4257
惊慌失措	1	0	-0.2434	0	-0.0946	1	0.4257
好取	1	0	-0.2434	0	-0.0946	1	0.4257
别怕	1	0	-0.2434	0	-0.0946	1	0.4257
脸上	1	0	-0.2434	0	-0.0946	1	0.4257
浑身上下	1	0	-0.2434	0	-0.0946	1	0.4257
十几层	1	0	-0.2434	0	-0.0946	1	0.4257
厚	1	0	-0.2434	0	-0.0946	1	0.4257
忍耐	1	0	-0.2434	0	-0.0946	1	0.4257
径至东	1	0	-0.2434	0	-0.0946	1	0.4257
至毒	1	0	-0.2434	0	-0.0946	1	0.4257
敌山	1	0	-0.2434	0	-0.0946	1	0.4257
净	1	0	-0.2434	0	-0.0946	1	0.4257
踏遍	1	0	-0.2434	0	-0.0946	1	0.4257
青山绿水	1	0	-0.2434	0	-0.0946	1	0.4257
光阴	1	0	-0.2434	0	-0.0946	1	0.4257
值九秋	1	0	-0.2434	0	-0.0946	1	0.4257
天晚	1	0	-0.2434	0	-0.0946	1	0.4257
天色	1	0	-0.2434	0	-0.0946	1	0.4257
晚	1	0	-0.2434	0	-0.0946	1	0.4257
餐风宿水	1	0	-0.2434	0	-0.0946	1	0.4257
卧月眠	1	0	-0.2434	0	-0.0946	1	0.4257
霜	1	0	-0.2434	0	-0.0946	1	0.4257
随处	1	0	-0.2434	0	-0.0946	1	0.4257
轻巧	1	0	-0.2434	0	-0.0946	1	0.4257
自过	1	0	-0.2434	0	-0.0946	1	0.4257
爬山	1	0	-0.2434	0	-0.0946	1	0.4257
过岭	1	0	-0.2434	0	-0.0946	1	0.4257
由	1	0	-0.2434	0	-0.0946	1	0.4257
重担	1	0	-0.2434	0	-0.0946	1	0.4257
多难	1	0	-0.2434	0	-0.0946	1	0.4257
呵	1	0	-0.2434	0	-0.0946	1	0.4257
赶快	1	0	-0.2434	0	-0.0946	1	0.4257
一则	1	0	-0.2434	0	-0.0946	1	0.4257
弄些	1	0	-0.2434	0	-0.0946	1	0.4257
二则	1	0	-0.2434	0	-0.0946	1	0.4257
养养	1	0	-0.2434	0	-0.0946	1	0.4257
精神	1	0	-0.2434	0	-0.0946	1	0.4257
报怨	1	0	-0.2434	0	-0.0946	1	0.4257
想象	1	0	-0.2434	0	-0.0946	1	0.4257
那样	1	0	-0.2434	0	-0.0946	1	0.4257
吃辛	1	0	-0.2434	0	-0.0946	1	0.4257
担着	1	0	-0.2434	0	-0.0946	1	0.4257
偏偏	1	0	-0.2434	0	-0.0946	1	0.4257
长工	1	0	-0.2434	0	-0.0946	1	0.4257
好歹	1	0	-0.2434	0	-0.0946	1	0.4257
专管	1	0	-0.2434	0	-0.0946	1	0.4257
骑	1	0	-0.2434	0	-0.0946	1	0.4257
那么	1	0	-0.2434	0	-0.0946	1	0.4257
强壮	1	0	-0.2434	0	-0.0946	1	0.4257
老和尚	1	0	-0.2434	0	-0.0946	1	0.4257
海龙王	1	0	-0.2434	0	-0.0946	1	0.4257
教闰	1	0	-0.2434	0	-0.0946	1	0.4257
之子	1	0	-0.2434	0	-0.0946	1	0.4257
龙马	1	0	-0.2434	0	-0.0946	1	0.4257
三太子	1	0	-0.2434	0	-0.0946	1	0.4257
纵火烧	1	0	-0.2434	0	-0.0946	1	0.4257
身犯	1	0	-0.2434	0	-0.0946	1	0.4257
天条	1	0	-0.2434	0	-0.0946	1	0.4257
多亏	1	0	-0.2434	0	-0.0946	1	0.4257
各人	1	0	-0.2434	0	-0.0946	1	0.4257
命运	1	0	-0.2434	0	-0.0946	1	0.4257
攀比	1	0	-0.2434	0	-0.0946	1	0.4257
听说	1	0	-0.2434	0	-0.0946	1	0.4257
龙能	1	0	-0.2434	0	-0.0946	1	0.4257
喷云吐雾	1	0	-0.2434	0	-0.0946	1	0.4257
播土	1	0	-0.2434	0	-0.0946	1	0.4257
扬沙	1	0	-0.2434	0	-0.0946	1	0.4257
慢慢儿	1	0	-0.2434	0	-0.0946	1	0.4257
一举	1	0	-0.2434	0	-0.0946	1	0.4257
四只	1	0	-0.2434	0	-0.0946	1	0.4257
蹄疾如	1	0	-0.2434	0	-0.0946	1	0.4257
飞电	1	0	-0.2434	0	-0.0946	1	0.4257
手软	1	0	-0.2434	0	-0.0946	1	0.4257
勒	1	0	-0.2434	0	-0.0946	1	0.4257
直奔	1	0	-0.2434	0	-0.0946	1	0.4257
上山	1	0	-0.2434	0	-0.0946	1	0.4257
刚定	1	0	-0.2434	0	-0.0946	1	0.4257
不凡	1	0	-0.2434	0	-0.0946	1	0.4257
几重	1	0	-0.2434	0	-0.0946	1	0.4257
画栋	1	0	-0.2434	0	-0.0946	1	0.4257
青云	1	0	-0.2434	0	-0.0946	1	0.4257
数点	1	0	-0.2434	0	-0.0946	1	0.4257
寒鸦	1	0	-0.2434	0	-0.0946	1	0.4257
投远	1	0	-0.2434	0	-0.0946	1	0.4257
岫	1	0	-0.2434	0	-0.0946	1	0.4257
丝丝	1	0	-0.2434	0	-0.0946	1	0.4257
绿线	1	0	-0.2434	0	-0.0946	1	0.4257
拂	1	0	-0.2434	0	-0.0946	1	0.4257
雕鞍	1	0	-0.2434	0	-0.0946	1	0.4257
院后	1	0	-0.2434	0	-0.0946	1	0.4257
青竿	1	0	-0.2434	0	-0.0946	1	0.4257
摇翠影	1	0	-0.2434	0	-0.0946	1	0.4257
有座	1	0	-0.2434	0	-0.0946	1	0.4257
借	1	0	-0.2434	0	-0.0946	1	0.4257
宿一宵	1	0	-0.2434	0	-0.0946	1	0.4257
人影	1	0	-0.2434	0	-0.0946	1	0.4257
华丽	1	0	-0.2434	0	-0.0946	1	0.4257
人烟	1	0	-0.2434	0	-0.0946	1	0.4257
恐有	1	0	-0.2434	0	-0.0946	1	0.4257
孙先	1	0	-0.2434	0	-0.0946	1	0.4257
多疑	1	0	-0.2434	0	-0.0946	1	0.4257
饥	1	0	-0.2434	0	-0.0946	1	0.4257
疑心	1	0	-0.2434	0	-0.0946	1	0.4257
一路行	1	0	-0.2434	0	-0.0946	1	0.4257
未曾	1	0	-0.2434	0	-0.0946	1	0.4257
遇着	1	0	-0.2434	0	-0.0946	1	0.4257
便同	1	0	-0.2434	0	-0.0946	1	0.4257
胡乱	1	0	-0.2434	0	-0.0946	1	0.4257
门开	1	0	-0.2434	0	-0.0946	1	0.4257
四旬	1	0	-0.2434	0	-0.0946	1	0.4257
丰盈	1	0	-0.2434	0	-0.0946	1	0.4257
面容	1	0	-0.2434	0	-0.0946	1	0.4257
织锦	1	0	-0.2434	0	-0.0946	1	0.4257
袄	1	0	-0.2434	0	-0.0946	1	0.4257
几朵	1	0	-0.2434	0	-0.0946	1	0.4257
时新花	1	0	-0.2434	0	-0.0946	1	0.4257
眉开眼笑	1	0	-0.2434	0	-0.0946	1	0.4257
无限	1	0	-0.2434	0	-0.0946	1	0.4257
春情	1	0	-0.2434	0	-0.0946	1	0.4257
语软声	1	0	-0.2434	0	-0.0946	1	0.4257
柔	1	0	-0.2434	0	-0.0946	1	0.4257
半点	1	0	-0.2434	0	-0.0946	1	0.4257
俗气	1	0	-0.2434	0	-0.0946	1	0.4257
何来	1	0	-0.2434	0	-0.0946	1	0.4257
夤夜	1	0	-0.2434	0	-0.0946	1	0.4257
差往	1	0	-0.2434	0	-0.0946	1	0.4257
告借	1	0	-0.2434	0	-0.0946	1	0.4257
满脸堆笑	1	0	-0.2434	0	-0.0946	1	0.4257
亭台楼阁	1	0	-0.2434	0	-0.0946	1	0.4257
曲径	1	0	-0.2434	0	-0.0946	1	0.4257
唤出	1	0	-0.2434	0	-0.0946	1	0.4257
这是	1	0	-0.2434	0	-0.0946	1	0.4257
小女	1	0	-0.2434	0	-0.0946	1	0.4257
快来	1	0	-0.2434	0	-0.0946	1	0.4257
二八	1	0	-0.2434	0	-0.0946	1	0.4257
二五	1	0	-0.2434	0	-0.0946	1	0.4257
如莲萼	1	0	-0.2434	0	-0.0946	1	0.4257
唇似	1	0	-0.2434	0	-0.0946	1	0.4257
樱桃	1	0	-0.2434	0	-0.0946	1	0.4257
杨柳	1	0	-0.2434	0	-0.0946	1	0.4257
海棠	1	0	-0.2434	0	-0.0946	1	0.4257
二四	1	0	-0.2434	0	-0.0946	1	0.4257
粉面	1	0	-0.2434	0	-0.0946	1	0.4257
丹唇	1	0	-0.2434	0	-0.0946	1	0.4257
未启	1	0	-0.2434	0	-0.0946	1	0.4257
娇姿	1	0	-0.2434	0	-0.0946	1	0.4257
弱质	1	0	-0.2434	0	-0.0946	1	0.4257
娉婷	1	0	-0.2434	0	-0.0946	1	0.4257
一双	1	0	-0.2434	0	-0.0946	1	0.4257
贼眼	1	0	-0.2434	0	-0.0946	1	0.4257
骨碌碌	1	0	-0.2434	0	-0.0946	1	0.4257
乱转	1	0	-0.2434	0	-0.0946	1	0.4257
大运	1	0	-0.2434	0	-0.0946	1	0.4257
丈夫	1	0	-0.2434	0	-0.0946	1	0.4257
姓	1	0	-0.2434	0	-0.0946	1	0.4257
贾	1	0	-0.2434	0	-0.0946	1	0.4257
早年	1	0	-0.2434	0	-0.0946	1	0.4257
亡故	1	0	-0.2434	0	-0.0946	1	0.4257
守	1	0	-0.2434	0	-0.0946	1	0.4257
万贯家财	1	0	-0.2434	0	-0.0946	1	0.4257
承继	1	0	-0.2434	0	-0.0946	1	0.4257
得遇	1	0	-0.2434	0	-0.0946	1	0.4257
实乃	1	0	-0.2434	0	-0.0946	1	0.4257
天缘	1	0	-0.2434	0	-0.0946	1	0.4257
此言	1	0	-0.2434	0	-0.0946	1	0.4257
百年	1	0	-0.2434	0	-0.0946	1	0.4257
何苦	1	0	-0.2434	0	-0.0946	1	0.4257
苦楚	1	0	-0.2434	0	-0.0946	1	0.4257
享	1	0	-0.2434	0	-0.0946	1	0.4257
荣华富贵	1	0	-0.2434	0	-0.0946	1	0.4257
好意	1	0	-0.2434	0	-0.0946	1	0.4257
宏愿	1	0	-0.2434	0	-0.0946	1	0.4257
此志	1	0	-0.2434	0	-0.0946	1	0.4257
渝	1	0	-0.2434	0	-0.0946	1	0.4257
及笄	1	0	-0.2434	0	-0.0946	1	0.4257
可有	1	0	-0.2434	0	-0.0946	1	0.4257
衣角	1	0	-0.2434	0	-0.0946	1	0.4257
老人家	1	0	-0.2434	0	-0.0946	1	0.4257
无此	1	0	-0.2434	0	-0.0946	1	0.4257
又动	1	0	-0.2434	0	-0.0946	1	0.4257
天生	1	0	-0.2434	0	-0.0946	1	0.4257
石猴	1	0	-0.2434	0	-0.0946	1	0.4257
无妻	1	0	-0.2434	0	-0.0946	1	0.4257
知保	1	0	-0.2434	0	-0.0946	1	0.4257
其余	1	0	-0.2434	0	-0.0946	1	0.4257
一概不知	1	0	-0.2434	0	-0.0946	1	0.4257
蒙	1	0	-0.2434	0	-0.0946	1	0.4257
劝化	1	0	-0.2434	0	-0.0946	1	0.4257
皈依	1	0	-0.2434	0	-0.0946	1	0.4257
将功折罪	1	0	-0.2434	0	-0.0946	1	0.4257
支支吾吾	1	0	-0.2434	0	-0.0946	1	0.4257
许配	1	0	-0.2434	0	-0.0946	1	0.4257
一宵	1	0	-0.2434	0	-0.0946	1	0.4257
客房	1	0	-0.2434	0	-0.0946	1	0.4257
已毕	1	0	-0.2434	0	-0.0946	1	0.4257
深	1	0	-0.2434	0	-0.0946	1	0.4257
安歇吧	1	0	-0.2434	0	-0.0946	1	0.4257
领着	1	0	-0.2434	0	-0.0946	1	0.4257
翻来覆去	1	0	-0.2434	0	-0.0946	1	0.4257
睡不着	1	0	-0.2434	0	-0.0946	1	0.4257
房前	1	0	-0.2434	0	-0.0946	1	0.4257
黎山	1	0	-0.2434	0	-0.0946	1	0.4257
老母	1	0	-0.2434	0	-0.0946	1	0.4257
观音	1	0	-0.2434	0	-0.0946	1	0.4257
文殊	1	0	-0.2434	0	-0.0946	1	0.4257
普贤	1	0	-0.2434	0	-0.0946	1	0.4257
醒来	1	0	-0.2434	0	-0.0946	1	0.4257
不见踪影	1	0	-0.2434	0	-0.0946	1	0.4257
被绑	1	0	-0.2434	0	-0.0946	1	0.4257
一棵树	1	0	-0.2434	0	-0.0946	1	0.4257
哈哈大笑	1	0	-0.2434	0	-0.0946	1	0.4257
捆得	1	0	-0.2434	0	-0.0946	1	0.4257
磕头	1	0	-0.2434	0	-0.0946	1	0.4257
从今以后	1	0	-0.2434	0	-0.0946	1	0.4257
已动	1	0	-0.2434	0	-0.0946	1	0.4257
遭魔难	1	0	-0.2434	0	-0.0946	1	0.4257
难逃	1	0	-0.2434	0	-0.0946	1	0.4257
祸胎	1	0	-0.2434	0	-0.0946	1	0.4257
